MedInc,HouseAge,AveRooms,AveBedrms,Population,AveOccup,Latitude,Longitude,MedHouseVal
3.12,52.0,4.797527047913447,1.061823802163833,1157.0,1.7882534775888717,37.84,-122.25,2.414
2.0804,42.0,4.294117647058823,1.1176470588235294,1206.0,2.026890756302521,37.84,-122.26,2.267
3.6912,52.0,4.970588235294118,0.9901960784313726,1551.0,2.172268907563025,37.84,-122.25,2.611
3.2705,52.0,4.772479564032698,1.0245231607629428,1504.0,2.0490463215258856,37.85,-122.26,2.418
3.075,52.0,5.322649572649572,1.0128205128205128,1098.0,2.3461538461538463,37.85,-122.26,2.135
2.6736,52.0,4.0,1.0977011494252873,345.0,1.9827586206896552,37.84,-122.26,1.913
1.9167,52.0,4.262903225806451,1.0096774193548388,1212.0,1.9548387096774196,37.85,-122.26,1.592
2.125,50.0,4.242424242424242,1.071969696969697,697.0,2.640151515151515,37.85,-122.26,1.4
2.775,52.0,5.9395770392749245,1.0483383685800605,793.0,2.395770392749245,37.85,-122.27,1.525
2.1202,52.0,4.052805280528053,0.966996699669967,648.0,2.1386138613861387,37.85,-122.27,1.555
1.9911,50.0,5.343675417661098,1.0859188544152745,990.0,2.362768496420048,37.84,-122.26,1.587
2.6033,52.0,5.465454545454546,1.0836363636363635,690.0,2.5090909090909093,37.84,-122.27,1.629
1.3578,40.0,4.524096385542169,1.108433734939759,409.0,2.463855421686747,37.85,-122.27,1.475
1.7135,42.0,4.478142076502732,1.0027322404371584,929.0,2.5382513661202184,37.85,-122.27,1.598
2.6,52.0,5.270142180094787,1.0355450236966826,1006.0,2.3838862559241707,37.84,-122.27,1.326
1.6875,52.0,4.703225806451613,1.032258064516129,395.0,2.548387096774193,37.84,-122.28,1.32
1.9274,49.0,5.068783068783069,1.1825396825396826,863.0,2.2830687830687832,37.84,-122.28,1.223
3.48,52.0,4.757281553398058,1.0679611650485437,689.0,2.229773462783172,37.83,-122.26,1.914
2.5898,52.0,3.4942528735632186,1.0272988505747127,1377.0,1.978448275862069,37.83,-122.26,1.76
2.0978,52.0,4.215189873417722,1.0607594936708862,946.0,2.39493670886076,37.83,-122.26,1.554
1.2852,51.0,3.759036144578314,1.248995983935743,517.0,2.076305220883534,37.83,-122.26,1.5
3.9643,52.0,4.797979797979798,1.02020202020202,467.0,2.3585858585858586,37.84,-122.26,1.888
3.0125,52.0,4.941780821917808,1.0650684931506849,660.0,2.26027397260274,37.83,-122.26,1.844
2.6768,52.0,4.335078534031414,1.099476439790576,718.0,1.8795811518324608,37.83,-122.26,1.823
2.026,50.0,3.700657894736842,1.0592105263157894,616.0,2.026315789473684,37.83,-122.26,1.425
1.7348,43.0,3.9802371541501977,1.233201581027668,558.0,2.205533596837945,37.82,-122.27,1.375
0.9506,40.0,3.9,1.21875,423.0,2.64375,37.82,-122.26,1.875
0.9218,21.0,2.045662100456621,1.0342465753424657,735.0,1.678082191780822,37.82,-122.27,1.719
0.9802,46.0,4.584288052373159,1.0540098199672667,1823.0,2.983633387888707,37.81,-122.29,1.292
2.483,20.0,6.2781954887218046,1.2105263157894737,290.0,2.180451127819549,37.81,-122.29,1.375
0.9241,17.0,2.8177676537585423,1.0523917995444192,762.0,1.735763097949886,37.81,-122.28,1.775
2.0114,38.0,4.412903225806452,1.135483870967742,344.0,2.2193548387096773,37.8,-122.28,1.313
1.5,17.0,3.1972318339100347,1.0,609.0,2.1072664359861597,37.81,-122.28,1.625
0.8075,52.0,2.490322580645161,1.0580645161290323,346.0,2.232258064516129,37.81,-122.28,1.375
0.76,10.0,2.6515151515151514,1.0545454545454545,546.0,1.6545454545454543,37.81,-122.27,1.625
0.9722,10.0,2.6923076923076925,1.0769230769230769,125.0,3.2051282051282053,37.8,-122.27,1.375
2.0938,16.0,2.74585635359116,1.0828729281767957,800.0,2.209944751381216,37.8,-122.27,1.625
0.8668,52.0,2.4431818181818183,0.9886363636363636,904.0,10.272727272727272,37.8,-122.28,1.375
0.75,52.0,2.823529411764706,0.9117647058823528,191.0,5.617647058823529,37.8,-122.28,1.625
2.6354,27.0,3.493377483443709,1.1490066225165565,718.0,2.377483443708609,37.79,-122.27,1.875
1.8477,39.0,3.6723768736616704,1.3340471092077089,1327.0,2.841541755888651,37.8,-122.27,1.792
2.0096,36.0,2.294016358157555,1.066293585880327,3469.0,1.493327593628928,37.8,-122.26,1.3
2.8345,31.0,3.894915254237288,1.1279661016949152,2048.0,1.735593220338983,37.82,-122.26,1.838
2.0062,29.0,3.681318681318681,1.175824175824176,202.0,2.21978021978022,37.81,-122.26,1.25
1.2185,22.0,2.9456,1.016,2024.0,1.6192,37.82,-122.26,1.7
2.6104,37.0,3.707142857142857,1.1071428571428572,1838.0,1.8755102040816327,37.82,-122.26,1.931
2.4912,29.0,3.7248,1.1312,2304.0,1.8432,37.81,-122.25,2.578
3.125,39.0,3.745614035087719,1.0614035087719298,389.0,1.706140350877193,37.81,-122.25,2.375
3.1691,52.0,4.165876777251185,1.0900473933649288,686.0,1.6255924170616114,37.81,-122.25,2.594
3.9063,28.0,4.160847880299252,1.0660847880299251,1520.0,1.8952618453865335,37.82,-122.25,2.25
5.0917,52.0,5.628458498023716,1.1422924901185771,550.0,2.1739130434782608,37.82,-122.25,2.625
2.6429,32.0,3.727005870841488,1.0743639921722117,1806.0,1.7671232876712328,37.82,-122.25,2.185
3.0233,26.0,3.2530813475760065,0.9827444535743632,1749.0,1.4371405094494658,37.82,-122.25,2.55
3.1484,52.0,4.578034682080925,1.0770712909441231,939.0,1.8092485549132948,37.83,-122.25,2.241
3.4722,35.0,3.822274881516588,1.014218009478673,675.0,1.599526066350711,37.83,-122.25,2.431
3.1429,52.0,4.3951890034364265,0.986254295532646,534.0,1.8350515463917525,37.83,-122.25,2.316
2.4234,28.0,3.0234798314268514,1.053582179409994,2558.0,1.5400361228175798,37.83,-122.25,2.185
3.0897,52.0,4.040501446480231,1.0655737704918034,1786.0,1.7222757955641272,37.83,-122.25,2.341
2.8929,50.0,5.132246376811594,1.0960144927536233,1260.0,2.282608695652174,37.8,-122.21,2.167
3.0812,38.0,4.628336755646817,1.0985626283367556,951.0,1.9527720739219712,37.8,-122.21,2.331
3.2632,52.0,4.745652173913044,1.0108695652173914,1129.0,2.4543478260869565,37.8,-122.22,2.277
3.0298,52.0,5.183673469387755,1.0521541950113378,1073.0,2.433106575963719,37.8,-122.22,1.996
4.5428,52.0,5.283495145631068,1.050485436893204,1185.0,2.300970873786408,37.8,-122.22,2.398
2.7477,52.0,4.333333333333333,1.1387163561076603,918.0,1.9006211180124224,37.81,-122.24,2.438
2.1944,52.0,5.074285714285714,0.96,360.0,2.057142857142857,37.8,-122.24,2.115
3.0149,52.0,4.276639344262295,1.0450819672131149,1197.0,2.4528688524590163,37.8,-122.25,2.184
3.225,46.0,4.326639892904953,1.1178045515394912,1373.0,1.8380187416331997,37.81,-122.25,2.188
2.9345,42.0,4.059113300492611,1.0492610837438423,1715.0,1.6896551724137931,37.8,-122.25,2.25
2.1429,43.0,3.2742382271468142,1.0969529085872576,1359.0,1.882271468144044,37.8,-122.25,2.5
1.6121,41.0,3.5617433414043584,1.1355932203389831,1062.0,2.571428571428572,37.8,-122.25,1.714
1.3929,29.0,3.1927554980595083,1.1177231565329884,1335.0,1.7270375161707632,37.8,-122.25,1.938
2.3173,27.0,3.804195804195804,1.1468531468531469,1171.0,2.729603729603729,37.79,-122.24,1.25
2.6458,50.0,3.209183673469388,0.9591836734693876,742.0,3.7857142857142856,37.79,-122.25,1.25
2.181,52.0,3.68870523415978,1.0771349862258952,1086.0,2.9917355371900825,37.79,-122.25,1.388
1.6504,43.0,3.639751552795031,1.0046583850931676,1710.0,2.6552795031055902,37.8,-122.25,1.518
2.2697,52.0,4.368421052631579,1.0,731.0,3.206140350877193,37.8,-122.24,1.27
2.1563,52.0,4.585014409221902,1.07492795389049,1118.0,3.2219020172910664,37.8,-122.24,1.286
2.1348,52.0,4.734328358208956,1.1880597014925374,1006.0,3.002985074626866,37.8,-122.24,1.406
2.6292,47.0,3.693140794223827,1.0613718411552346,1213.0,2.1895306859205776,37.8,-122.24,1.827
2.3833,52.0,4.638132295719845,1.1245136186770428,772.0,3.0038910505836576,37.8,-122.23,1.469
2.957,52.0,4.496259351620948,1.0473815461346634,1321.0,3.29426433915212,37.8,-122.24,1.228
2.5238,49.0,4.192023633677991,1.106351550960118,1487.0,2.1964549483013296,37.8,-122.24,1.693
1.9375,52.0,4.209677419354839,0.989247311827957,488.0,2.6236559139784945,37.8,-122.23,1.266
1.9028,51.0,4.056122448979592,1.0561224489795915,949.0,2.420918367346939,37.8,-122.23,1.279
2.25,50.0,4.20722891566265,1.1566265060240963,1149.0,2.7686746987951807,37.8,-122.23,1.235
1.8854,30.0,3.798479087452472,1.0038022813688212,1011.0,3.844106463878327,37.79,-122.23,1.375
3.625,52.0,3.973568281938326,1.0440528634361232,846.0,3.7268722466960353,37.79,-122.25,1.25
1.4886,50.0,4.0251572327044025,1.1111111111111112,1525.0,3.19706498951782,37.78,-122.22,1.288
2.0375,48.0,4.944606413994169,1.154518950437318,1481.0,4.317784256559767,37.79,-122.23,1.225
2.1494,37.0,4.479923518164436,1.0975143403441685,1608.0,3.074569789674952,37.79,-122.22,1.325
1.6198,30.0,4.357142857142857,1.0357142857142858,425.0,3.0357142857142856,37.79,-122.23,1.227
3.9048,52.0,4.998540145985402,1.0072992700729928,2273.0,3.318248175182482,37.79,-122.22,1.647
3.0893,52.0,3.907692307692308,0.9743589743589745,600.0,3.076923076923077,37.79,-122.21,1.25
2.6042,46.0,4.489563567362429,1.0910815939278935,1647.0,3.1252371916508537,37.79,-122.22,1.247
2.5,49.0,4.306603773584905,1.0613207547169812,1201.0,2.832547169811321,37.79,-122.22,1.367
2.7969,38.0,4.626707132018209,1.078907435508346,2167.0,3.288315629742033,37.79,-122.22,1.417
2.8321,29.0,4.823529411764706,1.1058823529411763,939.0,2.761764705882353,37.79,-122.2,1.5
2.9583,47.0,5.284246575342466,1.0513698630136987,859.0,2.941780821917808,37.79,-122.21,1.388
2.8365,34.0,4.5813953488372094,1.0794573643410852,1517.0,2.939922480620155,37.79,-122.21,1.392
2.875,35.0,4.520725388601036,1.0595854922279793,1143.0,2.961139896373057,37.79,-122.21,1.438
3.0682,39.0,4.316810344827586,1.0775862068965518,1109.0,2.390086206896552,37.8,-122.21,1.565
3.0757,39.0,4.524663677130045,1.0022421524663676,1221.0,2.7376681614349776,37.8,-122.21,1.51
4.7721,52.0,5.772388059701493,1.0932835820895523,706.0,2.6343283582089554,37.8,-122.2,2.171
3.4861,52.0,4.984419263456091,1.0070821529745042,1883.0,2.6671388101983005,37.8,-122.21,1.871
5.1184,41.0,6.088235294117647,1.0411764705882354,804.0,2.364705882352941,37.8,-122.2,2.396
4.0977,48.0,5.242063492063492,1.0436507936507935,506.0,2.007936507936508,37.8,-122.21,2.297
4.744,48.0,7.117647058823529,1.088235294117647,610.0,2.563025210084034,37.8,-122.19,2.573
4.2727,46.0,5.837349397590361,1.0271084337349397,768.0,2.3132530120481927,37.8,-122.19,2.469
2.9844,50.0,5.260869565217392,1.059782608695652,462.0,2.510869565217391,37.79,-122.19,1.799
4.1739,40.0,4.51063829787234,1.0893617021276596,667.0,2.838297872340425,37.79,-122.2,1.696
3.8487,46.0,5.1152882205513786,1.0150375939849623,1059.0,2.654135338345865,37.8,-122.2,2.033
4.0114,52.0,6.5451263537906135,0.9783393501805054,637.0,2.299638989169675,37.8,-122.19,2.634
4.6563,45.0,5.986784140969163,0.9933920704845814,1106.0,2.436123348017621,37.79,-122.19,2.318
2.9297,28.0,4.699551569506727,1.1375186846038865,1737.0,2.596412556053812,37.79,-122.19,1.405
2.3036,35.0,4.62051282051282,1.176923076923077,1009.0,2.5871794871794878,37.79,-122.2,1.26
2.6667,49.0,4.2,0.9285714285714286,737.0,3.509523809523809,37.79,-122.2,1.22
2.619,44.0,3.30142566191446,0.920570264765784,1354.0,2.757637474541752,37.79,-122.2,1.347
2.4167,45.0,4.462025316455696,1.1244725738396624,1530.0,3.2278481012658227,37.79,-122.21,1.394
2.7352,46.0,3.934973637961336,0.8927943760984183,1390.0,2.4428822495606326,37.78,-122.21,1.373
1.8472,52.0,5.4907063197026025,1.1152416356877324,1065.0,3.95910780669145,37.78,-122.21,1.37
2.6583,52.0,4.310204081632653,0.9142857142857144,792.0,3.23265306122449,37.78,-122.21,1.426
3.0536,49.0,3.66530612244898,0.9959183673469388,779.0,3.179591836734694,37.78,-122.21,1.375
1.7188,43.0,4.181818181818182,1.1302211302211302,1227.0,3.0147420147420148,37.78,-122.21,1.268
2.0801,44.0,3.38989898989899,1.0383838383838384,1700.0,3.4343434343434343,37.78,-122.22,1.319
3.5398,52.0,5.4373522458628845,1.0472813238770686,1225.0,2.895981087470449,37.78,-122.2,1.584
3.1167,39.0,4.659574468085107,1.0611702127659577,1071.0,2.848404255319149,37.78,-122.2,1.216
2.5401,50.0,4.939153439153439,1.066137566137566,1128.0,2.984126984126984,37.78,-122.2,1.291
2.898,43.0,5.020661157024794,1.037190082644628,1537.0,3.175619834710744,37.77,-122.2,1.214
2.875,52.0,6.107142857142857,1.0714285714285714,469.0,2.7916666666666665,37.78,-122.19,1.6
3.3715,52.0,5.105882352941176,1.0070588235294118,1086.0,2.5552941176470587,37.77,-122.19,1.439
3.5114,52.0,5.585131894484412,1.0671462829736211,1144.0,2.7434052757793763,37.77,-122.19,1.512
4.3125,52.0,6.645333333333333,1.106666666666667,1109.0,2.957333333333333,37.78,-122.19,1.644
3.22,52.0,5.956639566395664,1.075880758807588,984.0,2.6666666666666665,37.78,-122.19,1.565
3.875,33.0,3.021276595744681,0.6595744680851063,575.0,12.23404255319149,37.78,-122.18,2.25
5.2328,49.0,5.660287081339713,0.9808612440191388,496.0,2.373205741626794,37.78,-122.19,1.742
3.7262,52.0,5.631578947368421,1.0157894736842106,555.0,2.921052631578948,37.78,-122.19,1.669
4.5893,45.0,5.400611620795107,1.0152905198776758,869.0,2.6574923547400613,37.78,-122.2,1.635
5.2578,39.0,5.820754716981132,0.8962264150943396,236.0,2.2264150943396226,37.79,-122.18,2.53
7.0875,41.0,6.593457943925234,1.088785046728972,626.0,2.925233644859813,37.79,-122.18,2.407
3.9712,46.0,6.410334346504559,1.17629179331307,922.0,2.802431610942249,37.79,-122.18,2.081
2.9514,47.0,4.80078125,0.94921875,582.0,2.2734375,37.79,-122.19,1.981
2.6667,50.0,4.746268656716418,1.079601990049751,546.0,2.716417910447761,37.79,-122.19,1.728
3.6875,42.0,5.707865168539326,0.9737827715355806,651.0,2.438202247191011,37.78,-122.17,1.573
2.875,30.0,4.731152204836415,1.0611664295874823,1704.0,2.4238975817923185,37.77,-122.17,1.353
3.4205,43.0,4.877149877149877,1.0810810810810811,1085.0,2.6658476658476657,37.78,-122.18,1.367
3.2984,50.0,5.78169014084507,1.1338028169014085,713.0,2.51056338028169,37.78,-122.18,1.607
3.875,49.0,4.933701657458563,0.9779005524861878,468.0,2.585635359116022,37.78,-122.17,1.406
4.175,52.0,5.396694214876033,1.0578512396694215,296.0,2.446280991735537,37.78,-122.17,1.44
4.375,47.0,5.761467889908257,0.9954128440366972,570.0,2.614678899082569,37.77,-122.16,1.619
4.7708,48.0,5.427777777777778,1.0777777777777775,446.0,2.477777777777778,37.77,-122.16,1.563
3.5739,45.0,6.052083333333333,1.0338541666666667,968.0,2.520833333333333,37.77,-122.16,1.76
3.0958,39.0,5.009493670886076,1.1044303797468351,857.0,2.712025316455696,37.77,-122.16,1.458
3.3958,39.0,5.006211180124224,1.062111801242236,912.0,2.8322981366459627,37.77,-122.17,1.419
3.2552,51.0,4.810502283105023,1.0753424657534247,1173.0,2.6780821917808217,37.77,-122.18,1.201
4.6696,46.0,6.049668874172186,1.0165562913907285,881.0,2.9172185430463577,37.76,-122.16,1.643
2.4598,36.0,5.358381502890174,1.1059730250481696,1438.0,2.770712909441233,37.76,-122.16,1.555
6.0749,39.0,6.751851851851852,1.0592592592592591,763.0,2.825925925925926,37.76,-122.15,1.969
5.5701,34.0,7.170616113744076,1.09478672985782,545.0,2.582938388625593,37.76,-122.14,2.528
6.86,33.0,8.26027397260274,1.1917808219178083,808.0,3.689497716894977,37.75,-122.12,2.5
4.0313,36.0,6.330275229357798,0.963302752293578,299.0,2.743119266055046,37.75,-122.14,1.955
6.8323,33.0,6.603960396039604,0.99009900990099,579.0,2.866336633663366,37.75,-122.14,2.559
5.0,41.0,6.790123456790123,1.0277777777777777,1476.0,2.2777777777777777,37.74,-122.13,2.489
2.925,46.0,6.194805194805195,1.0454545454545454,429.0,2.7857142857142856,37.75,-122.16,1.429
3.8913,40.0,5.666666666666667,1.003921568627451,849.0,3.3294117647058825,37.75,-122.15,1.263
3.225,44.0,5.854984894259819,1.2054380664652569,946.0,2.8580060422960725,37.75,-122.15,1.358
3.1458,41.0,4.481675392670157,0.9319371727748692,571.0,2.9895287958115184,37.74,-122.15,1.306
3.5083,43.0,5.084558823529412,1.0110294117647058,853.0,3.136029411764706,37.74,-122.15,1.22
3.4844,46.0,4.876777251184834,0.8578199052132701,567.0,2.6872037914691944,37.74,-122.16,1.295
4.1458,52.0,5.354166666666667,1.0208333333333333,355.0,2.4652777777777777,37.74,-122.16,1.434
3.4732,52.0,5.962864721485412,1.1193633952254642,870.0,2.3076923076923075,37.89,-122.29,2.462
3.5125,38.0,4.445972495088409,1.0255402750491158,1027.0,2.017681728880157,37.9,-122.3,2.242
3.1375,52.0,4.819018404907975,1.0705521472392638,693.0,2.125766871165644,37.89,-122.29,2.291
2.8036,46.0,4.053333333333334,1.072,815.0,2.1733333333333333,37.89,-122.3,2.116
4.5824,15.0,4.43542757417103,1.057591623036649,2420.0,2.1116928446771377,37.9,-122.3,2.561
3.0208,36.0,3.902173913043478,1.0615942028985508,518.0,1.8768115942028984,37.89,-122.3,2.063
4.0875,52.0,4.538181818181818,1.029090909090909,620.0,2.2545454545454544,37.89,-122.3,2.213
4.5268,42.0,5.045112781954887,1.093984962406015,551.0,2.071428571428572,37.89,-122.33,2.074
3.1795,52.0,4.556034482758621,1.0028735632183907,1498.0,2.1522988505747125,37.89,-122.29,2.182
3.8672,50.0,5.334801762114537,1.1497797356828194,523.0,2.303964757709251,37.88,-122.29,2.167
5.1696,52.0,6.115902964959568,1.0242587601078168,1004.0,2.706199460916442,37.89,-122.29,2.614
4.2614,52.0,5.520958083832335,0.994011976047904,769.0,2.302395209580838,37.88,-122.28,2.613
5.0551,52.0,5.148936170212766,0.9952718676122932,940.0,2.2222222222222223,37.89,-122.29,2.322
4.1429,52.0,5.377155172413793,1.0581896551724137,1058.0,2.280172413793104,37.88,-122.28,2.596
4.1912,52.0,5.763285024154589,0.966183574879227,506.0,2.4444444444444446,37.88,-122.28,2.545
3.9167,52.0,5.376146788990826,0.9862385321100916,489.0,2.243119266055046,37.88,-122.28,2.356
3.8897,52.0,5.564432989690721,1.092783505154639,824.0,2.1237113402061856,37.88,-122.29,2.184
3.1065,48.0,4.978947368421053,1.0315789473684212,1034.0,2.176842105263158,37.88,-122.29,2.292
2.9926,46.0,4.458823529411765,1.04,920.0,2.164705882352941,37.88,-122.29,1.921
3.556,52.0,4.342105263157895,1.0394736842105263,841.0,2.213157894736842,37.88,-122.29,1.793
1.475,45.0,3.3065693430656933,1.0656934306569343,749.0,5.467153284671533,37.88,-122.3,1.875
1.6971,52.0,4.173469387755102,0.9897959183673468,208.0,2.122448979591837,37.88,-122.3,1.388
2.1705,10.0,5.03,1.18,228.0,2.28,37.87,-122.3,1.5
2.75,50.0,3.8984375,0.9921875,287.0,2.2421875,37.86,-122.3,1.406
2.5682,52.0,4.5,1.1226415094339623,218.0,2.056603773584906,37.85,-122.29,1.2
2.9,46.0,4.6394366197183095,1.0591549295774647,854.0,2.4056338028169013,37.88,-122.3,1.448
2.2208,52.0,4.565789473684211,1.095029239766082,1695.0,2.4780701754385963,37.87,-122.3,1.448
3.2344,52.0,5.563953488372093,1.0930232558139534,403.0,2.3430232558139537,37.88,-122.28,2.455
3.5156,52.0,4.496183206106871,1.0076335877862594,288.0,2.198473282442748,37.87,-122.28,2.0
1.9805,49.0,3.888675623800384,1.051823416506718,963.0,1.848368522072937,37.87,-122.28,1.737
2.6684,50.0,3.544573643410853,1.0387596899224807,1129.0,2.187984496124031,37.87,-122.29,1.856
3.875,52.0,4.387254901960785,0.9705882352941176,386.0,1.892156862745098,37.87,-122.29,1.826
3.006,52.0,4.701970443349754,1.0246305418719213,811.0,1.997536945812808,37.88,-122.28,2.279
2.543,46.0,4.477037037037037,1.031111111111111,1293.0,1.9155555555555557,37.87,-122.28,2.207
2.8676,46.0,4.122969837587007,1.034802784222738,805.0,1.867749419953596,37.87,-122.28,2.12
1.4012,52.0,3.105714285714286,1.06,3337.0,9.534285714285714,37.87,-122.26,1.75
1.1859,52.0,2.922023182297155,1.0516332982086407,1721.0,1.8134878819810327,37.87,-122.26,2.417
1.7464,35.0,3.218,1.108,1675.0,1.675,37.87,-122.27,2.167
2.8846,49.0,3.857142857142857,1.0514285714285714,707.0,2.02,37.87,-122.27,2.113
2.7372,52.0,4.443804034582133,1.005763688760807,1424.0,2.0518731988472623,37.87,-122.27,2.102
3.8594,52.0,4.962962962962963,1.031746031746032,393.0,2.0793650793650795,37.86,-122.28,1.964
3.5625,52.0,5.348082595870206,1.0412979351032448,828.0,2.4424778761061945,37.87,-122.28,1.917
2.2788,52.0,4.222602739726027,1.0273972602739727,571.0,1.9554794520547945,37.87,-122.28,1.823
2.537,44.0,3.561009817671809,1.05890603085554,1382.0,1.9382889200561009,37.87,-122.29,1.75
2.525,46.0,3.947040498442368,1.0093457943925233,792.0,2.467289719626168,37.87,-122.29,1.659
1.9946,52.0,4.475806451612903,1.086021505376344,815.0,2.1908602150537635,37.86,-122.29,1.569
2.8214,52.0,4.794797687861272,1.060693641618497,788.0,2.277456647398844,37.86,-122.28,1.643
2.6165,52.0,5.174418604651163,1.069767441860465,1145.0,2.6627906976744184,37.87,-122.29,1.5
1.9483,50.0,4.413854351687389,1.078152753108348,1354.0,2.4049733570159857,37.86,-122.29,1.505
1.9327,52.0,4.564044943820225,1.0112359550561798,958.0,2.152808988764045,37.86,-122.28,1.699
1.9798,49.0,4.822368421052632,1.0986842105263157,1361.0,2.2384868421052637,37.86,-122.28,1.474
2.4167,52.0,5.002227171492205,1.051224944320713,1005.0,2.2383073496659245,37.85,-122.28,1.527
2.5417,49.0,4.956521739130435,1.0507246376811594,924.0,2.231884057971014,37.86,-122.27,1.827
3.3906,52.0,5.583798882681564,1.164804469273743,780.0,2.17877094972067,37.86,-122.28,1.793
2.5652,52.0,4.727987421383648,1.0864779874213837,1582.0,2.4874213836477987,37.86,-122.28,1.577
2.2845,41.0,3.897887323943662,0.9683098591549296,1213.0,2.13556338028169,37.86,-122.28,1.531
2.6071,52.0,4.074906367041199,1.142322097378277,486.0,1.820224719101124,37.86,-122.27,2.5
3.15,52.0,4.765714285714286,1.062857142857143,494.0,2.822857142857143,37.86,-122.27,2.063
2.6914,52.0,4.846575342465753,1.0191780821917809,849.0,2.326027397260274,37.86,-122.27,2.188
1.8447,52.0,4.20985401459854,1.063868613138686,1127.0,2.0565693430656933,37.86,-122.27,1.982
1.6307,35.0,2.962686567164179,1.0011481056257177,3276.0,1.8805970149253728,37.86,-122.26,2.536
2.9044,52.0,4.404282115869018,1.0478589420654911,1493.0,1.880352644836272,37.86,-122.26,2.574
3.3893,52.0,5.368029739776952,1.1226765799256506,1253.0,2.328996282527881,37.86,-122.26,2.417
2.7054,52.0,5.001226993865031,1.1288343558282208,1800.0,2.208588957055215,37.85,-122.27,1.823
2.2431,47.0,6.371165644171779,1.2269938650306749,719.0,2.205521472392638,37.85,-122.27,1.727
1.9028,50.0,5.015686274509804,1.1764705882352942,675.0,2.647058823529412,37.85,-122.27,1.508
1.5817,52.0,5.43801652892562,1.1735537190082646,875.0,2.4104683195592287,37.85,-122.27,1.536
1.3785,47.0,4.310344827586207,0.962382445141066,843.0,2.642633228840125,37.85,-122.27,1.423
1.73,44.0,5.0245098039215685,0.9705882352941176,506.0,2.480392156862745,37.85,-122.28,1.479
2.2625,48.0,4.427038626609442,1.03862660944206,1054.0,2.2618025751072963,37.85,-122.28,1.329
2.2106,35.0,4.521739130434782,1.0120772946859904,1017.0,2.4565217391304346,37.84,-122.29,1.325
2.6997,52.0,4.062745098039216,1.0627450980392157,1623.0,2.1215686274509804,37.83,-122.28,1.269
4.0018,14.0,3.5860555826426133,1.174061433447099,3100.0,1.5114578254509996,37.84,-122.3,1.438
2.6411,52.0,5.170403587443946,1.053811659192825,481.0,2.15695067264574,37.77,-122.24,2.41
3.3214,52.0,4.825,1.11875,409.0,2.55625,37.77,-122.23,1.896
3.6417,52.0,4.587131367292225,1.03485254691689,885.0,2.3726541554959786,37.77,-122.24,2.063
3.0161,52.0,4.673721340388007,0.9982363315696648,1468.0,2.5890652557319225,37.77,-122.25,2.157
3.1771,52.0,4.8279069767441865,1.0232558139534884,482.0,2.2418604651162792,37.77,-122.25,2.102
3.4531,52.0,5.784090909090909,1.2121212121212122,825.0,3.125,37.77,-122.25,2.088
4.3098,52.0,5.436708860759493,0.9936708860759492,429.0,2.7151898734177213,37.77,-122.25,1.979
3.3438,52.0,4.663461538461538,1.0432692307692308,528.0,2.5384615384615383,37.78,-122.26,2.013
2.9213,52.0,4.837962962962963,1.1064814814814814,496.0,2.2962962962962963,37.78,-122.26,1.908
2.6806,52.0,5.313207547169811,1.0566037735849056,718.0,2.709433962264151,37.78,-122.27,2.079
3.7708,52.0,4.611320754716981,0.9962264150943396,630.0,2.3773584905660377,37.78,-122.27,2.153
3.9444,45.0,4.087412587412588,0.9195804195804196,723.0,2.527972027972028,37.78,-122.27,2.129
2.6447,42.0,5.740845070422536,1.036619718309859,2037.0,5.738028169014084,37.77,-122.3,2.0
2.5762,29.0,4.048703849175177,1.0950510604870385,3741.0,2.93872741555381,37.78,-122.28,1.734
2.9688,52.0,4.230547550432276,1.0461095100864553,870.0,2.5072046109510087,37.77,-122.28,2.208
3.75,27.0,4.13768115942029,1.1107660455486543,1901.0,1.9679089026915115,37.77,-122.28,2.428
2.5139,50.0,4.547400611620796,0.9357798165137616,730.0,2.232415902140673,37.78,-122.28,2.19
4.1667,52.0,4.768595041322314,1.0385674931129476,872.0,2.402203856749311,37.77,-122.27,2.258
2.7115,52.0,3.741794310722101,1.052516411378556,849.0,1.8577680525164115,37.77,-122.27,2.208
3.3269,52.0,4.61003861003861,1.079150579150579,1121.0,2.164092664092664,37.77,-122.27,2.345
3.2685,52.0,4.844943820224719,1.0292134831460673,872.0,1.9595505617977529,37.77,-122.25,2.542
2.9899,52.0,5.0774818401937045,1.0750605326876512,915.0,2.2154963680387407,37.77,-122.26,2.281
2.875,52.0,3.874213836477987,1.0041928721174005,921.0,1.930817610062893,37.77,-122.26,2.34
2.3882,43.0,3.5902255639097747,1.0676691729323309,585.0,2.199248120300752,37.77,-122.24,1.625
2.975,43.0,4.111111111111111,1.0541310541310542,2086.0,1.9810066476733144,37.77,-122.25,2.434
4.1458,52.0,5.9602272727272725,1.0511363636363635,374.0,2.125,37.76,-122.23,2.485
3.4762,52.0,5.305084745762712,1.0932203389830508,979.0,2.074152542372881,37.76,-122.24,2.44
2.6833,52.0,4.139013452914798,1.0560538116591929,827.0,1.8542600896860983,37.76,-122.24,2.409
3.9632,50.0,5.753731343283582,1.078358208955224,654.0,2.4402985074626864,37.75,-122.23,2.4
4.9489,45.0,6.102739726027397,1.0616438356164384,384.0,2.6301369863013697,37.75,-122.24,2.471
3.6719,49.0,4.934959349593496,1.0670731707317074,1110.0,2.256097560975609,37.76,-122.24,2.298
4.6094,52.0,6.185542168674699,1.0506024096385542,1119.0,2.6963855421686747,37.76,-122.24,2.293
4.5213,21.0,5.693117408906883,1.011336032388664,2930.0,2.3724696356275303,37.73,-122.24,2.284
4.4562,25.0,4.907692307692308,0.935897435897436,897.0,2.3,37.74,-122.25,2.062
3.2689,31.0,4.409298780487805,1.0510670731707317,2973.0,2.266006097560976,37.73,-122.27,2.31
3.567,52.0,4.550632911392405,1.0253164556962024,1340.0,2.1202531645569622,37.76,-122.25,2.529
4.635,36.0,6.693761814744802,1.077504725897921,1478.0,2.7939508506616257,37.71,-122.06,2.486
5.3015,40.0,6.696296296296296,1.1185185185185185,746.0,2.762962962962963,37.71,-122.07,2.549
4.9801,36.0,6.327472527472527,1.054945054945055,1235.0,2.7142857142857144,37.71,-122.07,2.415
5.4639,35.0,6.057534246575343,0.958904109589041,1004.0,2.750684931506849,37.71,-122.08,2.386
4.65,36.0,5.5787545787545785,1.006105006105006,1950.0,2.380952380952381,37.71,-122.11,2.068
4.3819,25.0,4.996638655462185,1.0453781512605045,1413.0,2.3747899159663866,37.7,-122.1,2.092
3.7222,30.0,5.484154929577465,1.1003521126760565,1444.0,2.5422535211267605,37.69,-122.1,1.958
5.2855,31.0,6.851301115241636,1.0483271375464684,749.0,2.784386617100372,37.71,-122.09,2.535
4.3375,31.0,6.240121580547113,1.0212765957446808,867.0,2.635258358662614,37.7,-122.09,2.418
5.2131,27.0,6.51207729468599,1.0367149758454106,2723.0,2.6309178743961352,37.71,-122.1,2.525
6.005,30.0,6.657794676806084,1.0228136882129275,731.0,2.779467680608365,37.7,-122.09,2.639
5.0519,38.0,5.524916943521594,0.9800664451827242,781.0,2.59468438538206,37.71,-122.08,2.27
4.8237,38.0,5.699386503067485,1.0076687116564418,1784.0,2.736196319018405,37.71,-122.08,2.209
5.2497,32.0,6.629268292682927,1.0902439024390245,1156.0,2.819512195121951,37.7,-122.08,2.593
4.125,39.0,5.126353790613718,0.9819494584837544,645.0,2.328519855595668,37.7,-122.07,2.325
4.6005,37.0,6.0095238095238095,0.984126984126984,821.0,2.6063492063492064,37.7,-122.06,2.316
3.5187,33.0,5.072727272727272,1.025974025974026,1912.0,2.483116883116883,37.7,-122.06,2.094
3.0,32.0,4.899135446685879,1.0605187319884726,1487.0,2.142651296829971,37.7,-122.07,2.232
3.4934,25.0,4.791549295774648,1.0676056338028168,1645.0,2.316901408450704,37.7,-122.08,2.099
2.9861,33.0,4.198858230256898,1.0532825880114176,2239.0,2.1303520456707896,37.7,-122.09,2.082
2.5362,29.0,4.173913043478261,1.1195652173913044,1021.0,1.8496376811594204,37.69,-122.07,2.038
3.3021,36.0,5.032119914346895,1.068522483940043,1105.0,2.366167023554604,37.69,-122.08,1.957
3.0964,31.0,4.566795366795367,1.0108108108108107,2999.0,2.315830115830116,37.69,-122.07,1.905
2.8512,43.0,5.545774647887324,1.1408450704225352,740.0,2.605633802816901,37.69,-122.08,1.81
3.3478,42.0,5.795081967213115,1.1229508196721312,629.0,2.5778688524590163,37.69,-122.08,1.849
2.3958,37.0,4.136585365853659,0.9853658536585366,314.0,1.5317073170731708,37.68,-122.08,1.908
3.5295,15.0,4.567365269461078,1.0254491017964071,1479.0,2.214071856287425,37.68,-122.08,2.422
4.8036,20.0,5.37,1.02125,1732.0,2.165,37.69,-122.09,1.883
3.851,52.0,5.2690909090909095,1.0127272727272727,1338.0,2.4327272727272726,37.74,-122.15,1.835
4.0662,52.0,5.578125,1.046875,440.0,2.2916666666666665,37.74,-122.14,2.042
4.6042,51.0,6.66412213740458,1.025445292620865,922.0,2.346055979643766,37.73,-122.14,2.519
2.2,49.0,5.1875,1.0972222222222223,611.0,2.1215277777777777,37.74,-122.15,1.875
4.1164,52.0,5.485436893203883,1.0097087378640777,994.0,2.412621359223301,37.73,-122.16,1.982
3.95,52.0,6.060869565217391,0.9695652173913044,545.0,2.369565217391304,37.74,-122.15,2.19
2.8355,45.0,5.105978260869565,1.1127717391304348,1573.0,2.1372282608695654,37.73,-122.15,2.454
3.25,46.0,4.972413793103448,1.0804597701149423,925.0,2.126436781609196,37.73,-122.17,1.775
2.8301,49.0,4.412987012987013,1.0597402597402596,768.0,1.9948051948051948,37.73,-122.16,1.716
3.7159,52.0,5.325342465753424,0.9897260273972602,620.0,2.1232876712328768,37.73,-122.17,1.833
2.5625,52.0,5.381642512077295,0.9951690821256038,425.0,2.0531400966183573,37.73,-122.16,1.75
3.8047,45.0,4.911475409836066,1.0262295081967212,1003.0,3.2885245901639344,37.72,-122.18,1.567
3.375,45.0,5.377777777777778,1.0888888888888888,519.0,3.844444444444445,37.71,-122.18,1.575
3.244,38.0,4.494949494949495,1.0101010101010102,481.0,2.429292929292929,37.71,-122.17,1.798
4.0268,36.0,5.084778420038536,1.0269749518304432,1209.0,2.3294797687861277,37.7,-122.18,2.055
3.3906,35.0,4.88,1.0552380952380953,1398.0,2.662857142857143,37.7,-122.18,1.789
5.5461,36.0,6.224137931034483,1.1896551724137931,158.0,2.7241379310344827,37.71,-122.19,2.625
3.371,42.0,4.530120481927711,0.9924698795180724,1817.0,2.73644578313253,37.72,-122.17,1.65
3.5313,46.0,4.737024221453288,0.9826989619377162,766.0,2.6505190311418687,37.72,-122.17,1.597
3.663,5.0,5.158536585365853,1.2134146341463414,814.0,2.481707317073171,37.72,-122.17,1.583
2.875,38.0,4.2133891213389125,1.0251046025104602,618.0,2.585774058577406,37.72,-122.16,1.448
4.0202,43.0,4.79467680608365,1.0316856780735109,2139.0,2.711026615969582,37.72,-122.17,1.663
4.5553,37.0,5.956521739130435,0.9565217391304348,632.0,2.49802371541502,37.71,-122.16,1.91
3.4643,36.0,4.970149253731344,0.9850746268656716,366.0,2.7313432835820897,37.71,-122.16,1.75
3.3431,10.0,4.5958762886597935,1.2391752577319588,877.0,1.8082474226804124,37.72,-122.16,1.375
2.1898,28.0,3.8656195462478182,1.024432809773124,830.0,1.4485165794066317,37.73,-122.15,1.417
2.9097,31.0,4.263852242744063,0.9815303430079156,739.0,1.949868073878628,37.72,-122.15,2.109
3.375,47.0,4.473684210526316,0.943609022556391,540.0,2.030075187969925,37.72,-122.15,1.983
2.8125,29.0,4.333679833679834,1.0883575883575884,2024.0,2.103950103950104,37.72,-122.15,1.574
5.0,52.0,6.059880239520958,0.9580838323353292,823.0,2.464071856287425,37.73,-122.14,2.647
3.0673,38.0,4.881019830028329,1.1161473087818696,711.0,2.0141643059490084,37.73,-122.14,2.184
3.8125,43.0,6.152173913043479,1.059782608695652,931.0,2.529891304347826,37.73,-122.14,2.351
3.8393,35.0,5.5688775510204085,0.9770408163265306,976.0,2.489795918367347,37.72,-122.13,2.435
4.0,35.0,4.938095238095238,0.9857142857142858,552.0,2.628571428571429,37.71,-122.12,1.679
3.5156,39.0,5.954545454545454,1.0,288.0,2.1818181818181817,37.72,-122.14,2.189
2.983,45.0,5.633064516129032,1.0201612903225807,555.0,2.2379032258064515,37.72,-122.14,2.027
3.524,45.0,5.213963963963964,1.0157657657657655,1006.0,2.265765765765766,37.72,-122.13,1.862
3.1103,44.0,4.661849710982659,0.9797687861271676,776.0,2.2427745664739884,37.71,-122.13,1.889
3.5781,44.0,5.262962962962963,1.1037037037037036,609.0,2.2555555555555555,37.71,-122.13,1.8
3.1682,18.0,4.273668639053255,1.128698224852071,2441.0,1.805473372781065,37.71,-122.15,2.027
2.6101,27.0,3.921419518377693,1.097591888466413,1364.0,1.7287705956907478,37.71,-122.14,1.817
3.6932,18.0,3.7404214559386975,0.96455938697318,2197.0,2.1044061302682,37.71,-122.14,1.668
3.4583,43.0,5.599264705882353,1.0238970588235294,1333.0,2.450367647058824,37.7,-122.13,1.837
3.9032,19.0,5.001422475106685,1.0099573257467995,1810.0,2.574679943100996,37.7,-122.13,2.18
4.0208,36.0,5.453551912568306,0.9726775956284152,531.0,2.901639344262295,37.71,-122.15,1.915
3.5547,36.0,5.609195402298851,0.9348659003831418,672.0,2.574712643678161,37.7,-122.15,1.947
4.5859,17.0,4.433333333333334,0.8848484848484849,695.0,2.106060606060606,37.7,-122.14,1.872
2.6321,21.0,4.132264529058117,1.056112224448898,2162.0,2.1663326653306614,37.7,-122.13,2.231
3.9702,36.0,5.297071129707113,0.9539748953974896,606.0,2.5355648535564854,37.7,-122.14,1.941
5.0043,36.0,5.907651715039578,1.0316622691292876,1203.0,3.174142480211082,37.7,-122.16,1.904
4.4659,38.0,5.219269102990033,1.053156146179402,874.0,2.903654485049834,37.69,-122.14,1.891
3.6625,38.0,5.612612612612613,0.9954954954954957,637.0,2.869369369369369,37.69,-122.15,1.846
3.8864,36.0,5.438405797101449,1.039855072463768,703.0,2.5471014492753623,37.69,-122.15,1.973
3.4583,36.0,6.4104803493449785,1.100436681222707,733.0,3.200873362445414,37.7,-122.15,1.926
3.7813,36.0,4.9035087719298245,0.9605263157894736,625.0,2.741228070175439,37.69,-122.16,1.922
2.9917,36.0,4.875555555555556,0.9244444444444444,568.0,2.5244444444444443,37.7,-122.16,1.946
4.4375,36.0,5.527331189710611,0.9742765273311896,836.0,2.688102893890675,37.7,-122.16,1.935
4.0,24.0,4.848066298342541,1.0082872928176796,952.0,2.6298342541436464,37.7,-122.17,2.026
4.7609,24.0,6.180327868852459,1.0683060109289615,1125.0,3.0737704918032787,37.69,-122.17,2.126
5.4858,5.0,5.204488778054863,1.0149625935162094,840.0,2.0947630922693268,37.68,-122.18,1.878
4.3971,36.0,5.229681978798586,0.9823321554770318,796.0,2.812720848056537,37.69,-122.16,2.057
4.0109,36.0,5.786516853932584,1.0224719101123596,863.0,3.2322097378277155,37.69,-122.15,1.929
4.3864,35.0,5.415637860082304,0.9197530864197532,1349.0,2.7757201646090537,37.68,-122.15,2.052
4.2841,30.0,5.903394255874674,1.156657963446475,929.0,2.425587467362924,37.68,-122.15,2.134
5.1312,39.0,4.985074626865671,0.9194029850746268,957.0,2.856716417910448,37.69,-122.15,1.836
2.9958,37.0,3.857657657657658,0.963963963963964,1093.0,1.9693693693693692,37.69,-122.14,1.784
3.6364,27.0,5.497528830313015,1.0098846787479407,1489.0,2.4530477759472817,37.68,-122.14,2.192
2.7955,31.0,5.070063694267516,1.1401273885350318,1561.0,2.4856687898089174,37.68,-122.14,1.831
2.9507,44.0,4.82680412371134,1.0309278350515465,1256.0,2.5896907216494847,37.69,-122.1,1.571
3.4375,30.0,4.290322580645161,0.96415770609319,695.0,2.4910394265232974,37.69,-122.12,1.578
2.875,34.0,4.772151898734177,1.1729957805907174,560.0,2.3628691983122363,37.69,-122.13,1.617
3.0345,38.0,4.027681660899654,0.9826989619377162,632.0,2.186851211072665,37.71,-122.12,1.521
2.679,41.0,4.66,1.0493333333333332,1849.0,2.465333333333333,37.7,-122.12,1.449
2.9922,17.0,4.62453531598513,1.1468401486988848,1287.0,2.392193308550186,37.7,-122.12,1.799
4.1042,35.0,5.001865671641791,0.9477611940298508,1580.0,2.9477611940298507,37.69,-122.12,1.791
2.5833,19.0,4.309153713298791,1.0967184801381693,1571.0,2.7132987910189983,37.7,-122.12,1.599
2.1552,23.0,3.8126410835214446,1.0406320541760723,828.0,1.8690744920993227,37.7,-122.11,1.614
2.3274,29.0,3.840236686390533,0.9053254437869822,835.0,2.470414201183432,37.7,-122.11,1.704
2.4206,19.0,3.719613259668508,1.089779005524862,1765.0,2.4378453038674035,37.7,-122.11,1.375
3.9063,41.0,4.633540372670807,0.9006211180124224,387.0,2.4037267080745344,37.69,-122.1,1.784
2.6464,37.0,3.954692556634304,1.0533980582524272,1562.0,2.527508090614887,37.69,-122.11,1.552
3.4643,42.0,4.763754045307444,1.0032362459546926,768.0,2.4854368932038837,37.69,-122.11,1.609
2.3973,10.0,4.718220338983051,1.1864406779661016,1140.0,2.415254237288136,37.69,-122.12,1.673
4.7813,21.0,5.248995983935743,0.9477911646586346,586.0,2.353413654618474,37.63,-122.04,2.419
3.2829,5.0,4.779040404040404,1.181818181818182,2240.0,2.8282828282828283,37.63,-122.05,1.625
5.1701,23.0,5.809891808346213,0.9884080370942812,3827.0,2.957496136012365,37.68,-122.05,2.168
3.25,36.0,4.211136890951276,0.988399071925754,1280.0,2.9698375870069604,37.68,-122.07,2.181
3.1796,30.0,5.126074498567335,1.1528175740210125,2667.0,2.5472779369627507,37.68,-122.06,1.703
2.6563,26.0,4.29489291598023,1.1235584843492588,1401.0,2.3080724876441514,37.68,-122.08,1.841
0.9637,29.0,3.2434210526315788,1.105263157894737,233.0,1.5328947368421053,37.67,-122.08,1.6
2.3357,48.0,4.064935064935065,0.9902597402597404,673.0,2.185064935064935,37.67,-122.09,1.75
3.5114,41.0,4.401273885350318,1.124203821656051,704.0,2.242038216560509,37.68,-122.09,1.975
3.3125,43.0,4.166666666666667,0.9166666666666666,273.0,2.275,37.69,-122.09,1.5
2.4042,29.0,4.32037037037037,0.9962962962962963,1120.0,2.074074074074074,37.68,-122.09,2.056
2.8322,41.0,3.927194860813704,0.9914346895074948,1105.0,2.366167023554604,37.68,-122.09,1.703
2.5156,43.0,4.829351535836177,1.187713310580205,569.0,1.9419795221843004,37.68,-122.09,1.909
3.4032,37.0,4.172839506172839,1.0555555555555556,691.0,2.132716049382716,37.68,-122.1,1.969
2.535,37.0,4.723214285714286,1.1227678571428572,1109.0,2.4754464285714284,37.68,-122.1,1.74
2.5772,37.0,4.2494623655913975,1.0344086021505376,1197.0,2.574193548387097,37.68,-122.11,1.702
3.0962,38.0,4.4475,1.0325,1061.0,2.6525,37.68,-122.1,1.809
2.9564,34.0,4.052048726467331,0.9933554817275748,2479.0,2.745293466223699,37.67,-122.1,1.505
3.125,31.0,4.863753213367609,1.1002570694087404,1162.0,2.987146529562982,37.68,-122.1,1.671
2.95,35.0,4.370535714285714,1.0803571428571428,1146.0,2.5580357142857144,37.68,-122.12,1.489
4.38,40.0,5.816479400749064,0.947565543071161,724.0,2.7116104868913857,37.68,-122.12,1.964
4.0417,37.0,6.432,1.0506666666666666,975.0,2.6,37.68,-122.12,1.911
3.8,36.0,5.702702702702703,1.0513513513513513,952.0,2.572972972972973,37.67,-122.11,1.875
3.4839,45.0,5.461152882205514,1.005012531328321,1159.0,2.9047619047619047,37.68,-122.12,1.806
4.0588,45.0,5.822274881516588,1.0545023696682465,1129.0,2.675355450236967,37.68,-122.13,1.828
4.1974,44.0,5.3541147132169575,0.9950124688279302,1175.0,2.9301745635910224,37.68,-122.13,1.793
3.6,43.0,5.109756097560975,1.0365853658536586,924.0,2.817073170731707,37.68,-122.13,1.794
4.267,35.0,5.5315985130111525,0.9628252788104088,1424.0,2.646840148698885,37.68,-122.14,2.103
4.2386,34.0,6.072,1.066,1366.0,2.732,37.67,-122.14,1.923
5.5797,35.0,6.338461538461538,1.0205128205128204,1171.0,3.0025641025641026,37.67,-122.15,1.981
4.0682,36.0,6.1193415637860085,1.0246913580246917,641.0,2.6378600823045266,37.67,-122.14,1.962
3.1734,38.0,6.0602409638554215,1.0451807228915662,880.0,2.6506024096385543,37.67,-122.13,1.816
4.7933,37.0,6.0,1.021543985637343,1635.0,2.9353680430879714,37.67,-122.14,1.869
4.8125,37.0,5.8121546961325965,0.9834254143646408,1495.0,2.753222836095764,37.67,-122.14,1.883
3.8676,40.0,5.514195583596215,1.003154574132492,914.0,2.883280757097792,37.67,-122.13,1.84
3.9395,33.0,4.9409221902017295,0.9812680115273776,1798.0,2.590778097982709,37.67,-122.12,1.847
3.2434,42.0,5.401503759398496,1.0571428571428572,1625.0,2.443609022556391,37.67,-122.13,1.799
3.0917,38.0,4.620535714285714,1.1026785714285714,599.0,2.674107142857143,37.67,-122.11,1.672
3.0645,32.0,4.307254623044097,1.1536273115220483,2037.0,2.8975817923186344,37.67,-122.11,1.654
2.7019,33.0,4.03150912106136,1.086235489220564,1854.0,3.074626865671642,37.67,-122.09,1.54
3.1115,39.0,4.328451882845188,1.0460251046025104,1408.0,2.9456066945606696,37.67,-122.09,1.535
3.4722,40.0,4.944649446494465,1.154981549815498,766.0,2.8265682656826567,37.66,-122.09,1.354
2.2222,39.0,4.233576642335766,0.9452554744525548,725.0,2.645985401459854,37.66,-122.09,1.583
6.1104,32.0,5.926470588235294,0.9352941176470588,1019.0,2.997058823529412,37.68,-122.05,2.407
4.2733,22.0,5.224764468371467,1.098250336473755,1830.0,2.4629878869448185,37.67,-122.06,1.807
3.2465,27.0,5.258116883116883,1.0892857142857142,1469.0,2.38474025974026,37.67,-122.07,2.306
3.2417,28.0,4.698717948717949,1.1842948717948718,1198.0,1.919871794871795,37.67,-122.07,2.108
3.875,38.0,5.340101522842639,1.0380710659898478,1039.0,2.637055837563452,37.67,-122.07,1.653
6.0501,29.0,7.0,1.037190082644628,690.0,2.851239669421488,37.67,-122.04,2.542
2.6719,28.0,3.884156729131176,1.039182282793867,1255.0,2.137989778534924,37.66,-122.07,1.612
3.875,21.0,4.828214971209213,1.1209213051823417,2461.0,2.361804222648753,37.66,-122.07,1.793
2.5625,33.0,4.345505617977528,1.0449438202247192,1063.0,2.985955056179775,37.66,-122.08,1.543
3.016,31.0,4.45945945945946,1.0675675675675675,2181.0,2.9472972972972973,37.65,-122.07,1.618
2.7694,17.0,3.862971516551193,1.1077752117013089,3069.0,2.3625866050808315,37.65,-122.08,1.619
3.6818,35.0,4.847593582887701,1.0508021390374331,1093.0,2.9224598930481283,37.65,-122.08,1.654
2.1382,37.0,4.5697940503432495,0.9977116704805492,1349.0,3.0869565217391304,37.66,-122.08,1.666
3.7303,37.0,4.37378640776699,0.9271844660194176,599.0,2.907766990291262,37.66,-122.1,1.497
3.875,35.0,4.604026845637584,0.953020134228188,480.0,3.221476510067114,37.66,-122.1,1.621
3.0489,33.0,4.361607142857143,1.0357142857142858,1293.0,2.8861607142857144,37.66,-122.1,1.526
2.8203,27.0,4.148264984227129,1.138801261829653,1414.0,2.230283911671924,37.65,-122.09,1.952
4.3897,35.0,6.141304347826087,1.0434782608695652,543.0,2.9510869565217392,37.65,-122.09,1.906
4.7143,35.0,6.103092783505154,1.0309278350515465,572.0,2.948453608247423,37.65,-122.09,1.938
4.6875,34.0,5.857142857142857,1.0267857142857142,342.0,3.0535714285714284,37.66,-122.1,2.006
3.2091,29.0,4.218905472636816,1.066334991708126,2332.0,3.867330016583748,37.66,-122.11,1.5
4.275,36.0,5.576923076923077,0.9615384615384616,768.0,3.282051282051282,37.66,-122.1,1.853
4.1302,36.0,5.869565217391305,1.05685618729097,913.0,3.0535117056856187,37.66,-122.11,1.727
3.09,35.0,4.421461897356143,1.0139968895800933,1726.0,2.684292379471229,37.66,-122.11,1.741
4.5417,25.0,5.065868263473054,0.9860279441117764,1185.0,2.3652694610778444,37.65,-122.1,1.944
4.6635,28.0,6.41726618705036,1.118705035971223,735.0,2.643884892086331,37.64,-122.1,2.067
4.4427,31.0,5.633228840125392,1.025078369905956,796.0,2.4952978056426334,37.65,-122.1,2.045
4.5303,36.0,5.0,0.926829268292683,252.0,3.073170731707317,37.65,-122.1,1.75
2.375,26.0,6.48,1.08,86.0,3.44,37.65,-122.12,1.375
3.8171,18.0,5.119732785200411,1.0436793422404933,5613.0,2.884378211716341,37.63,-122.1,1.872
4.5281,35.0,5.055674518201285,0.9807280513918628,1727.0,3.698072805139186,37.61,-122.1,1.736
4.3456,19.0,4.7103825136612025,0.912568306010929,407.0,2.2240437158469946,37.66,-122.13,1.63
5.2312,31.0,4.940199335548173,0.9302325581395348,854.0,2.8372093023255816,37.64,-122.11,1.976
3.6708,8.0,4.815013404825737,1.1380697050938338,1907.0,2.5563002680965146,37.64,-122.11,1.979
3.8875,40.0,5.6103896103896105,1.324675324675325,264.0,3.4285714285714284,37.64,-122.12,2.281
3.9167,34.0,5.85140562248996,0.9718875502008032,735.0,2.9518072289156625,37.63,-122.09,1.895
3.9063,32.0,5.404109589041096,0.9726027397260274,836.0,2.863013698630137,37.64,-122.09,1.842
3.7895,29.0,5.323529411764706,1.0661764705882353,1377.0,3.375,37.63,-122.1,1.809
3.8,36.0,5.403225806451613,0.9879032258064516,789.0,3.181451612903226,37.64,-122.08,1.72
5.7309,36.0,4.938053097345133,0.8805309734513275,662.0,2.9292035398230087,37.64,-122.08,1.779
4.1141,36.0,6.955719557195572,1.132841328413284,853.0,3.1476014760147604,37.64,-122.09,1.731
5.2838,36.0,5.9,1.06,664.0,3.32,37.64,-122.09,1.726
3.3479,30.0,4.73225516621743,1.1257861635220126,4065.0,3.652291105121294,37.64,-122.08,1.821
3.142,23.0,4.538277511961723,1.0526315789473684,1109.0,2.65311004784689,37.64,-122.08,1.795
3.7614,31.0,4.145945945945946,0.9243243243243244,548.0,2.962162162162162,37.63,-122.08,1.76
4.25,33.0,4.6375838926174495,0.8523489932885906,431.0,2.8926174496644297,37.63,-122.08,1.926
3.9338,36.0,4.9125,0.83125,463.0,2.89375,37.64,-122.08,1.827
2.5158,22.0,4.006151742993849,1.036226930963773,5436.0,3.715652768284347,37.64,-122.07,1.349
2.4808,27.0,4.017316017316017,1.0432900432900434,2028.0,2.9264069264069263,37.63,-122.07,1.576
4.7083,25.0,5.248259860788863,0.9976798143851509,2426.0,2.8143851508120648,37.64,-122.07,1.909
4.1652,37.0,5.205673758865248,1.0780141843971631,1038.0,3.6808510638297873,37.64,-122.06,1.582
3.8036,33.0,4.216494845360825,0.9828178694158076,848.0,2.9140893470790377,37.65,-122.06,1.582
3.8259,33.0,5.2727272727272725,1.1454545454545455,729.0,3.3136363636363635,37.64,-122.06,1.461
3.2331,33.0,5.987421383647798,1.0817610062893082,369.0,2.320754716981132,37.63,-122.04,2.267
4.7109,35.0,5.92,1.0057142857142858,1001.0,2.86,37.62,-122.03,1.987
4.2468,32.0,5.624288425047438,1.0379506641366223,1472.0,2.793168880455408,37.62,-122.03,2.212
6.396,35.0,5.863636363636363,0.9829545454545454,453.0,2.573863636363636,37.62,-122.04,2.085
3.8125,35.0,4.902985074626866,0.8805970149253731,328.0,2.4477611940298507,37.62,-122.04,2.042
3.2857,32.0,5.099337748344371,1.0728476821192052,793.0,2.6258278145695364,37.62,-122.04,1.932
3.8929,35.0,6.362745098039215,1.156862745098039,632.0,3.0980392156862746,37.62,-122.03,2.095
3.7262,36.0,5.01423487544484,0.9644128113879004,1002.0,3.565836298932384,37.61,-122.03,1.649
4.0125,37.0,5.738589211618257,1.074688796680498,808.0,3.3526970954356847,37.61,-122.03,1.614
4.1719,36.0,5.353488372093024,1.0046511627906978,727.0,3.3813953488372093,37.61,-122.04,1.87
4.2857,35.0,4.859459459459459,0.9675675675675676,455.0,2.45945945945946,37.62,-122.04,1.904
3.6458,37.0,5.182080924855492,1.0520231213872833,1534.0,4.433526011560693,37.63,-122.08,1.566
2.6875,17.0,4.5181818181818185,0.9418181818181818,1139.0,2.070909090909091,37.62,-122.08,1.573
3.7292,35.0,5.729970326409496,1.1157270029673592,1175.0,3.486646884272997,37.63,-122.07,1.681
4.5913,24.0,5.141280353200883,1.0264900662251657,1401.0,3.0927152317880795,37.63,-122.07,1.776
3.8625,12.0,5.2063615205585725,1.0659425911559348,3388.0,2.6283941039565555,37.63,-122.06,2.089
3.3611,23.0,5.326923076923077,0.978021978021978,841.0,2.31043956043956,37.63,-122.06,1.692
2.8971,16.0,4.678062678062678,0.9857549857549858,705.0,2.0085470085470085,37.61,-122.05,1.639
4.0326,34.0,5.22258064516129,0.9451612903225808,1148.0,3.703225806451613,37.63,-122.08,1.647
4.0682,35.0,4.831775700934579,1.0093457943925233,391.0,3.6542056074766354,37.63,-122.08,1.569
5.3644,36.0,6.305220883534137,1.1004016064257027,992.0,3.983935742971888,37.63,-122.09,1.688
4.7019,35.0,4.991769547325103,0.9094650205761317,790.0,3.251028806584362,37.63,-122.09,1.741
5.64,27.0,5.833865814696486,0.987220447284345,1016.0,3.246006389776358,37.62,-122.08,2.065
3.7931,26.0,5.724050632911393,1.121518987341772,1039.0,2.630379746835443,37.61,-122.08,2.039
4.6458,9.0,5.21479374110953,1.0113798008534851,2341.0,3.330014224751067,37.61,-121.99,2.17
3.694,36.0,4.831360946745562,1.0207100591715976,1382.0,4.088757396449704,37.6,-122.02,1.596
2.652,31.0,4.931350114416476,1.194508009153318,1858.0,4.251716247139588,37.6,-122.02,1.598
3.5,32.0,4.316666666666666,0.9333333333333332,1156.0,3.8533333333333335,37.6,-122.02,1.543
3.2386,32.0,3.948170731707317,0.899390243902439,1097.0,3.3445121951219514,37.6,-122.02,1.496
5.097,33.0,5.664179104477612,1.126865671641791,831.0,3.1007462686567164,37.61,-122.03,1.886
4.3875,17.0,5.504983388704319,1.0598006644518272,1873.0,3.111295681063123,37.6,-122.04,2.385
4.625,22.0,5.85408560311284,0.9669260700389104,1640.0,3.190661478599222,37.6,-122.06,2.353
5.0406,6.0,6.016166281755196,1.094688221709007,1568.0,3.621247113163972,37.61,-122.08,2.614
5.8704,17.0,6.314565483476132,1.018359853121175,3174.0,3.884944920440637,37.6,-122.06,2.344
5.3226,18.0,5.567741935483871,0.8903225806451613,1186.0,3.825806451612903,37.6,-122.06,2.317
4.235,16.0,5.115492957746479,1.028169014084507,1367.0,3.850704225352113,37.59,-122.08,1.563
4.825,13.0,4.882575757575758,1.043560606060606,1680.0,3.1818181818181817,37.59,-122.07,2.22
5.5218,15.0,6.282926829268293,1.0195121951219512,1657.0,4.041463414634146,37.58,-122.08,2.544
6.5116,16.0,6.157303370786517,0.9400749063670412,1033.0,3.8689138576779034,37.58,-122.07,2.443
6.0661,16.0,5.992537313432836,0.8955223880597015,1117.0,4.167910447761194,37.58,-122.07,2.47
6.0074,16.0,6.862704918032787,1.1147540983606556,2003.0,4.104508196721311,37.58,-122.08,2.365
4.6211,15.0,5.3215926493108725,1.0505359877488514,2568.0,3.932618683001532,37.59,-122.07,1.514
5.225,16.0,5.502906976744186,0.9825581395348836,1461.0,4.247093023255814,37.58,-122.07,2.137
5.3428,14.0,6.326007326007326,1.1062271062271063,1116.0,4.087912087912088,37.59,-122.04,2.436
3.7462,15.0,4.900313971742543,0.999215070643642,3163.0,2.4827315541601256,37.59,-122.05,2.125
4.5721,24.0,5.339331619537275,0.9845758354755784,1488.0,3.8251928020565553,37.6,-122.03,2.147
3.6923,18.0,3.652037617554859,1.0438871473354232,855.0,2.6802507836990594,37.59,-122.02,2.132
4.6786,16.0,5.350061199510404,1.08812729498164,2530.0,3.0966952264381886,37.59,-122.03,2.56
2.875,2.0,5.624161073825503,1.9798657718120805,240.0,1.610738255033557,37.59,-122.01,2.375
3.3617,15.0,4.1923076923076925,1.043956043956044,2097.0,2.880494505494505,37.58,-122.02,1.781
5.7579,17.0,5.981969486823855,0.9944521497919556,2629.0,3.6463245492371703,37.58,-122.01,2.318
2.9706,36.0,4.184782608695652,1.0217391304347827,295.0,3.2065217391304346,37.6,-122.09,1.479
3.9022,10.0,4.850318471337579,1.0796178343949046,2056.0,3.2738853503184715,37.6,-122.08,1.917
4.6146,21.0,5.503168567807351,0.9923954372623576,2172.0,2.752851711026616,37.57,-121.97,2.476
3.6832,20.0,4.231794871794872,1.0574358974358975,2079.0,2.1323076923076925,37.58,-121.98,2.169
5.2879,12.0,5.410596026490066,1.0066225165562914,3436.0,3.250709555345317,37.57,-122.04,2.312
5.6758,15.0,6.017804154302671,1.0207715133531157,4576.0,3.394658753709199,37.58,-122.06,2.534
4.3594,23.0,5.225572979493365,1.0337756332931245,2461.0,2.9686369119420988,37.56,-122.02,2.234
5.5737,35.0,5.430379746835443,0.9873417721518988,914.0,2.892405063291139,37.56,-122.02,2.145
4.8962,31.0,5.390692640692641,1.0432900432900434,2841.0,3.074675324675325,37.56,-122.03,2.202
4.6978,24.0,5.663313212608987,1.000670690811536,4446.0,2.9818913480885314,37.56,-122.03,2.403
4.4259,6.0,4.114130434782608,1.0570652173913044,1531.0,2.0801630434782608,37.56,-122.01,1.58
3.3008,26.0,4.177777777777778,1.0747474747474748,1434.0,2.896969696969697,37.55,-122.01,2.242
4.5687,33.0,4.962546816479401,1.0262172284644195,909.0,3.404494382022472,37.55,-122.02,1.772
3.8179,24.0,5.115768463073852,0.9680638722554892,1174.0,2.343313373253493,37.56,-122.01,2.161
4.3393,20.0,5.232388663967611,1.0477732793522267,3288.0,2.662348178137652,37.56,-121.99,2.312
4.1387,4.0,4.470167064439141,1.1849642004773269,1606.0,1.9164677804295944,37.55,-121.96,1.625
4.8052,13.0,5.032731376975169,1.0287810383747178,4518.0,2.549661399548533,37.56,-121.97,2.54
4.6349,31.0,6.052795031055901,1.0683229813664596,986.0,3.062111801242236,37.54,-121.97,1.962
3.168,17.0,4.165820642978003,1.054991539763113,3080.0,2.6057529610829104,37.55,-121.97,1.894
3.1326,17.0,3.833457804331591,1.0268857356235996,3386.0,2.5287528005974607,37.54,-121.98,2.208
2.9074,16.0,3.492905937992643,1.1024697845507094,4649.0,2.442984760903836,37.55,-121.99,2.138
5.761,33.0,6.891447368421052,1.125,941.0,3.0953947368421053,37.53,-121.94,2.596
4.6641,29.0,6.011965811965812,1.1025641025641026,1724.0,2.947008547008547,37.54,-121.95,2.489
3.9909,14.0,4.608303249097473,1.089350180505415,2738.0,2.4711191335740077,37.54,-121.96,2.36
4.2955,23.0,4.502032520325203,0.9654471544715448,1278.0,2.597560975609756,37.53,-121.96,2.188
4.9615,28.0,5.411009174311927,0.9706422018348624,1538.0,2.8220183486238533,37.53,-121.96,2.28
2.6198,18.0,4.052901023890785,1.1126279863481228,1252.0,2.136518771331058,37.53,-121.96,2.359
4.7135,28.0,4.950749464668094,1.0620985010706638,1344.0,2.8779443254817987,37.54,-121.97,2.032
4.75,35.0,5.513317191283293,1.0169491525423728,1353.0,3.276029055690073,37.53,-121.97,1.97
5.4299,26.0,6.172413793103448,0.9532019704433498,1273.0,3.1354679802955663,37.53,-121.97,2.364
4.6,28.0,5.238888888888889,1.048148148148148,1610.0,2.9814814814814814,37.53,-121.98,2.232
4.1947,26.0,4.974960876369327,1.1001564945226916,2142.0,3.352112676056338,37.53,-121.98,2.227
5.388,26.0,5.772277227722772,0.9183168316831684,1285.0,3.18069306930693,37.54,-121.99,2.25
3.9444,18.0,5.422087745839637,1.0816944024205748,1673.0,2.5310136157337366,37.54,-121.99,2.401
5.3283,28.0,5.903100775193798,0.9825581395348836,1772.0,3.434108527131783,37.54,-121.99,2.279
4.9167,34.0,5.963675213675214,1.0576923076923077,1276.0,2.7264957264957266,37.55,-122.01,2.563
5.0423,25.0,5.85590465872156,1.017334777898158,2831.0,3.067172264355363,37.53,-121.99,2.222
4.5317,26.0,6.135399673735726,1.0163132137030997,1776.0,2.897226753670473,37.52,-121.97,2.326
5.4359,25.0,6.613095238095238,1.0138888888888888,1671.0,3.3154761904761907,37.51,-121.97,2.583
5.0824,23.0,5.508948545861298,1.0604026845637584,2530.0,2.829977628635347,37.52,-121.97,2.309
5.2308,33.0,5.234600262123198,1.001310615989515,2721.0,3.5661861074705112,37.52,-121.95,1.969
4.4107,22.0,5.350828729281768,1.0359116022099448,3215.0,2.960405156537753,37.51,-121.96,2.235
5.2396,26.0,5.737057220708447,1.0095367847411445,2352.0,3.204359673024523,37.52,-121.96,2.239
4.7478,27.0,5.7625,1.0135416666666666,2855.0,2.973958333333333,37.53,-121.93,2.435
5.1643,10.0,5.0757162346521145,1.0832196452933152,3571.0,2.4358799454297406,37.49,-121.92,1.931
5.3813,23.0,6.924558587479936,1.0850722311396468,1972.0,3.1653290529695024,37.48,-121.92,2.644
6.0878,26.0,5.647058823529412,0.9019607843137256,1105.0,3.095238095238096,37.47,-121.92,2.469
4.9118,26.0,6.391304347826087,1.1014492753623188,1597.0,3.3064182194616976,37.55,-122.03,2.173
4.9464,26.0,5.689655172413793,0.9787798408488064,1285.0,3.408488063660477,37.54,-122.04,2.238
5.2882,25.0,5.987197724039829,1.0398293029871977,2568.0,3.6529160739687057,37.54,-122.05,2.231
5.1321,23.0,5.160388821385176,1.014580801944107,2357.0,2.863912515188336,37.55,-122.05,2.113
3.9667,25.0,5.008988764044944,1.0359550561797752,2998.0,3.368539325842697,37.53,-122.04,2.185
3.1696,17.0,4.07,0.97,307.0,3.07,37.5,-122.04,1.563
5.0838,20.0,6.116037735849057,1.0075471698113208,3526.0,3.3264150943396227,37.54,-122.06,2.482
4.8214,35.0,5.523668639053255,1.014792899408284,1213.0,3.588757396449704,37.54,-122.03,1.86
4.1406,6.0,4.566510172143975,1.051643192488263,1911.0,2.990610328638497,37.54,-122.03,1.782
3.7364,34.0,4.9593147751606,1.0235546038543897,1524.0,3.26338329764454,37.53,-122.04,1.904
3.535,31.0,5.254237288135593,1.11864406779661,719.0,3.046610169491525,37.54,-122.02,2.103
5.0739,16.0,5.124137931034483,0.9839080459770116,3038.0,3.491954022988505,37.54,-122.03,2.08
3.256,18.0,4.321782178217822,1.0816831683168318,1268.0,3.1386138613861387,37.53,-122.03,1.833
6.0667,19.0,6.44851904090268,1.004231311706629,2346.0,3.308885754583921,37.53,-122.01,2.457
5.7072,21.0,6.284875183553598,0.9882525697503672,2216.0,3.2540381791483117,37.53,-122.02,2.422
4.9867,7.0,4.826747720364741,1.0562310030395137,3223.0,2.4490881458966567,37.51,-122.0,1.817
5.347,22.0,6.751091703056769,1.042212518195051,2302.0,3.3508005822416305,37.72,-121.92,2.195
5.7233,25.0,6.523099850968704,0.9955290611028316,2038.0,3.03725782414307,37.71,-121.91,2.318
4.4697,26.0,5.94392523364486,0.9922118380062306,1935.0,3.014018691588785,37.72,-121.93,2.213
4.9107,26.0,6.31981981981982,1.0337837837837838,1453.0,3.2725225225225225,37.72,-121.93,2.138
4.2281,26.0,5.990062111801242,1.049689440993789,2288.0,2.8422360248447207,37.71,-121.93,2.06
4.4087,3.0,5.385964912280702,1.2763157894736843,793.0,1.7390350877192982,37.7,-121.93,2.256
5.9345,23.0,7.287625418060201,1.0301003344481603,926.0,3.096989966555184,37.69,-121.91,2.596
6.177,20.0,6.938461538461539,0.9769230769230768,831.0,3.1961538461538463,37.68,-121.91,2.629
5.817,18.0,6.982692307692307,1.051923076923077,1700.0,3.269230769230769,37.68,-121.91,2.573
6.3132,18.0,6.73536299765808,0.990632318501171,1395.0,3.2669789227166275,37.69,-121.91,2.592
6.0604,20.0,6.219409282700422,0.9936708860759492,1181.0,2.4915611814345997,37.67,-121.89,2.479
3.1127,29.0,4.2087227414330215,1.059190031152648,1360.0,2.118380062305296,37.66,-121.88,2.33
2.4896,39.0,5.117647058823529,1.1372549019607845,161.0,1.5784313725490196,37.66,-121.87,2.385
5.0677,52.0,6.300813008130081,1.089430894308943,315.0,2.5609756097560976,37.66,-121.87,2.333
2.1187,3.0,3.3947939262472886,1.0065075921908897,769.0,1.668112798264642,37.66,-121.89,2.313
5.5,10.0,5.837146702557201,1.0767160161507403,1813.0,2.440107671601615,37.67,-121.87,2.472
4.9879,28.0,6.517985611510792,1.0575539568345325,853.0,3.068345323741007,37.67,-121.87,2.294
3.62,4.0,4.9629331184528604,1.216760676873489,2649.0,2.1345688960515714,37.69,-121.89,1.393
4.2083,32.0,6.965517241379311,1.2758620689655171,144.0,2.4827586206896552,37.77,-121.61,1.25
3.9864,12.0,5.2558575445173386,0.9831302717900656,2595.0,2.4320524835988757,37.71,-121.73,2.002
4.8624,11.0,5.68,1.0447058823529412,5826.0,2.741647058823529,37.71,-121.75,1.924
4.7361,22.0,6.08021978021978,1.0362637362637364,2474.0,2.718681318681319,37.7,-121.8,2.168
5.4324,17.0,5.97583081570997,0.9652567975830816,2222.0,3.356495468277945,37.69,-121.8,2.155
4.9375,12.0,5.974921630094044,1.1003134796238243,802.0,2.5141065830721003,37.69,-121.82,2.277
3.3841,29.0,4.842031029619182,1.002820874471086,1919.0,2.706629055007052,37.69,-121.76,1.844
3.5532,36.0,4.53494623655914,1.0,950.0,2.553763440860215,37.68,-121.77,1.584
3.3618,34.0,5.114967462039045,1.0802603036876357,1157.0,2.509761388286334,37.69,-121.78,1.746
4.3533,35.0,4.9877622377622375,1.027972027972028,1761.0,3.0786713286713288,37.69,-121.78,1.684
4.5357,25.0,6.013371537726838,1.0334288443170965,3200.0,3.0563514804202483,37.69,-121.79,1.884
5.7068,9.0,5.861561119293078,1.0839469808541973,1705.0,2.511045655375552,37.7,-121.76,2.567
3.7212,26.0,5.07088122605364,1.0268199233716475,1422.0,2.7241379310344827,37.69,-121.75,1.838
5.2443,35.0,6.673003802281369,1.1368821292775666,702.0,2.6692015209125475,37.68,-121.75,1.834
4.2361,35.0,5.340974212034384,1.0229226361031518,1189.0,3.4068767908309456,37.68,-121.76,1.775
3.1856,32.0,5.472081218274112,1.0507614213197969,555.0,2.817258883248731,37.68,-121.76,1.869
5.4496,17.0,6.180989978742788,1.0607348921955664,8768.0,2.662617673853629,37.68,-121.73,2.389
3.0222,17.0,4.576470588235294,1.2823529411764707,1392.0,2.047058823529412,37.68,-121.78,1.725
2.6667,44.0,4.541284403669724,1.0275229357798166,277.0,2.541284403669725,37.68,-121.77,1.792
3.7301,52.0,5.147971360381861,0.9976133651551312,929.0,2.217183770883055,37.68,-121.76,2.044
4.6806,41.0,5.211805555555555,1.0381944444444444,629.0,2.1840277777777777,37.68,-121.77,2.094
5.7907,20.0,6.408260524225576,0.966640190627482,3489.0,2.771247021445592,37.67,-121.77,2.642
5.2649,26.0,6.88785046728972,1.071651090342679,1024.0,3.190031152647975,37.67,-121.78,1.998
6.0797,26.0,6.2514450867052025,0.9797687861271676,947.0,2.73699421965318,37.67,-121.79,2.11
4.8571,28.0,6.591078066914498,1.033457249070632,804.0,2.9888475836431225,37.67,-121.78,2.011
3.8523,25.0,5.5,1.1807909604519775,900.0,2.542372881355932,37.66,-121.78,1.93
5.98,22.0,6.586469534050179,0.9901433691756272,6693.0,2.9986559139784945,37.66,-121.79,2.45
3.15,16.0,29.852941176470587,5.323529411764706,202.0,1.9803921568627447,38.52,-120.0,1.406
3.4609,14.0,8.62530413625304,1.708029197080292,946.0,2.301703163017032,38.48,-120.56,1.209
3.2031,16.0,7.972375690607735,1.3756906077348066,435.0,2.403314917127072,38.46,-120.55,1.292
3.5,17.0,6.3375,1.2875,607.0,2.529166666666667,38.47,-120.76,1.238
3.9107,40.0,6.5,1.1495327102803738,546.0,2.5514018691588785,38.43,-120.79,1.298
4.2917,13.0,6.4605263157894735,1.162280701754386,597.0,2.6184210526315788,38.44,-120.69,1.213
4.3029,16.0,6.090592334494773,1.1219512195121952,4930.0,17.177700348432055,38.42,-120.97,1.219
3.0465,17.0,5.932843651626443,1.1385099685204616,2237.0,2.3473242392444917,38.42,-120.72,1.441
2.3125,15.0,5.681022880215343,1.098250336473755,1737.0,2.3378196500672948,38.38,-120.77,1.286
2.525,9.0,5.839869281045751,1.1339869281045751,806.0,2.633986928104575,38.38,-120.72,1.572
2.7399,15.0,6.218905472636816,1.1459369817578773,1444.0,2.39469320066335,38.39,-120.62,1.348
4.4531,16.0,5.901408450704225,1.0845070422535212,559.0,2.624413145539906,38.34,-120.71,1.443
3.2135,37.0,5.541322314049586,1.0578512396694215,533.0,2.2024793388429758,38.31,-120.8,1.236
3.07,15.0,5.385624344176286,0.9758656873032528,4591.0,2.408709338929696,39.76,-121.89,1.426
1.6785,12.0,4.485285101164929,1.011036174126303,7517.0,2.304414469650521,39.74,-121.88,1.531
3.6625,22.0,5.747474747474747,0.9966329966329966,822.0,2.767676767676768,39.75,-121.87,1.266
3.9,7.0,6.554716981132075,1.0943396226415094,747.0,2.818867924528302,39.74,-121.87,1.47
3.4191,52.0,4.530612244897959,0.8163265306122449,1107.0,11.29591836734694,39.73,-121.85,1.375
1.1019,13.0,4.456632653061225,1.0752551020408163,1571.0,2.003826530612245,39.74,-121.86,1.202
2.575,34.0,5.493265993265993,1.0168350168350169,1290.0,2.171717171717172,39.74,-121.83,1.303
4.3309,28.0,6.820855614973262,1.0106951871657754,1011.0,2.7032085561497325,39.75,-121.8,1.252
3.1125,11.0,5.705696202531645,1.071993670886076,3264.0,2.5822784810126582,39.75,-121.8,1.226
2.125,8.0,4.827586206896552,0.9655172413793104,84.0,2.896551724137931,39.71,-121.78,1.792
1.5481,52.0,5.02,1.0,311.0,3.11,39.73,-121.84,2.0
4.5032,11.0,6.3,1.0185185185185186,2456.0,3.0320987654320986,39.82,-121.87,1.597
3.7007,26.0,6.272311212814645,1.032036613272311,1217.0,2.7848970251716247,39.71,-121.89,1.392
3.5375,38.0,5.840425531914893,1.1170212765957446,275.0,2.925531914893617,39.68,-121.84,1.531
4.712,20.0,6.265,1.015,1705.0,2.841666666666667,39.66,-121.77,1.586
3.5189,15.0,5.489010989010989,1.0274725274725274,1786.0,2.4532967032967035,39.82,-121.68,1.413
2.3711,20.0,5.397014925373134,0.9970149253731344,763.0,2.2776119402985078,39.74,-121.64,1.218
3.13,8.0,5.5390625,1.01953125,1163.0,2.271484375,39.69,-121.56,1.683
2.4623,17.0,5.680701754385965,1.024561403508772,705.0,2.473684210526316,39.74,-121.57,1.261
2.9562,14.0,6.038084874863983,1.088139281828074,1822.0,1.9825897714907508,39.54,-121.46,1.423
2.6528,9.0,8.010752688172044,1.586021505376344,2233.0,2.401075268817204,37.97,-120.67,1.33
3.0,16.0,6.110569105691057,1.1626016260162602,1777.0,2.8894308943089437,38.09,-120.46,1.226
4.0109,8.0,5.574175824175824,1.0631868131868132,1000.0,2.7472527472527477,38.16,-120.88,1.259
3.636,9.0,5.994983277591973,1.137123745819398,1800.0,3.0100334448160537,38.11,-120.91,1.331
3.8488,7.0,6.446636771300448,1.1551569506726458,3175.0,2.8475336322869955,38.12,-120.76,1.306
2.6417,13.0,5.8215297450424925,1.19971671388102,1796.0,2.543909348441926,38.2,-120.57,1.223
2.8208,10.0,7.060755336617405,1.38752052545156,1480.0,2.4302134646962235,38.21,-120.36,1.399
3.75,10.0,16.847533632286996,3.2376681614349776,546.0,2.4484304932735426,38.23,-120.34,1.214
4.4063,13.0,28.75728155339806,5.300970873786408,252.0,2.4466019417475726,38.26,-120.33,1.558
2.6942,13.0,11.490861618798956,2.164490861618799,924.0,2.412532637075718,38.23,-120.37,1.235
3.4402,28.0,6.522821576763485,1.4398340248962656,1095.0,2.271784232365145,38.03,-121.65,1.924
3.6694,17.0,5.098,1.192,1169.0,2.338,38.03,-121.63,2.094
3.2619,25.0,6.193251533742331,1.2607361963190185,888.0,2.723926380368098,38.04,-121.63,1.838
5.0016,3.0,7.246069182389937,1.1965408805031446,3578.0,2.8128930817610063,38.0,-121.73,1.891
4.9618,7.0,6.153905645784996,1.0162412993039442,4460.0,3.449342614075793,38.0,-121.72,1.565
5.0468,5.0,6.530330882352941,1.0505514705882353,3523.0,3.2380514705882355,37.98,-121.72,1.688
3.6411,19.0,5.892173913043478,1.0417391304347825,1707.0,2.968695652173913,37.98,-121.68,1.628
5.1041,9.0,6.013671875,1.013671875,1562.0,3.05078125,37.98,-121.7,1.729
3.3558,27.0,5.461103253182461,1.0155586987270155,2085.0,2.949080622347949,37.99,-121.71,1.297
4.375,22.0,6.378048780487805,1.1890243902439024,527.0,3.213414634146341,37.99,-121.67,2.135
2.8828,36.0,5.7,1.0666666666666669,861.0,2.87,37.94,-121.7,1.311
3.8125,15.0,4.590570719602978,1.094292803970223,1348.0,3.3449131513647643,37.95,-121.69,1.254
3.2813,33.0,5.15268817204301,0.9720430107526882,1391.0,2.9913978494623654,37.96,-121.7,1.514
4.7426,19.0,5.871428571428571,1.022857142857143,1064.0,3.04,37.93,-121.66,2.631
4.8958,17.0,7.348314606741573,1.0898876404494382,825.0,3.0898876404494384,37.91,-121.7,1.871
2.2216,19.0,4.975186104218363,1.0049627791563276,972.0,2.411910669975186,37.93,-121.7,1.567
5.7104,5.0,6.526867627785059,1.0144167758846658,2399.0,3.144167758846658,37.95,-121.74,1.863
4.6587,10.0,5.838709677419355,1.096774193548387,1779.0,3.1881720430107525,37.93,-121.7,1.525
5.1017,13.0,7.082857142857143,1.1257142857142857,1075.0,3.071428571428572,37.91,-121.6,2.414
3.691,30.0,4.975609756097561,1.0,989.0,3.445993031358885,37.86,-121.61,1.544
4.4583,22.0,6.246875,1.296875,967.0,3.021875,37.85,-121.64,2.539
2.2639,52.0,4.9734513274336285,1.084070796460177,528.0,2.336283185840708,38.01,-121.81,1.285
3.4722,25.0,5.313380281690141,1.0669014084507042,1614.0,2.841549295774648,38.01,-121.82,1.27
4.4491,19.0,6.369668246445498,1.1113744075829384,1216.0,2.881516587677725,38.01,-121.78,1.339
3.1728,17.0,6.524271844660194,1.3171521035598706,1749.0,2.8300970873786406,38.01,-121.79,1.468
3.6118,34.0,5.459363957597173,1.047703180212014,1588.0,2.8056537102473498,38.0,-121.79,1.247
3.5179,37.0,5.8470363288718925,1.0841300191204588,1351.0,2.5831739961759084,38.01,-121.8,1.308
5.3245,8.0,5.987373737373737,0.946969696969697,1094.0,2.7626262626262625,38.0,-121.78,1.745
3.9861,13.0,5.849019607843137,1.0470588235294118,1417.0,2.7784313725490195,38.01,-121.77,1.681
4.8194,18.0,6.423340961098398,1.0183066361556063,1315.0,3.009153318077803,37.99,-121.81,1.704
5.1435,22.0,6.855882352941176,1.0558823529411765,1086.0,3.194117647058824,37.99,-121.81,1.508
5.0164,13.0,6.58154859967051,0.9967051070840196,1969.0,3.243822075782537,37.98,-121.82,1.652
4.4583,30.0,5.784070796460177,1.0035398230088497,1714.0,3.033628318584071,38.0,-121.82,1.31
4.2647,26.0,5.943462897526501,1.007067137809187,1806.0,3.190812720848057,38.0,-121.85,1.334
4.8359,25.0,6.602316602316602,1.111969111969112,799.0,3.0849420849420848,38.0,-121.83,1.453
4.9167,23.0,6.609195402298851,1.0,572.0,3.2873563218390807,37.99,-121.83,1.524
4.4853,23.0,7.060931899641577,1.060931899641577,935.0,3.3512544802867383,37.99,-121.83,1.459
4.7566,18.0,5.958695652173913,0.9760869565217392,1507.0,3.276086956521739,37.99,-121.83,1.425
3.3625,13.0,5.0443951165371805,1.0566037735849056,2188.0,2.428412874583796,37.99,-121.84,1.261
4.6029,15.0,6.134020618556701,0.9922680412371134,1292.0,3.329896907216495,37.99,-121.84,1.426
5.6779,16.0,6.443708609271523,1.0198675496688745,1456.0,3.2141280353200883,37.99,-121.83,1.647
5.6506,10.0,7.092150170648464,1.0392491467576792,1878.0,3.204778156996587,37.99,-121.79,1.786
5.7321,18.0,6.814953271028037,0.9981308411214952,1651.0,3.085981308411215,37.99,-121.79,1.647
3.5368,34.0,5.965141612200436,1.0348583877995643,1316.0,2.867102396514161,38.0,-121.8,1.225
5.5,16.0,6.8991031390134525,1.0426008968609866,1575.0,3.531390134529148,37.99,-121.8,1.795
5.4409,4.0,7.853351955307263,1.089385474860335,2429.0,3.392458100558659,37.99,-121.77,2.051
4.1111,10.0,5.904051172707889,1.3198294243070363,1045.0,2.228144989339019,38.03,-121.88,1.586
3.6154,5.0,4.193548387096774,0.9919354838709676,1037.0,2.7876344086021505,38.02,-121.9,1.818
4.1947,16.0,6.384803921568627,1.0784313725490196,1352.0,3.313725490196078,38.0,-121.88,1.403
2.7374,9.0,4.433444259567388,1.0682196339434276,2827.0,2.3519134775374377,38.01,-121.88,1.5
4.2227,30.0,5.698060941828255,1.0290858725761771,1994.0,2.761772853185596,38.01,-121.89,1.344
5.3098,22.0,5.589147286821706,0.9069767441860463,367.0,2.8449612403100777,38.0,-121.88,1.519
3.5857,4.0,4.799764428739694,1.0918727915194346,2239.0,2.6372202591283864,38.0,-121.86,1.652
5.25,16.0,7.099337748344371,1.0242825607064017,1504.0,3.32008830022075,38.0,-121.86,1.617
4.1016,4.0,4.709327548806941,1.295010845986985,928.0,2.013015184381779,37.99,-121.89,1.705
5.5676,16.0,7.469428007889546,1.0157790927021697,1606.0,3.1676528599605525,37.99,-121.88,1.742
4.8542,17.0,6.537349397590361,1.0650602409638554,1475.0,3.5542168674698797,38.0,-121.87,1.441
4.9783,15.0,7.083601286173633,1.0032154340836013,1051.0,3.379421221864952,37.99,-121.87,1.639
2.1417,12.0,4.390029325513196,1.0557184750733135,943.0,2.7653958944281527,38.02,-121.9,1.222
4.6628,16.0,5.413721413721413,0.943866943866944,1696.0,3.525987525987526,38.01,-121.9,1.36
5.102,8.0,5.681818181818182,0.9896694214876032,1526.0,3.152892561983471,38.02,-121.92,1.565
4.1094,14.0,5.9937888198757765,1.1273291925465838,990.0,3.074534161490684,38.0,-121.9,1.622
6.0497,14.0,7.1386666666666665,0.9813333333333332,1288.0,3.4346666666666668,38.0,-121.9,1.775
6.1237,7.0,6.229007633587786,0.9465648854961832,879.0,3.354961832061069,38.01,-121.92,1.66
5.3363,9.0,6.284931506849315,1.0657534246575342,1142.0,3.128767123287671,38.01,-121.93,1.608
5.1337,13.0,4.9480519480519485,0.9285714285714286,940.0,3.051948051948052,38.02,-121.93,1.548
4.0767,5.0,5.460474308300396,1.0889328063241106,3207.0,3.16897233201581,38.03,-121.95,1.431
4.2067,16.0,5.443786982248521,1.0502958579881656,1288.0,3.810650887573965,38.02,-121.92,1.25
3.4817,15.0,5.6280834914611,1.0588235294117647,1687.0,3.2011385199240987,38.02,-121.91,1.298
3.7043,17.0,5.677966101694915,1.0554699537750385,1939.0,2.987673343605547,38.03,-121.97,1.398
4.8693,44.0,6.181434599156118,1.042194092827004,817.0,3.4472573839662446,38.02,-122.02,1.569
6.0424,4.0,5.431554524361949,0.9466357308584686,1235.0,2.8654292343387477,38.03,-122.0,1.659
2.0523,44.0,4.220779220779221,1.122077922077922,825.0,2.142857142857143,38.02,-122.14,1.339
2.5795,42.0,3.933333333333333,1.1333333333333333,54.0,1.8,38.03,-122.14,2.25
2.9583,52.0,5.2727272727272725,1.1263858093126389,940.0,2.084257206208426,38.02,-122.13,1.66
1.8523,48.0,4.4789029535864975,1.042194092827004,859.0,1.8122362869198312,38.01,-122.13,1.448
4.5,50.0,5.569620253164557,1.0791139240506329,741.0,2.34493670886076,38.01,-122.14,1.783
2.1974,51.0,4.23489932885906,1.0369127516778522,608.0,2.040268456375839,38.01,-122.13,1.393
2.5481,33.0,4.4078125,1.01875,1206.0,1.884375,38.0,-122.13,1.508
5.1265,40.0,6.498194945848375,1.0469314079422385,761.0,2.747292418772563,38.02,-122.16,1.961
3.3831,41.0,4.752650176678445,0.96113074204947,718.0,2.537102473498233,38.01,-122.11,1.294
4.2042,20.0,5.241379310344827,1.0524737631184409,3221.0,2.414542728635682,38.0,-122.12,1.664
3.9519,50.0,5.439330543933054,1.100418410041841,691.0,2.8912133891213387,38.01,-122.12,1.265
3.609,50.0,4.787878787878788,0.977961432506887,837.0,2.3057851239669422,38.01,-122.12,1.357
4.1189,42.0,5.83989501312336,0.963254593175853,864.0,2.267716535433071,38.01,-122.12,1.724
3.6523,28.0,5.551546391752577,1.0618556701030928,2086.0,2.6881443298969074,38.02,-122.1,1.597
3.625,37.0,5.315217391304348,1.0978260869565215,462.0,2.510869565217391,38.0,-122.07,1.563
5.2015,6.0,5.69647847959754,1.0519843487982112,4377.0,2.446618222470654,38.0,-122.09,2.042
5.76,9.0,6.305709023941068,1.0736648250460403,1460.0,2.6887661141804786,38.0,-122.11,2.126
5.0509,19.0,6.362021857923497,1.0095628415300546,1914.0,2.614754098360656,37.99,-122.08,1.999
5.4496,19.0,6.233265720081136,1.026369168356998,1773.0,3.5963488843813387,37.99,-122.09,2.054
5.1297,16.0,5.788461538461538,1.0502958579881656,1782.0,2.636094674556213,37.99,-122.11,2.067
6.6579,9.0,5.659528907922912,0.9400428265524624,1105.0,2.366167023554604,37.97,-122.08,2.452
5.6875,14.0,6.170871559633028,0.9988532110091743,2296.0,2.63302752293578,37.98,-122.09,2.11
4.675,33.0,6.360153256704981,1.0613026819923372,741.0,2.839080459770115,37.99,-122.12,2.254
4.3571,20.0,6.212765957446808,1.0638297872340423,1679.0,2.747954173486088,37.96,-122.1,2.282
6.3699,25.0,5.846808510638298,0.8765957446808511,569.0,2.421276595744681,37.96,-122.1,2.355
4.5401,28.0,5.544388609715243,0.9614740368509213,1811.0,3.033500837520938,37.99,-122.07,1.669
4.0154,12.0,4.710490463215259,1.116485013623978,2940.0,2.002724795640327,37.98,-122.07,1.861
3.7262,20.0,5.0,1.035190615835777,856.0,2.5102639296187683,37.97,-122.07,2.118
5.0172,34.0,5.854671280276817,1.0034602076124568,836.0,2.8927335640138407,37.96,-122.07,1.971
4.2917,37.0,5.868421052631579,1.0296052631578947,788.0,2.5921052631578947,37.96,-122.06,1.896
4.7386,36.0,5.981081081081081,1.0432432432432432,950.0,2.5675675675675675,37.95,-122.06,1.864
4.5893,39.0,5.711688311688311,1.0077922077922077,1025.0,2.6623376623376624,37.95,-122.07,1.9
5.0672,24.0,5.919776119402985,1.0223880597014925,1351.0,2.5205223880597014,37.95,-122.08,2.43
4.8702,33.0,7.047297297297297,1.0608108108108107,425.0,2.871621621621621,37.95,-122.08,2.356
5.0445,37.0,6.27319587628866,1.0257731958762886,552.0,2.845360824742268,37.96,-122.07,1.962
3.9816,10.0,4.735235567352356,1.1220968812209688,2959.0,1.9635036496350364,37.96,-122.06,1.82
4.175,34.0,5.234200743494424,1.029739776951673,738.0,2.7434944237918217,37.95,-122.05,1.694
2.5459,22.0,3.512236286919831,1.0075949367088608,1804.0,1.5223628691983122,37.94,-122.05,1.793
2.5268,19.0,4.48488241881299,1.0884658454647256,1896.0,2.123180291153416,37.94,-122.06,2.357
3.5057,36.0,5.544117647058823,1.0252100840336134,1111.0,2.3340336134453783,37.94,-122.07,2.051
2.892,30.0,5.701357466063349,1.248868778280543,707.0,3.1990950226244346,37.94,-122.07,2.208
5.0761,35.0,6.1072507552870094,1.040785498489426,1832.0,2.7673716012084597,37.93,-122.08,2.332
4.725,44.0,5.969945355191257,0.9754098360655736,943.0,2.576502732240437,37.94,-122.08,2.321
6.0265,32.0,6.406698564593301,1.0,601.0,2.875598086124402,37.95,-122.09,2.479
3.2,32.0,5.632958801498128,1.0449438202247192,749.0,2.805243445692884,37.99,-122.04,1.345
4.125,36.0,6.26984126984127,1.1224489795918366,1478.0,3.3514739229024944,37.99,-122.04,1.362
6.1359,16.0,3.1578947368421053,0.5263157894736842,65.0,3.421052631578948,37.97,-122.05,2.5
1.8229,17.0,4.903345724907063,1.174721189591078,384.0,1.427509293680297,37.99,-122.06,1.375
3.7333,36.0,6.300254452926208,1.201017811704835,1213.0,3.0865139949109417,38.0,-122.05,1.364
1.3894,16.0,2.508298755186722,0.9896265560165975,627.0,1.3008298755186722,37.98,-122.03,1.563
2.3152,10.0,3.4055944055944054,1.1048951048951048,631.0,2.2062937062937062,37.97,-122.04,1.406
5.7295,25.0,6.032040472175379,0.9797639123102868,1753.0,2.9561551433389543,38.0,-122.03,1.783
4.5707,27.0,5.489795918367347,0.95578231292517,1666.0,2.833333333333333,38.01,-122.03,1.759
3.8897,38.0,5.572916666666667,1.1270833333333334,1378.0,2.870833333333333,37.99,-122.04,1.399
3.6042,45.0,5.31214953271028,1.0598130841121496,1261.0,2.3570093457943924,37.98,-122.03,1.382
4.6375,28.0,6.281779661016949,1.1292372881355932,1591.0,3.3707627118644066,38.0,-122.02,1.782
4.9022,35.0,5.482332155477032,0.9487632508833922,1614.0,2.851590106007067,37.99,-122.03,1.693
4.45,37.0,5.659949622166247,1.0478589420654911,1237.0,3.115869017632242,37.99,-122.02,1.619
4.59,37.0,5.014285714285714,0.9342857142857144,882.0,2.52,37.99,-122.03,1.666
3.4531,44.0,5.778801843317972,1.1612903225806452,498.0,2.294930875576037,37.98,-122.03,1.489
3.5179,25.0,4.96969696969697,1.1313131313131313,777.0,2.6161616161616164,37.98,-122.01,1.655
4.317,29.0,5.408108108108108,1.008108108108108,956.0,2.583783783783784,37.98,-122.01,1.94
5.1118,32.0,5.855491329479769,0.976878612716763,436.0,2.520231213872832,37.98,-122.0,2.269
5.1021,27.0,5.779582366589327,0.9930394431554525,1171.0,2.7169373549883997,37.97,-122.0,2.028
3.6449,32.0,5.8828125,1.029296875,1288.0,2.515625,37.97,-122.01,2.115
2.8456,40.0,4.869918699186992,1.086720867208672,756.0,2.048780487804878,37.98,-122.02,1.655
3.4187,37.0,4.453172205438066,1.0362537764350452,782.0,2.3625377643504533,37.98,-122.02,1.617
5.4607,28.0,6.122913505311077,0.9726858877086496,1881.0,2.8543247344461307,37.99,-122.0,1.923
5.0915,31.0,5.953079178885631,0.9882697947214076,867.0,2.5425219941348973,37.98,-122.0,1.932
4.4536,23.0,5.7468671679198,1.0300751879699248,969.0,2.4285714285714284,37.98,-121.99,1.84
6.2135,28.0,6.408577878103838,0.9661399548532732,1372.0,3.0970654627539504,37.97,-121.99,2.172
4.9219,35.0,6.930232558139535,1.1686046511627908,535.0,3.11046511627907,37.98,-122.0,1.82
4.525,36.0,4.590909090909091,0.875,237.0,2.6931818181818183,37.98,-122.0,1.613
4.0507,34.0,4.984126984126984,1.0595238095238095,638.0,2.531746031746032,37.98,-122.01,1.61
3.7841,28.0,5.413105413105413,1.1424501424501423,918.0,2.6153846153846154,37.99,-122.01,1.449
6.1436,18.0,7.323529411764706,1.0508021390374331,1072.0,2.8663101604278074,37.96,-121.95,2.595
6.1168,27.0,5.712837837837838,0.9763513513513512,807.0,2.7263513513513518,37.97,-121.97,2.105
5.0092,24.0,6.487804878048781,0.8926829268292683,656.0,3.2,37.97,-121.97,2.441
4.7891,28.0,4.578274760383387,0.926517571884984,877.0,2.801916932907348,37.96,-121.97,1.848
5.2145,28.0,6.807407407407408,1.011111111111111,899.0,3.329629629629629,37.96,-121.96,2.292
3.6133,7.0,5.056213017751479,1.0946745562130178,1583.0,2.341715976331361,37.95,-121.96,1.961
3.65,22.0,5.531481481481482,1.0425925925925923,1420.0,2.6296296296296298,37.96,-121.98,2.041
5.7512,26.0,7.241758241758242,0.967032967032967,817.0,2.9926739926739927,37.97,-121.97,2.402
5.9617,26.0,6.635696821515892,0.9535452322738386,1232.0,3.0122249388753057,37.97,-121.98,2.311
5.2442,26.0,6.367441860465116,0.9953488372093025,1316.0,3.0604651162790697,37.97,-121.98,2.132
5.1333,22.0,5.955696202531645,1.0738396624472577,1271.0,2.681434599156118,37.97,-121.99,2.072
4.6071,30.0,6.114180478821363,1.0847145488029466,1470.0,2.707182320441989,37.97,-121.99,1.841
3.7,32.0,4.961651917404129,0.9823008849557522,1980.0,2.920353982300885,37.96,-122.0,1.79
4.5833,28.0,6.292117465224111,1.1020092735703246,2033.0,3.142194744976816,37.96,-122.0,1.907
3.0859,13.0,4.497902097902098,1.06993006993007,1627.0,2.275524475524476,37.95,-121.96,1.678
5.431,8.0,6.424471299093655,1.0709969788519638,1883.0,2.8444108761329305,37.95,-121.97,2.467
3.1573,12.0,4.978303747534516,1.106508875739645,2209.0,2.178500986193294,37.96,-121.98,1.267
7.6166,16.0,7.210412147505423,1.0390455531453362,1470.0,3.188720173535792,37.96,-121.99,2.604
5.5872,17.0,6.469483568075117,0.9929577464788732,1228.0,2.8826291079812205,37.96,-121.99,2.006
5.3794,34.0,6.817991631799163,1.0418410041841004,1250.0,2.6150627615062763,37.97,-122.01,2.062
4.0,36.0,5.6298076923076925,1.0480769230769231,1191.0,2.862980769230769,37.97,-122.02,1.71
3.25,45.0,4.800595238095238,1.005952380952381,865.0,2.574404761904762,37.97,-122.03,1.511
2.9861,26.0,4.31064572425829,1.0924956369982548,1174.0,2.048865619546248,37.97,-122.04,1.609
2.9915,20.0,4.394241417497232,1.0310077519379846,2629.0,2.91140642303433,37.97,-122.03,1.667
3.1968,39.0,5.068965517241379,0.9386973180076628,705.0,2.7011494252873565,37.97,-122.04,1.51
2.2411,20.0,3.835570469798658,1.1610738255033557,578.0,1.9395973154362416,37.96,-122.04,1.518
3.8456,35.0,5.461346633416459,0.9576059850374063,1154.0,2.877805486284289,37.96,-122.05,1.598
3.6964,28.0,4.78968253968254,1.0,724.0,2.873015873015873,37.96,-122.04,1.657
1.837,27.0,4.152487961476726,1.1701444622792938,1500.0,2.407704654895666,37.96,-122.04,1.75
3.1838,27.0,5.061959654178675,1.1397694524495676,1875.0,2.701729106628242,37.95,-122.05,1.82
5.4482,20.0,4.577235772357724,0.8699186991869918,246.0,2.0,37.95,-122.05,1.908
2.1083,20.0,4.20414673046252,1.10207336523126,1142.0,1.821371610845295,37.96,-122.03,1.625
3.1719,14.0,4.590782122905028,1.1075418994413408,1601.0,2.2360335195530725,37.95,-122.03,2.205
2.4519,25.0,4.430147058823529,0.9558823529411764,608.0,2.235294117647059,37.95,-122.02,2.083
4.9485,32.0,6.167192429022082,0.9873817034700316,804.0,2.5362776025236595,37.95,-122.03,2.023
5.6642,22.0,6.940944881889764,1.0039370078740155,1660.0,3.267716535433071,37.95,-122.02,2.37
4.2569,23.0,5.643659711075442,1.0609951845906902,1465.0,2.351524879614767,37.94,-122.02,2.131
3.1406,33.0,5.039634146341464,1.0182926829268293,814.0,2.481707317073171,37.95,-122.04,1.631
5.6292,24.0,6.454954954954955,0.983108108108108,2444.0,2.7522522522522523,37.94,-122.04,2.314
4.6602,22.0,5.767123287671233,0.96986301369863,993.0,2.7205479452054795,37.94,-122.05,2.278
4.7188,29.0,6.511278195488722,1.037593984962406,341.0,2.56390977443609,37.95,-122.04,1.971
2.85,22.0,4.743354720439964,1.1118240146654446,2804.0,2.5701191567369386,37.95,-122.05,1.446
4.45,15.0,5.047218628719276,1.036869340232859,2957.0,1.91267787839586,37.93,-122.05,1.849
4.7094,14.0,5.2707296849087895,1.060530679933665,4741.0,1.9655887230514093,37.92,-122.05,2.347
4.1612,15.0,4.187111801242236,1.1040372670807452,2133.0,1.656055900621118,37.91,-122.06,2.328
2.6998,25.0,3.7767052767052767,1.0842985842985844,2669.0,1.7175032175032174,37.9,-122.06,2.161
5.0255,45.0,6.487394957983193,1.0252100840336134,614.0,2.5798319327731094,37.93,-122.07,2.26
3.7433,25.0,5.025122121423587,1.0614096301465457,3264.0,2.277739009071877,37.93,-122.07,2.521
4.4312,26.0,5.6608187134502925,1.0804093567251465,1629.0,2.381578947368421,37.92,-122.07,2.25
4.4561,28.0,5.464367816091954,1.07816091954023,1068.0,2.4551724137931035,37.92,-122.08,2.5
5.0391,28.0,5.867796610169491,1.0,810.0,2.7457627118644066,37.91,-122.07,2.598
5.6558,38.0,6.154471544715447,1.008130081300813,319.0,2.5934959349593494,37.89,-122.07,2.633
6.2726,22.0,6.827586206896552,1.0034482758620689,861.0,2.96896551724138,37.73,-121.94,2.582
6.1265,22.0,6.759557344064386,1.0744466800804828,2843.0,2.8601609657947686,37.73,-121.94,2.603
6.3325,19.0,6.748502994011976,1.0179640718562877,518.0,3.1017964071856285,37.74,-121.95,2.5
2.4821,24.0,4.769491525423729,1.1084745762711865,501.0,1.6983050847457628,37.73,-121.92,1.572
4.6042,20.0,5.106481481481482,1.0601851851851851,926.0,2.1435185185185186,37.82,-122.0,2.564
3.375,22.0,4.639405204460966,1.0074349442379182,579.0,2.152416356877324,37.82,-121.99,2.0
4.9018,17.0,6.2,1.106666666666667,146.0,1.9466666666666668,37.81,-121.99,1.885
4.125,30.0,4.7178362573099415,1.0716374269005848,1260.0,1.8421052631578947,37.89,-122.12,2.571
3.6437,17.0,5.158730158730159,1.0738440303657697,2092.0,1.4437543133195307,37.85,-122.06,1.865
3.12,23.0,5.366492146596858,1.0732984293193717,263.0,1.3769633507853405,37.86,-122.07,1.55
4.4551,16.0,5.260649087221095,1.028397565922921,1512.0,1.5334685598377282,37.86,-122.06,2.524
3.5893,17.0,5.298076923076923,1.0769230769230769,317.0,1.5240384615384617,37.86,-122.07,2.063
5.2699,8.0,7.386811023622047,1.0718503937007875,3325.0,3.2726377952755907,37.98,-121.84,2.042
6.4753,8.0,7.841584158415841,1.1683168316831682,615.0,3.0445544554455446,37.97,-121.81,1.668
5.5601,4.0,7.220008478168715,1.079270877490462,7653.0,3.2441712590080543,37.97,-121.78,2.137
2.875,17.0,4.821276595744681,1.0382978723404257,716.0,3.046808510638298,37.95,-121.83,1.625
2.9591,2.0,4.482808022922636,1.012893982808023,1606.0,2.3008595988538683,37.99,-121.96,2.101
5.1582,26.0,6.155688622754491,1.0079840319361275,1557.0,3.1077844311377247,37.94,-121.96,1.947
4.1483,25.0,5.678420310296191,1.1156558533145275,1850.0,2.609308885754584,37.95,-121.96,1.812
5.2798,14.0,6.355184743742551,1.0536352800953517,2093.0,2.494636471990465,37.96,-121.92,2.374
5.9346,27.0,6.707762557077626,0.9863013698630136,578.0,2.6392694063926943,37.94,-121.95,2.536
5.7001,16.0,6.7781954887218046,1.0037593984962403,946.0,3.556390977443609,38.02,-122.25,2.051
5.6293,15.0,6.4192307692307695,1.023076923076923,1834.0,3.526923076923077,38.03,-122.25,1.976
6.0224,15.0,6.635802469135802,1.0092592592592593,1094.0,3.376543209876543,38.02,-122.21,1.985
3.125,52.0,5.252918287937743,1.0350194552529184,490.0,1.906614785992218,38.06,-122.23,1.711
2.5517,52.0,5.845117845117845,1.2053872053872057,638.0,2.1481481481481484,38.05,-122.23,1.471
3.6154,52.0,5.616016427104722,1.1478439425051334,1076.0,2.209445585215606,38.06,-122.21,1.557
5.6022,31.0,6.219712525667351,1.026694045174538,1236.0,2.537987679671458,38.04,-122.2,1.97
4.4474,25.0,6.342776203966006,1.0226628895184136,928.0,2.6288951841359776,38.03,-122.26,2.037
2.3103,47.0,4.529569892473118,1.0887096774193548,835.0,2.2446236559139785,38.04,-122.27,1.345
3.9345,41.0,5.663194444444445,0.9791666666666666,752.0,2.611111111111111,38.03,-122.26,1.502
2.694,41.0,5.233333333333333,1.1229166666666666,1179.0,2.45625,38.04,-122.26,1.23
1.6767,30.0,4.087947882736156,0.96742671009772,779.0,2.537459283387622,38.05,-122.25,1.477
5.0969,4.0,5.729942693409742,1.1540114613180517,3596.0,2.5759312320916905,38.06,-122.32,1.742
3.4471,26.0,5.599520383693045,0.9904076738609112,980.0,2.3501199040767387,38.0,-122.28,1.789
4.025,16.0,4.90748031496063,1.063976377952756,2805.0,2.7608267716535435,38.0,-122.29,1.732
4.3173,32.0,5.850948509485095,1.065040650406504,981.0,2.658536585365854,38.03,-122.36,1.754
4.4394,34.0,5.020527859237537,0.9296187683284456,956.0,2.803519061583578,38.0,-122.3,1.62
4.621,26.0,5.900473933649289,1.0126382306477093,1708.0,2.69826224328594,38.0,-122.31,1.911
3.2759,18.0,5.340673575129534,1.1321243523316062,1895.0,2.454663212435233,38.01,-122.31,1.95
4.375,28.0,6.656742556917688,1.0893169877408055,1654.0,2.896672504378284,37.99,-122.28,1.933
5.1178,28.0,5.839541547277937,0.9426934097421203,947.0,2.713467048710602,37.98,-122.26,1.98
5.8899,16.0,6.787586206896552,1.016551724137931,2312.0,3.188965517241379,37.99,-122.27,2.432
6.0289,23.0,7.289029535864979,1.010548523206751,1375.0,2.9008438818565403,37.98,-122.27,2.186
5.0473,5.0,5.371508379888268,1.0977653631284916,2053.0,2.86731843575419,38.02,-122.26,1.848
6.0102,16.0,6.78827361563518,1.026058631921824,1154.0,3.758957654723127,38.01,-122.24,2.356
6.5006,16.0,7.445,1.0275,1531.0,3.8275,38.0,-122.25,2.377
4.2269,14.0,5.874371859296482,0.9824120603015076,1003.0,2.520100502512563,38.0,-122.26,1.705
5.2375,6.0,7.450549450549451,1.1428571428571428,318.0,3.4945054945054945,38.0,-122.26,2.464
5.8418,15.0,6.831460674157303,0.9325842696629212,572.0,3.213483146067416,38.0,-122.27,2.403
6.1576,12.0,6.832618025751073,1.03862660944206,969.0,4.1587982832618025,38.0,-122.27,2.487
5.1046,27.0,6.094285714285714,0.9914285714285714,850.0,2.4285714285714284,37.98,-122.29,2.098
5.5,35.0,5.981060606060606,0.9204545454545454,734.0,2.7803030303030303,37.96,-122.28,2.01
3.6393,30.0,5.612813370473537,1.075208913649025,1777.0,2.474930362116992,37.97,-122.3,1.84
3.5353,34.0,6.314159292035399,1.168141592920354,1211.0,2.6792035398230087,37.97,-122.3,1.647
4.4911,20.0,5.906896551724138,1.089655172413793,1512.0,2.606896551724138,37.97,-122.29,2.274
3.375,35.0,5.326470588235294,1.1088235294117648,911.0,2.679411764705882,37.97,-122.3,1.497
4.4387,20.0,5.563876651982379,1.0469897209985315,3637.0,2.670337738619677,37.94,-122.29,1.9
4.45,37.0,5.256267409470752,0.9832869080779943,895.0,2.4930362116991645,37.95,-122.32,1.966
3.8343,38.0,5.355223880597015,1.0417910447761194,810.0,2.417910447761194,37.94,-122.31,1.914
4.3958,38.0,5.65625,1.0494791666666667,945.0,2.4609375,37.94,-122.31,1.942
4.35,36.0,5.96234309623431,1.0251046025104602,573.0,2.397489539748954,37.95,-122.32,1.85
4.2348,25.0,6.020351526364477,1.051803885291397,3259.0,3.014801110083256,37.99,-122.31,1.578
3.6518,25.0,4.806818181818182,1.0176767676767675,1821.0,2.2992424242424243,37.98,-122.3,1.643
3.9722,29.0,4.789795918367347,0.946938775510204,1135.0,2.316326530612245,37.97,-122.32,1.61
4.6944,26.0,6.157258064516129,0.9919354838709676,1495.0,3.0141129032258065,38.01,-122.32,1.711
4.3333,29.0,6.023255813953488,1.0348837209302326,1687.0,3.2693798449612403,38.0,-122.31,1.708
4.2852,24.0,5.447928331466965,1.083986562150056,2315.0,2.5923852183650617,37.99,-122.32,1.735
4.0437,32.0,5.442583732057416,0.9497607655502392,1233.0,2.949760765550239,38.0,-122.32,1.628
6.0115,3.0,5.533980582524272,1.0563106796116506,1024.0,1.9883495145631067,37.98,-122.33,1.75
4.125,33.0,4.0,0.5454545454545454,23.0,2.090909090909091,38.0,-122.39,2.125
3.9773,33.0,4.716627634660422,0.9601873536299764,1354.0,3.17096018735363,37.98,-122.34,1.313
3.7562,34.0,5.475218658892128,1.0583090379008746,2237.0,3.260932944606414,37.98,-122.35,1.329
4.6937,33.0,5.316666666666666,0.9733333333333334,991.0,3.303333333333333,37.97,-122.32,1.341
4.5,33.0,5.5311004784689,0.9090909090909092,643.0,3.076555023923445,37.97,-122.32,1.566
3.3125,19.0,4.421459227467811,1.145922746781116,2548.0,2.187124463519313,37.97,-122.33,1.588
4.4135,32.0,5.403846153846154,0.956043956043956,1144.0,3.142857142857143,37.98,-122.33,1.501
3.5463,45.0,4.9798994974874375,0.9447236180904522,1179.0,2.9623115577889445,37.97,-122.33,1.308
2.3382,19.0,4.05989110707804,1.0526315789473684,1438.0,2.6098003629764066,37.97,-122.34,1.207
3.9118,46.0,4.868525896414343,0.9402390438247012,819.0,3.262948207171315,37.96,-122.33,1.294
3.375,25.0,4.194174757281553,0.9781553398058253,934.0,2.266990291262136,37.96,-122.32,1.337
4.0417,34.0,7.040816326530612,1.2142857142857142,784.0,2.6666666666666665,37.96,-122.32,1.828
2.5769,35.0,4.870090634441088,1.0694864048338368,887.0,2.6797583081570995,37.95,-122.32,1.461
2.1915,22.0,4.1237721021611,1.117878192534381,1135.0,2.2298624754420437,37.95,-122.33,1.208
2.1991,15.0,4.158333333333333,1.1006410256410255,3408.0,2.1846153846153844,37.96,-122.34,1.333
3.7277,38.0,5.625766871165644,1.0674846625766872,1390.0,2.8425357873210637,37.94,-122.32,1.651
5.5196,46.0,5.400568181818182,0.8380681818181818,833.0,2.366477272727273,37.94,-122.32,2.108
3.9464,40.0,5.821428571428571,1.086734693877551,434.0,2.2142857142857144,37.93,-122.32,1.869
3.7708,42.0,5.14873417721519,1.0632911392405062,848.0,2.6835443037974684,37.95,-122.33,1.446
2.8833,45.0,4.715384615384616,1.073076923076923,590.0,2.269230769230769,37.94,-122.33,1.404
3.5848,47.0,5.502923976608187,1.0555555555555556,797.0,2.3304093567251463,37.94,-122.33,1.408
3.1571,43.0,4.976127320954907,1.0318302387267904,807.0,2.140583554376658,37.94,-122.33,1.416
3.9417,42.0,5.074850299401198,1.032934131736527,719.0,2.1526946107784437,37.94,-122.33,1.391
4.0526,44.0,5.724919093851133,1.0744336569579287,828.0,2.679611650485437,37.94,-122.33,1.508
3.6719,45.0,4.177777777777778,0.8888888888888888,702.0,2.6,37.95,-122.34,1.341
3.0313,45.0,4.249329758713137,0.8820375335120644,981.0,2.6300268096514747,37.95,-122.33,1.358
4.0927,46.0,4.791925465838509,1.0527950310559009,777.0,2.4130434782608696,37.95,-122.33,1.426
3.0694,44.0,5.385852090032154,1.0192926045016075,806.0,2.5916398713826365,37.95,-122.34,1.353
2.875,44.0,5.434650455927052,1.1185410334346504,933.0,2.835866261398176,37.95,-122.34,1.334
3.2333,39.0,5.158441558441559,1.1090909090909091,1041.0,2.703896103896104,37.95,-122.34,1.351
3.942,47.0,5.379069767441861,1.0069767441860464,947.0,2.202325581395349,37.94,-122.34,1.433
2.7391,44.0,4.406896551724138,1.0206896551724138,936.0,2.1517241379310343,37.94,-122.34,1.403
1.681,31.0,3.91970802919708,1.1070559610705597,786.0,1.912408759124088,37.94,-122.34,1.455
3.125,42.0,4.968468468468468,1.0157657657657655,989.0,2.227477477477477,37.94,-122.34,1.439
3.05,17.0,5.493449781659389,1.1091703056768558,885.0,3.8646288209606983,37.93,-122.36,1.216
4.2895,4.0,4.004213483146067,1.1207865168539326,1285.0,1.8047752808988764,37.91,-122.35,1.868
3.2222,41.0,3.268292682926829,0.9146341463414634,198.0,2.414634146341464,37.93,-122.35,1.563
5.0187,29.0,5.07488986784141,0.8788546255506607,1377.0,3.0330396475770924,37.92,-122.32,1.406
2.2301,26.0,5.252702702702703,1.0527027027027027,2512.0,3.3945945945945946,37.92,-122.33,1.224
3.2674,28.0,4.878279118572928,1.025183630640084,2606.0,2.734522560335782,37.92,-122.32,1.291
2.7628,39.0,4.332844574780059,1.0205278592375366,1417.0,2.0777126099706744,37.91,-122.31,1.678
3.6417,43.0,4.827651515151516,0.9678030303030304,1060.0,2.007575757575758,37.91,-122.31,1.784
4.1146,45.0,5.076326002587322,1.0789133247089262,1992.0,2.5769728331177237,37.91,-122.31,1.778
5.0399,36.0,5.948019801980198,1.00990099009901,917.0,2.26980198019802,37.93,-122.31,2.534
5.1067,40.0,6.353430353430354,1.0166320166320166,1103.0,2.2931392931392933,37.93,-122.32,2.473
3.5089,36.0,5.802281368821292,0.973384030418251,696.0,2.64638783269962,37.93,-122.31,2.619
2.8456,30.0,4.970588235294118,1.156862745098039,537.0,2.6323529411764706,37.92,-122.31,1.833
3.724,38.0,4.480286738351254,0.8458781362007168,631.0,2.261648745519713,37.92,-122.31,2.201
2.5,12.0,3.651252408477842,1.1560693641618498,983.0,1.8940269749518304,37.92,-122.31,1.958
3.3594,22.0,5.623115577889447,1.105527638190955,565.0,2.8391959798994977,37.92,-122.32,1.869
4.1587,43.0,5.861495844875346,1.1274238227146811,900.0,2.4930747922437675,37.92,-122.31,2.122
4.0804,33.0,5.666666666666667,0.950877192982456,710.0,2.491228070175439,37.92,-122.3,2.39
2.7243,31.0,4.114942528735632,1.0,681.0,1.956896551724138,37.91,-122.31,2.181
2.9441,39.0,4.805008944543828,1.0178890876565294,1159.0,2.073345259391771,37.91,-122.3,2.004
3.6321,40.0,4.865874363327674,1.0475382003395586,1305.0,2.2156196943972835,37.91,-122.3,2.091
2.9219,37.0,4.5995670995671,1.0584415584415583,912.0,1.974025974025974,37.9,-122.3,2.172
3.4091,41.0,4.946987951807229,1.0481927710843373,873.0,2.103614457831325,37.9,-122.3,2.23
2.3946,35.0,3.636963696369637,1.0165016501650166,688.0,2.2706270627062706,37.9,-122.3,1.417
2.2672,30.0,4.054919908466819,1.0778032036613272,880.0,2.013729977116705,37.9,-122.3,1.625
5.1691,38.0,6.854497354497354,1.1216931216931216,905.0,2.394179894179894,37.91,-122.29,2.632
4.0536,46.0,5.889830508474576,0.9774011299435028,748.0,2.1129943502824857,37.91,-122.29,2.62
4.4286,52.0,5.433537832310838,1.0224948875255624,1131.0,2.312883435582822,37.9,-122.29,2.349
2.275,21.0,5.457489878542511,1.1700404858299596,1208.0,2.445344129554656,41.95,-124.14,1.224
2.9688,22.0,5.987261146496815,1.1464968152866242,743.0,2.3662420382165603,41.68,-123.91,1.527
1.5536,20.0,5.690196078431373,1.5137254901960784,467.0,1.831372549019608,38.96,-119.94,2.125
2.625,8.0,23.88888888888889,5.944444444444445,36.0,2.0,38.95,-119.95,1.875
2.5875,24.0,9.77578475336323,2.318385650224215,755.0,3.3856502242152464,38.94,-119.95,1.734
2.4917,27.0,38.84090909090909,9.272727272727272,97.0,2.2045454545454546,38.94,-119.93,2.0
2.2589,19.0,7.601063829787234,1.553191489361702,585.0,3.1117021276595747,38.94,-119.96,1.316
4.6,24.0,13.104166666666666,2.25,235.0,2.4479166666666665,38.92,-119.94,1.368
2.9091,23.0,6.794223826714801,1.4945848375451265,673.0,2.4296028880866425,38.93,-119.99,1.419
2.996,22.0,7.247058823529412,1.4352941176470588,1045.0,2.458823529411765,38.93,-120.01,1.261
3.3295,17.0,6.144444444444445,1.15,466.0,2.588888888888889,38.92,-120.0,1.266
3.5,16.0,9.308383233532934,1.7125748502994012,885.0,2.6497005988023954,38.9,-119.98,1.347
5.0718,15.0,11.679878048780488,1.9054878048780488,984.0,3.0,38.91,-119.92,1.625
4.225,12.0,9.979166666666666,1.8611111111111112,395.0,2.743055555555556,38.87,-120.0,1.276
4.3333,15.0,11.024561403508772,2.168421052631579,725.0,2.543859649122807,38.76,-120.02,1.214
4.0313,18.0,15.813953488372093,3.116279069767442,350.0,2.713178294573644,39.04,-120.16,1.26
4.975,16.0,56.26923076923077,10.153846153846152,54.0,2.076923076923077,39.01,-120.16,2.063
4.8311,7.0,6.365102639296188,1.0498533724340176,1978.0,2.900293255131965,38.91,-120.97,1.722
3.93,11.0,6.474264705882353,1.1452205882352942,1456.0,2.676470588235294,38.81,-121.04,1.634
2.902,15.0,5.609261939218524,1.125904486251809,1960.0,2.8364688856729376,38.91,-120.88,1.273
3.2027,11.0,5.276073619631902,1.0582822085889572,850.0,2.607361963190184,38.86,-120.92,1.286
2.8562,12.0,5.7824933687002655,1.1220159151193634,1070.0,2.8381962864721486,38.83,-120.87,1.282
3.1635,11.0,5.161290322580645,1.153225806451613,609.0,2.4556451612903225,38.81,-120.84,1.326
3.4688,8.0,5.811145510835913,1.4829721362229102,884.0,2.736842105263158,38.85,-120.71,1.201
4.7083,15.0,7.918057663125948,1.078907435508346,1949.0,2.957511380880121,38.68,-121.09,2.133
6.844,10.0,7.504504504504505,0.993993993993994,1040.0,3.123123123123123,38.67,-121.08,2.396
4.6394,22.0,6.806691449814126,1.0185873605947957,813.0,3.0223048327137545,38.66,-121.07,1.734
6.314,9.0,8.146896127842655,1.068838352796558,5001.0,3.0737553779963123,38.7,-121.06,2.289
5.3344,12.0,7.594235033259423,1.2172949002217297,1357.0,3.008869179600887,38.58,-121.0,2.175
4.7276,7.0,6.173828125,1.021484375,2957.0,2.8876953125,38.73,-121.01,1.975
4.1163,5.0,5.96985446985447,1.1164241164241164,2651.0,2.755717255717256,38.69,-120.99,1.725
4.5246,4.0,6.940845070422535,1.0845070422535212,3096.0,2.907042253521127,38.66,-121.02,1.989
5.4413,8.0,6.795297372060857,1.0290456431535269,2005.0,2.773167358229599,38.67,-120.99,1.879
5.584,13.0,7.302127659574468,1.097872340425532,1286.0,2.7361702127659573,38.67,-120.98,1.866
3.225,9.0,5.557640750670242,1.0831099195710456,916.0,2.455764075067024,38.66,-120.98,1.633
3.2964,5.0,5.344444444444444,1.01,2242.0,2.491111111111111,38.68,-120.98,1.769
5.2032,10.0,6.277064220183486,1.0330275229357797,1689.0,3.09908256880734,38.69,-120.95,2.171
3.9036,11.0,6.155263157894737,1.1473684210526316,1062.0,2.794736842105263,38.66,-120.96,1.808
4.5568,12.0,6.304843304843305,1.094017094017094,1097.0,3.125356125356125,38.65,-120.93,1.701
4.1843,12.0,6.33008356545961,1.041782729805014,2033.0,2.831476323119777,38.62,-120.91,2.076
4.3981,12.0,6.28046421663443,1.1199226305609284,1459.0,2.8220502901353965,38.79,-120.95,2.028
5.5111,9.0,6.536656891495602,1.0410557184750733,788.0,2.310850439882698,38.77,-120.93,1.963
4.835,11.0,6.515513126491647,1.0250596658711215,2645.0,3.156324582338902,38.73,-120.91,2.306
4.0,13.0,6.40952380952381,1.119047619047619,1302.0,3.1,38.71,-120.87,1.674
4.825,11.0,6.411392405063292,1.1898734177215189,410.0,2.59493670886076,38.77,-120.84,1.846
2.5625,15.0,5.341463414634147,1.0452961672473868,674.0,2.3484320557491287,38.75,-120.86,1.461
2.2269,17.0,5.020435967302452,1.055858310626703,1714.0,2.335149863760218,38.74,-120.83,1.283
2.8807,17.0,5.724288840262582,1.0765864332603938,1158.0,2.533916849015317,38.73,-120.84,1.426
2.5104,38.0,5.679886685552408,1.0906515580736544,882.0,2.498583569405099,38.73,-120.81,1.205
2.3314,29.0,4.879049676025918,1.041036717062635,1099.0,2.373650107991361,38.74,-120.81,1.216
2.6392,21.0,6.221631205673759,1.074468085106383,1576.0,2.794326241134752,38.76,-120.76,1.485
2.9844,31.0,5.301020408163265,1.0476190476190477,1606.0,2.7312925170068025,38.73,-120.78,1.279
2.7273,42.0,4.926640926640927,1.003861003861004,799.0,3.0849420849420848,38.73,-120.81,1.286
3.6406,19.0,6.314735336194564,1.0972818311874106,1865.0,2.668097281831187,38.72,-120.78,1.509
2.1682,35.0,5.26,1.0075,1060.0,2.65,38.76,-120.67,1.381
2.9,19.0,6.183510638297872,1.1436170212765957,967.0,2.5718085106382977,38.75,-120.7,1.587
2.9219,17.0,6.113960113960114,1.1282051282051282,862.0,2.455840455840456,38.73,-120.71,1.413
4.03,15.0,6.053370786516854,1.1067415730337078,857.0,2.407303370786517,38.77,-120.58,1.412
4.0709,13.0,6.119891008174387,1.1185286103542234,2093.0,2.85149863760218,38.69,-120.7,1.517
4.0675,11.0,6.538571428571428,1.1942857142857144,1944.0,2.777142857142857,38.73,-120.63,1.402
4.0197,10.0,6.845819761129207,1.248642779587405,2597.0,2.819761129207383,38.71,-120.62,1.322
3.0789,14.0,6.845864661654136,1.18796992481203,769.0,2.8909774436090228,38.68,-120.63,1.317
3.9812,9.0,7.1913875598086126,1.291866028708134,1102.0,2.636363636363636,38.75,-120.54,1.366
2.5865,14.0,6.693363844393593,1.4302059496567503,1226.0,2.805491990846682,38.6,-120.76,1.338
2.5042,19.0,5.739957716701903,1.2600422832980973,1301.0,2.7505285412262155,38.61,-120.66,1.264
4.625,34.0,132.53333333333333,34.06666666666667,36.0,2.4,38.8,-120.08,1.625
4.0827,8.0,5.484751203852327,0.9695024077046548,1703.0,2.73354735152488,38.58,-120.88,1.707
5.7373,12.0,5.6594827586206895,0.9956896551724138,731.0,3.1508620689655173,38.63,-120.84,2.083
3.5511,17.0,6.233870967741935,1.1559139784946235,1126.0,3.0268817204301075,38.65,-120.76,1.559
3.4872,18.0,5.408759124087592,1.000912408759124,2697.0,2.460766423357664,38.69,-120.85,1.414
2.3319,13.0,5.456121343445287,1.1202600216684724,2243.0,2.43011917659805,38.7,-120.79,1.385
2.7813,19.0,5.310476190476191,1.1695238095238096,1365.0,2.6,36.74,-119.67,1.203
7.2211,30.0,6.413157894736842,0.9184210526315788,1005.0,2.6447368421052637,36.73,-119.69,1.717
3.5128,23.0,5.177777777777778,0.9506172839506172,911.0,2.2493827160493827,36.74,-119.69,1.216
2.6875,31.0,5.657718120805369,0.9395973154362416,453.0,3.040268456375839,36.72,-119.67,1.538
1.4007,7.0,4.466424682395644,1.1742286751361162,1587.0,2.88021778584392,36.73,-119.73,2.25
6.8162,15.0,7.383620689655173,1.0603448275862069,766.0,3.3017241379310347,36.72,-119.72,1.272
5.2608,19.0,7.092857142857143,1.0446428571428572,1586.0,2.8321428571428573,36.73,-119.71,1.514
4.1719,17.0,6.348242811501597,1.0702875399361025,1152.0,3.680511182108626,36.76,-119.89,1.264
3.6204,18.0,6.182608695652174,1.056521739130435,702.0,3.0521739130434784,36.77,-119.92,1.198
3.8056,29.0,6.391304347826087,1.0608695652173914,1072.0,3.1072463768115943,36.83,-119.91,1.654
7.5,8.0,6.564885496183206,0.9465648854961832,1111.0,2.826972010178117,36.85,-119.88,2.562
5.1781,4.0,6.125475285171103,0.9936628643852978,2088.0,2.64638783269962,36.83,-119.87,1.225
6.7181,15.0,7.199438202247191,0.9410112359550562,1080.0,3.033707865168539,36.83,-119.85,1.603
4.8036,11.0,6.165432098765432,1.054320987654321,1101.0,2.7185185185185183,36.83,-119.85,1.416
8.9669,12.0,7.449180327868852,0.99672131147541,840.0,2.7540983606557377,36.84,-119.85,2.139
8.7716,12.0,9.286821705426355,1.124031007751938,863.0,3.3449612403100777,36.84,-119.84,2.292
6.8645,17.0,8.642585551330798,1.1330798479087452,700.0,2.661596958174905,36.83,-119.84,1.959
6.9903,14.0,6.476584022038567,0.9393939393939394,1128.0,3.107438016528925,36.83,-119.83,1.412
5.3241,14.0,7.049645390070922,0.9739952718676124,1408.0,3.3286052009456264,36.83,-119.82,1.23
7.4201,17.0,8.320441988950277,1.12707182320442,987.0,2.726519337016575,36.83,-119.84,2.297
6.1175,16.0,7.567282321899736,0.992084432717678,1016.0,2.6807387862796834,36.83,-119.82,1.447
5.5357,17.0,7.951841359773371,1.065155807365439,996.0,2.821529745042493,36.82,-119.84,1.677
7.2909,14.0,6.176136363636363,0.9375,365.0,2.073863636363636,36.82,-119.83,1.556
5.2809,28.0,6.872727272727273,1.018181818181818,752.0,2.278787878787879,36.82,-119.82,1.515
5.0698,25.0,6.61,1.102,1149.0,2.298,36.81,-119.82,1.509
7.7062,18.0,7.662087912087912,1.0384615384615383,937.0,2.5741758241758244,36.81,-119.84,1.883
8.3608,10.0,7.994490358126722,1.0,1200.0,3.3057851239669422,36.86,-119.78,1.873
8.2737,7.0,7.364768683274021,0.9679715302491104,1843.0,3.2793594306049823,36.86,-119.77,1.935
5.9897,8.0,6.125,0.9435483870967742,711.0,2.8669354838709675,36.85,-119.77,1.236
5.3886,15.0,6.945848375451264,0.9458483754512635,848.0,3.061371841155234,36.84,-119.77,1.253
3.2569,15.0,5.444444444444445,1.08994708994709,891.0,2.357142857142857,36.84,-119.77,1.244
4.2071,8.0,5.539936102236422,1.0782747603833869,1604.0,2.562300319488818,36.86,-119.78,1.283
3.7656,7.0,6.156937799043062,1.1492822966507177,2733.0,2.615311004784689,36.86,-119.8,1.45
5.4868,7.0,6.466101694915254,0.9661016949152542,1077.0,3.042372881355932,36.84,-119.82,1.588
4.049,19.0,6.121731289449955,1.0820559062218214,2325.0,2.096483318304779,36.83,-119.81,1.26
5.6445,10.0,6.545866364665912,1.044167610419026,2712.0,3.071347678369196,36.83,-119.81,1.355
3.4542,24.0,5.475560081466395,1.023421588594705,2010.0,2.0468431771894093,36.82,-119.8,1.212
5.4513,33.0,7.080213903743315,1.0588235294117647,1324.0,2.360071301247772,36.81,-119.81,1.433
6.3359,43.0,6.334415584415584,0.935064935064935,725.0,2.353896103896104,36.8,-119.8,1.693
6.1575,38.0,7.171974522292993,1.035031847133758,777.0,2.4745222929936306,36.8,-119.81,1.601
5.187,45.0,7.149732620320855,1.0,471.0,2.518716577540107,36.79,-119.8,1.538
3.32,27.0,5.483296213808464,1.0779510022271714,852.0,1.8975501113585749,36.8,-119.79,1.247
4.25,33.0,5.751968503937008,1.0275590551181102,494.0,1.94488188976378,36.81,-119.79,1.322
5.3272,3.0,6.982358402971216,1.0612813370473535,2878.0,2.6722376973073354,36.91,-119.77,1.742
5.0941,3.0,6.998985801217039,1.137931034482759,5226.0,2.650101419878296,36.87,-119.75,1.437
3.9032,3.0,5.863329583802025,1.1929133858267718,4432.0,2.4926884139482564,36.85,-119.74,1.408
6.9405,17.0,7.166666666666667,1.0096153846153846,992.0,3.1794871794871797,36.88,-119.71,1.652
4.0,20.0,6.983333333333333,1.0958333333333334,786.0,3.275,36.86,-119.69,1.646
4.5398,20.0,7.005277044854881,1.1398416886543536,1081.0,2.8522427440633247,36.85,-119.69,1.431
5.308,15.0,6.147668393782383,0.9430051813471504,1280.0,3.316062176165803,36.89,-119.67,1.675
5.3478,8.0,6.210344827586207,0.943103448275862,1959.0,3.377586206896552,36.83,-119.73,1.388
6.1133,11.0,7.241887905604719,1.0147492625368733,1110.0,3.274336283185841,36.83,-119.68,1.2
4.5577,2.0,7.54093567251462,1.0994152046783623,1133.0,3.3128654970760234,36.82,-119.67,1.233
6.011,9.0,7.831223628691983,1.0717299578059072,1632.0,3.4430379746835444,36.8,-119.67,1.631
6.0132,21.0,6.146341463414634,0.8878048780487805,583.0,2.84390243902439,36.77,-119.68,1.508
4.9904,15.0,6.9077809798270895,1.0172910662824208,1258.0,3.6253602305475514,36.85,-119.64,1.573
5.6739,14.0,7.896272285251215,1.0632090761750406,2085.0,3.379254457050243,36.82,-119.64,1.738
4.526,19.0,7.042780748663102,1.0106951871657754,517.0,2.764705882352941,36.79,-119.63,1.487
4.925,22.0,6.730831973898858,1.00163132137031,1795.0,2.9282218597063623,36.76,-119.63,1.547
3.0833,42.0,6.027027027027027,0.9684684684684683,617.0,2.779279279279279,36.7,-119.63,1.333
4.5625,20.0,6.202197802197802,1.0527472527472528,1372.0,3.0153846153846158,36.78,-119.53,1.369
5.4895,13.0,7.926356589147287,1.1149870801033592,2473.0,3.195090439276486,36.83,-119.58,1.567
4.0227,19.0,5.950184501845018,1.011070110701107,1760.0,3.2472324723247232,36.77,-119.58,1.265
4.5375,18.0,6.757894736842105,1.0157894736842106,621.0,3.268421052631579,36.72,-119.59,1.306
3.2917,19.0,6.182656826568266,1.0867158671586716,1578.0,2.911439114391144,36.69,-119.47,1.601
4.2679,14.0,6.392592592592592,1.1185185185185185,315.0,2.333333333333333,36.94,-119.61,1.518
3.9141,12.0,6.946386946386946,1.1538461538461535,1184.0,2.75990675990676,36.91,-119.46,1.239
3.875,23.0,50.83783783783784,10.27027027027027,64.0,1.7297297297297298,37.12,-119.34,1.25
3.0729,34.0,26.04109589041096,5.397260273972603,171.0,2.3424657534246576,37.11,-119.28,1.446
5.1314,15.0,29.074766355140188,6.08411214953271,276.0,2.5794392523364484,37.06,-119.32,1.792
3.5987,19.0,6.167259786476868,1.0782918149466192,911.0,3.2419928825622777,36.57,-119.59,1.317
4.2045,16.0,7.266129032258065,1.1155913978494625,1106.0,2.9731182795698925,36.52,-119.54,1.209
4.625,36.0,24.5,3.5,28.0,14.0,36.51,-119.54,1.625
1.3708,8.0,3.88957055214724,1.030674846625767,1237.0,3.794478527607362,39.53,-122.23,1.25
3.5156,31.0,6.019950124688279,1.0673316708229426,1005.0,2.506234413965087,40.85,-124.05,1.43
3.9792,22.0,5.855203619909502,0.9841628959276018,1198.0,2.7104072398190047,40.8,-124.02,1.339
1.1157,18.0,2.5637450199203187,0.9641434262948207,805.0,1.6035856573705178,40.86,-124.08,1.5
0.7684,31.0,2.569230769230769,1.0307692307692309,780.0,6.0,40.87,-124.07,1.531
2.5667,12.0,4.764840182648402,0.9680365296803652,1603.0,3.6598173515981736,40.88,-124.06,1.395
3.0469,25.0,6.386666666666667,1.149333333333333,983.0,2.6213333333333333,40.66,-123.74,1.36
3.0208,32.0,5.151515151515151,1.085858585858586,421.0,2.1262626262626263,41.06,-124.14,1.434
2.8182,12.0,5.404761904761905,1.0627705627705628,1153.0,2.4956709956709955,40.92,-124.09,1.269
5.0329,14.0,8.022099447513812,1.198895027624309,516.0,2.850828729281768,40.94,-124.05,1.656
2.9911,23.0,5.434108527131783,1.062015503875969,1019.0,2.6330749354005167,40.81,-124.07,1.197
3.8095,28.0,5.874581939799331,1.060200668896321,1658.0,2.772575250836121,40.72,-124.02,1.199
4.0357,17.0,6.472843450479234,1.0798722044728437,873.0,2.789137380191693,40.74,-124.17,1.289
4.2054,23.0,5.321100917431193,1.073394495412844,320.0,2.9357798165137616,40.67,-124.14,1.306
4.025,27.0,5.242009132420091,0.9406392694063926,521.0,2.3789954337899544,40.6,-124.14,1.281
2.625,17.0,8.0920245398773,1.638036809815951,393.0,2.411042944785276,40.06,-124.08,1.356
5.4349,33.0,6.294444444444444,1.0138888888888888,952.0,2.6444444444444444,32.98,-115.55,1.43
6.2558,16.0,6.140540540540541,1.0594594594594595,481.0,2.6,32.76,-115.39,1.463
3.1667,23.0,5.225531914893617,1.0,569.0,2.421276595744681,32.8,-115.64,1.25
3.4107,13.0,5.15625,1.125,822.0,12.84375,32.75,-115.5,1.425
6.3814,8.0,7.606271777003484,1.069686411149826,1000.0,3.484320557491289,32.79,-115.59,1.599
4.4821,15.0,6.908108108108108,1.172972972972973,653.0,3.5297297297297296,32.76,-115.56,1.403
4.1576,19.0,5.788235294117647,0.9529411764705882,1225.0,2.8823529411764706,37.4,-118.43,1.415
3.2132,19.0,6.7218045112781954,1.2982456140350878,1134.0,2.8421052631578947,37.39,-118.6,1.66
4.337,26.0,5.994263862332696,1.001912045889101,1385.0,2.6481835564053537,37.37,-118.45,1.397
4.375,21.0,6.35,1.071153846153846,1413.0,2.7173076923076924,37.35,-118.42,1.804
1.7292,19.0,4.5,1.181818181818182,51.0,2.3181818181818183,36.95,-117.9,1.375
5.5261,10.0,7.037225042301184,1.0287648054145515,2089.0,3.5346869712351947,35.42,-119.08,1.32
5.6235,12.0,6.259528130671506,0.9473684210526316,1754.0,3.1833030852994555,35.41,-119.09,1.306
10.0263,52.0,9.625,1.75,37.0,2.3125,35.42,-119.11,2.0
4.8571,28.0,6.864864864864865,0.945945945945946,118.0,3.189189189189189,35.43,-119.09,2.375
3.8611,18.0,5.974763406940063,1.0063091482649842,846.0,2.668769716088328,35.4,-119.05,1.264
5.575,10.0,6.247572815533981,1.0097087378640777,3242.0,3.1475728155339806,35.39,-119.08,1.322
5.4592,27.0,6.800884955752212,1.0,1223.0,2.7057522123893807,35.39,-118.94,1.391
7.7751,13.0,7.90176322418136,1.0503778337531486,1318.0,3.3198992443324937,35.39,-118.94,1.941
6.3639,10.0,6.658385093167702,1.0890269151138716,1539.0,3.186335403726708,35.41,-118.94,1.43
2.7312,52.0,6.519230769230769,1.1153846153846154,540.0,2.076923076923077,35.38,-119.03,1.471
1.6786,52.0,5.425992779783393,1.3249097472924187,554.0,2.0,35.37,-119.03,1.266
4.5791,12.0,5.8992673992674,1.021978021978022,2966.0,2.716117216117216,35.36,-119.08,1.234
2.6637,14.0,3.925438596491228,1.0789473684210529,1933.0,2.119517543859649,35.34,-119.05,1.75
4.8839,16.0,5.802486187845304,1.0856353591160222,1667.0,2.302486187845304,35.34,-119.07,1.341
4.0327,5.0,5.283908045977012,1.2310344827586206,1916.0,2.2022988505747128,35.35,-119.1,1.31
10.5941,18.0,7.537037037037037,0.9481481481481482,1580.0,2.925925925925926,35.34,-119.08,2.458
7.1837,20.0,6.607407407407408,0.9555555555555556,331.0,2.451851851851852,35.35,-119.08,1.763
8.5325,14.0,7.973584905660378,0.9660377358490566,842.0,3.177358490566038,35.35,-119.09,2.241
4.1528,15.0,6.19327731092437,0.9873949579831932,768.0,3.226890756302521,35.34,-119.08,1.301
6.759,4.0,7.361419068736142,0.9955654101995566,3121.0,3.4600886917960088,35.33,-119.1,1.703
4.997,9.0,6.734790874524715,1.091254752851711,3084.0,2.931558935361217,35.33,-119.09,1.429
1.1528,32.0,5.103448275862069,1.1724137931034482,242.0,2.781609195402299,35.27,-118.99,1.5
3.1364,30.0,6.837378640776699,1.4660194174757282,1089.0,2.6432038834951457,34.81,-118.95,1.235
4.5724,6.0,11.865489130434783,2.1739130434782608,2006.0,2.7255434782608696,34.83,-119.15,1.684
3.0882,14.0,7.001727115716753,1.359240069084629,1581.0,2.7305699481865284,34.95,-119.16,1.482
4.0332,8.0,6.047619047619048,1.3214285714285714,229.0,2.7261904761904763,34.82,-118.93,1.283
4.4125,12.0,6.864406779661017,1.1404358353510895,1399.0,3.387409200968523,35.41,-119.19,1.49
5.3119,6.0,6.971671388101983,1.0339943342776203,3415.0,3.2247403210576016,35.37,-119.2,1.573
4.4196,18.0,5.451612903225806,0.96415770609319,706.0,2.5304659498207887,35.38,-119.12,1.21
4.8266,13.0,6.746646795827124,1.0625931445603576,2170.0,3.23397913561848,35.37,-119.12,1.462
2.7,29.0,6.986301369863014,1.1506849315068493,236.0,3.232876712328767,35.55,-119.36,1.25
2.5625,30.0,6.504424778761062,1.2123893805309736,421.0,3.725663716814159,35.76,-119.14,1.563
6.2885,6.0,6.909448818897638,1.1023622047244095,664.0,2.6141732283464565,35.47,-118.92,2.164
6.1563,13.0,6.3392070484581495,1.0440528634361232,557.0,2.4537444933920707,35.44,-118.93,2.042
5.5551,9.0,6.709507042253521,1.0651408450704225,1518.0,2.672535211267605,35.55,-117.68,1.425
2.375,4.0,1.0,1.0,6.0,3.0,35.21,-117.79,1.375
4.875,1.0,5.533333333333333,1.0,32.0,2.1333333333333333,35.08,-117.95,1.417
2.8097,11.0,5.621559633027523,1.1330275229357798,3571.0,2.7301223241590216,34.86,-118.34,1.3
4.625,7.0,6.68348623853211,1.1116207951070336,1932.0,2.9541284403669725,35.16,-118.51,1.368
4.0581,7.0,7.054014598540146,1.235036496350365,3617.0,2.64014598540146,35.2,-118.66,1.629
3.4911,6.0,7.593360995850622,1.3402489626556016,1243.0,2.578838174273859,35.08,-118.61,1.372
3.8917,11.0,7.147163120567376,1.3581560283687943,1539.0,2.728723404255319,34.99,-118.61,1.208
3.0375,26.0,6.147909967845659,1.090032154340836,1002.0,3.2218649517684885,36.37,-119.55,1.263
3.1667,14.0,4.784386617100372,1.0817843866171004,737.0,2.7397769516728623,36.31,-119.78,1.264
3.5486,4.0,6.208333333333333,1.305,1478.0,2.4633333333333334,36.37,-119.65,1.48
1.7596,26.0,5.103448275862069,1.043103448275862,268.0,2.310344827586207,36.32,-119.68,1.208
1.875,43.0,4.675,0.95,106.0,2.65,36.2,-119.9,1.375
3.05,20.0,4.216216216216216,1.054054054054054,171.0,4.621621621621622,36.02,-119.8,2.25
3.25,17.0,5.277777777777778,0.9583333333333334,225.0,3.125,39.13,-122.95,1.375
1.9141,15.0,6.53421052631579,1.431578947368421,835.0,2.1973684210526314,39.09,-122.9,1.432
4.0,24.0,5.982456140350878,1.1228070175438596,146.0,2.56140350877193,39.08,-122.92,1.663
2.8906,18.0,6.485714285714286,1.1428571428571428,272.0,2.5904761904761906,39.1,-122.94,1.406
3.45,14.0,5.794871794871795,1.1025641025641026,851.0,3.117216117216117,39.02,-122.99,1.641
2.3125,18.0,13.440677966101696,2.5084745762711864,186.0,3.152542372881356,39.0,-122.7,1.625
2.3558,18.0,11.209523809523809,2.1333333333333333,181.0,1.723809523809524,38.99,-122.7,1.347
3.4187,17.0,10.053140096618357,2.335748792270532,889.0,2.1473429951690823,39.01,-122.75,2.005
2.5326,20.0,6.292490118577075,1.2924901185770752,647.0,2.5573122529644268,39.05,-122.86,1.368
2.9934,20.0,6.207207207207207,1.1531531531531531,904.0,2.714714714714715,38.97,-122.92,1.342
4.0435,9.0,6.922459893048129,1.288770053475936,1050.0,2.807486631016043,38.76,-122.51,1.326
3.8831,7.0,8.643705463182897,1.513064133016627,1027.0,2.4394299287410925,38.81,-122.55,1.321
3.625,33.0,10.909090909090908,2.227272727272727,63.0,2.863636363636364,40.63,-120.35,2.0
4.9833,32.0,6.461077844311378,1.2395209580838322,486.0,2.910179640718563,34.26,-118.28,2.13
4.008,33.0,5.191176470588236,1.1650326797385622,1845.0,3.014705882352941,34.26,-118.29,1.911
3.5568,37.0,4.928446771378709,1.1047120418848169,1619.0,2.825479930191972,34.26,-118.3,1.845
4.81,42.0,4.979498861047836,0.9635535307517084,1145.0,2.6082004555808656,34.26,-118.3,1.919
3.5214,35.0,5.024570024570025,1.1056511056511056,1166.0,2.864864864864865,34.25,-118.28,1.976
2.6036,29.0,3.327698309492848,1.023407022106632,1886.0,2.4525357607282183,34.25,-118.28,1.621
2.4727,19.0,3.772296015180266,1.127134724857685,1399.0,2.6546489563567364,34.25,-118.29,1.75
3.0795,8.0,4.0524017467248905,1.1018922852983988,3565.0,2.594614264919942,34.25,-118.29,1.615
5.0234,37.0,5.774941995359629,1.0533642691415313,1215.0,2.8190255220417635,34.25,-118.27,2.576
4.4485,35.0,6.414110429447852,1.1042944785276074,879.0,2.696319018404908,34.25,-118.27,2.619
4.6635,35.0,5.193333333333333,0.9533333333333334,371.0,2.473333333333333,34.25,-118.27,2.301
4.4375,39.0,4.888111888111888,1.048951048951049,358.0,2.5034965034965038,34.25,-118.27,1.958
4.45,32.0,5.1561866125760645,1.0669371196754565,1278.0,2.5922920892494927,34.24,-118.28,2.636
3.1523,36.0,4.980842911877395,1.1647509578544062,688.0,2.636015325670498,34.25,-118.3,1.767
5.997,19.0,5.805015673981191,1.0363636363636364,3963.0,2.484639498432602,34.22,-118.35,2.287
4.1302,30.0,5.502183406113537,0.9694323144104804,638.0,2.7860262008733625,34.22,-118.35,2.583
3.275,39.0,5.176056338028169,1.0985915492957747,1047.0,3.686619718309859,34.21,-118.35,1.814
3.75,42.0,4.747787610619469,0.9734513274336284,804.0,3.557522123893805,34.21,-118.35,1.726
5.1145,34.0,5.1469194312796205,0.9636650868878356,1810.0,2.859399684044234,34.28,-118.31,2.199
6.0808,35.0,4.969072164948454,0.9415807560137456,759.0,2.6082474226804124,34.27,-118.31,2.156
3.599,43.0,5.451263537906137,1.11913357400722,809.0,2.92057761732852,34.26,-118.3,1.765
4.1964,40.0,5.819672131147541,1.169398907103825,605.0,3.3060109289617485,34.26,-118.3,1.859
4.2685,38.0,5.835051546391752,1.1855670103092784,1124.0,2.8969072164948453,34.26,-118.31,1.896
3.0583,41.0,4.117460317460317,1.0380952380952382,733.0,2.326984126984127,34.26,-118.31,1.603
4.1339,34.0,4.950413223140496,1.0,948.0,2.6115702479338845,34.26,-118.31,1.873
4.4875,32.0,5.160839160839161,1.1062937062937064,1804.0,2.523076923076923,34.26,-118.32,2.227
4.6944,30.0,6.030018761726079,0.9624765478424016,1700.0,3.189493433395872,34.28,-118.35,2.482
3.1349,29.0,4.321937321937322,1.0427350427350428,1776.0,2.52991452991453,34.27,-118.33,2.302
6.2037,32.0,5.345132743362832,0.9557522123893806,314.0,2.7787610619469025,34.27,-118.35,2.054
3.1607,28.0,3.587336244541485,1.0676855895196506,1142.0,2.493449781659389,34.26,-118.3,2.006
4.5833,44.0,4.938356164383562,0.976027397260274,859.0,2.941780821917808,34.25,-118.3,1.973
5.76,37.0,6.041841004184101,1.0292887029288702,624.0,2.6108786610878663,34.26,-118.31,2.394
3.8,36.0,4.601466992665037,1.1075794621026895,1005.0,2.45721271393643,34.26,-118.31,2.171
4.4375,24.0,5.335423197492163,1.0553814002089863,2310.0,2.413793103448276,34.26,-118.32,1.915
4.4818,24.0,6.041184041184041,1.0553410553410554,3566.0,4.589446589446589,34.28,-118.39,1.662
4.7932,22.0,5.29665071770335,0.986842105263158,3152.0,3.770334928229665,34.28,-118.38,1.663
3.3304,16.0,4.462321792260693,1.0047522063815342,6161.0,4.182620502376103,34.28,-118.4,1.549
2.8214,8.0,4.443228454172367,1.158686730506156,2608.0,3.567715458276334,34.27,-118.38,1.583
3.35,35.0,4.688372093023256,0.9488372093023256,1162.0,5.404651162790698,34.29,-118.41,1.476
4.2969,32.0,5.199346405228758,1.0457516339869282,1818.0,5.941176470588236,34.29,-118.41,1.458
4.125,29.0,4.7781954887218046,1.0225563909774436,1338.0,5.030075187969925,34.28,-118.42,1.5
3.7566,32.0,5.453389830508475,1.125,2609.0,5.527542372881356,34.28,-118.41,1.467
2.6652,22.0,4.152302243211334,0.9563164108618654,3134.0,3.7001180637544273,34.28,-118.4,1.648
3.2865,35.0,4.0492610837438425,0.9852216748768472,1197.0,5.896551724137931,34.28,-118.42,1.333
2.8,34.0,4.553530751708428,0.9726651480637812,2391.0,5.446469248291572,34.28,-118.42,1.443
1.6295,33.0,4.27208480565371,1.204946996466431,1097.0,3.876325088339223,34.27,-118.42,1.343
3.3214,33.0,4.419811320754717,1.018867924528302,1216.0,5.735849056603773,34.27,-118.42,1.313
2.6667,35.0,3.8959537572254335,0.884393063583815,808.0,4.670520231213873,34.27,-118.42,1.478
3.0132,30.0,4.598006644518272,1.0232558139534884,2054.0,6.823920265780731,34.28,-118.43,1.426
4.2353,31.0,4.200743494423792,1.0260223048327135,1533.0,5.698884758364312,34.27,-118.43,1.568
3.024,36.0,4.024096385542169,1.0040160642570282,1312.0,5.269076305220883,34.27,-118.43,1.48
3.225,37.0,4.2845188284518825,1.0292887029288702,1371.0,5.736401673640168,34.27,-118.42,1.475
3.5104,30.0,3.3766937669376693,1.010840108401084,1990.0,5.392953929539296,34.26,-118.43,1.409
3.2583,37.0,3.7880597014925375,1.0388059701492538,1835.0,5.477611940298507,34.26,-118.43,1.472
3.4,35.0,4.17741935483871,1.0053763440860215,1022.0,5.494623655913978,34.27,-118.44,1.396
2.9519,43.0,4.189655172413793,0.9885057471264368,935.0,5.373563218390805,34.26,-118.43,1.409
3.6791,37.0,4.389204545454546,0.96875,1909.0,5.423295454545454,34.25,-118.42,1.481
2.9205,35.0,4.728758169934641,1.0947712418300657,1630.0,5.326797385620915,34.25,-118.43,1.431
2.1062,26.0,3.6942148760330578,1.0764462809917354,2582.0,5.3347107438016526,34.26,-118.42,1.364
2.5313,38.0,3.918918918918919,0.9234234234234234,1065.0,4.797297297297297,34.26,-118.41,1.361
3.4519,36.0,4.463302752293578,1.0137614678899085,1086.0,4.981651376146789,34.26,-118.42,1.433
3.9,37.0,4.35279805352798,1.0316301703163018,2279.0,5.545012165450122,34.26,-118.42,1.386
2.9219,38.0,4.205882352941177,0.9950980392156864,1250.0,6.127450980392157,34.27,-118.41,1.379
1.4867,35.0,3.976435935198822,1.0338733431516938,3444.0,5.072164948453608,34.27,-118.42,1.24
4.2538,13.0,5.133645955451348,1.022274325908558,2560.0,3.001172332942556,34.26,-118.4,1.543
2.2019,13.0,4.333333333333333,1.150462962962963,1927.0,4.460648148148148,34.25,-118.4,1.342
1.95,19.0,3.218390804597701,0.9655172413793104,483.0,5.551724137931035,34.25,-118.41,1.375
2.6429,33.0,4.494565217391305,1.0434782608695652,981.0,5.331521739130435,34.25,-118.41,1.431
3.6016,36.0,4.213235294117647,0.9522058823529412,1173.0,4.3125,34.25,-118.41,1.538
3.2284,18.0,4.219094247246022,1.0489596083231334,3663.0,4.483476132190942,34.25,-118.41,1.571
2.525,17.0,3.787430683918669,1.0129390018484288,2243.0,4.146025878003697,34.24,-118.42,1.637
3.6292,36.0,4.583333333333333,1.060897435897436,1502.0,4.814102564102564,34.25,-118.42,1.452
4.233,34.0,4.99436090225564,0.9680451127819548,1948.0,3.661654135338346,34.32,-118.43,1.574
5.901,18.0,6.466520307354555,1.0098792535675083,2882.0,3.163556531284303,34.33,-118.43,2.356
4.1724,14.0,5.239495798319328,1.080672268907563,3568.0,2.9983193277310924,34.32,-118.44,2.116
3.9583,19.0,4.842293906810036,1.0344086021505376,4205.0,3.014336917562724,34.31,-118.42,1.632
3.6548,29.0,4.643454038997215,0.9916434540389972,2919.0,4.065459610027856,34.3,-118.42,1.803
5.2987,18.0,6.159325210871603,1.035613870665417,3473.0,3.254920337394564,34.32,-118.41,2.034
5.1668,28.0,5.701252236135957,1.0178890876565294,2205.0,3.9445438282647594,34.3,-118.41,1.874
4.3409,30.0,5.130508474576272,1.023728813559322,1970.0,3.3389830508474576,34.32,-118.42,1.56
4.0301,14.0,4.536612021857923,1.028415300546448,3163.0,3.456830601092896,34.31,-118.44,1.543
2.7472,22.0,4.265415549597855,1.1018766756032172,2661.0,3.567024128686327,34.31,-118.44,1.601
3.4,38.0,4.877675840978593,0.9602446483180428,1181.0,3.611620795107034,34.3,-118.44,1.555
4.0556,9.0,5.38390092879257,1.108359133126935,820.0,2.538699690402477,34.31,-118.45,1.825
4.26,23.0,5.104105571847508,0.939882697947214,1952.0,2.86217008797654,34.32,-118.45,1.894
4.1514,10.0,5.4706439393939394,1.053030303030303,2917.0,2.762310606060606,34.32,-118.46,1.941
4.4773,28.0,5.570909090909091,1.0436363636363637,977.0,3.5527272727272727,34.31,-118.45,1.731
4.0337,32.0,5.785202863961814,1.136038186157518,2291.0,5.4677804295942725,34.3,-118.46,1.585
4.2708,24.0,4.882943143812709,1.0050167224080269,1460.0,2.4414715719063547,34.31,-118.46,2.182
3.0,31.0,4.584033613445378,1.0756302521008403,892.0,3.7478991596638656,34.31,-118.48,1.724
3.6736,16.0,4.400352733686067,0.9717813051146384,2314.0,4.081128747795415,34.3,-118.47,1.922
3.0526,24.0,4.528395061728396,1.0987654320987654,3151.0,3.890123456790124,34.29,-118.46,1.833
4.2935,18.0,4.456544502617801,1.0335078534031414,3401.0,3.561256544502618,34.29,-118.47,1.9
4.3047,27.0,4.295345104333868,1.0465489566613162,2661.0,4.271268057784912,34.3,-118.45,1.521
3.4812,35.0,4.508830022075055,1.0143487858719646,3988.0,4.401766004415011,34.3,-118.45,1.602
3.5714,38.0,4.491176470588235,0.976470588235294,1303.0,3.832352941176471,34.28,-118.45,1.52
5.5931,23.0,5.876325088339223,1.0671378091872792,1242.0,4.3886925795053005,34.28,-118.46,2.176
5.1408,33.0,5.359861591695502,0.9134948096885812,881.0,3.0484429065743943,34.27,-118.47,2.229
5.3107,35.0,6.252199413489736,1.0791788856304985,1128.0,3.30791788856305,34.28,-118.48,2.271
5.5608,35.0,5.948818897637795,1.078740157480315,873.0,3.437007874015748,34.28,-118.48,2.267
2.7353,17.0,5.348148148148148,1.0444444444444445,523.0,1.937037037037037,34.27,-118.47,1.924
5.741,35.0,6.46067415730337,1.0393258426966292,741.0,4.162921348314606,34.27,-118.47,2.206
4.9323,34.0,5.545045045045045,1.0,702.0,3.1621621621621623,34.27,-118.48,2.237
4.9955,33.0,6.061784897025172,1.0274599542334095,1303.0,2.9816933638443937,34.27,-118.48,2.168
3.705,33.0,5.191304347826087,0.9956521739130436,839.0,3.6478260869565218,34.27,-118.45,1.858
5.1296,35.0,5.958490566037736,1.1320754716981132,1012.0,3.818867924528302,34.27,-118.45,1.959
4.8015,30.0,5.549295774647887,0.9929577464788732,1004.0,3.535211267605634,34.27,-118.46,1.797
2.6193,28.0,4.238636363636363,1.0522727272727272,1182.0,2.6863636363636365,34.27,-118.46,1.723
3.5347,36.0,4.176691729323308,1.033834586466165,1333.0,5.011278195488722,34.27,-118.44,1.581
3.3603,29.0,4.584905660377358,1.1293800539083558,1616.0,4.355795148247979,34.27,-118.44,1.424
4.8359,35.0,5.473015873015873,0.9873015873015872,992.0,3.149206349206349,34.26,-118.45,1.956
4.3839,36.0,5.283636363636363,0.9818181818181818,808.0,2.938181818181818,34.25,-118.45,2.046
4.175,35.0,5.420529801324503,0.9933774834437086,894.0,2.9602649006622515,34.26,-118.45,2.096
5.0947,33.0,5.778723404255319,1.051063829787234,738.0,3.140425531914893,34.26,-118.46,2.103
4.9485,36.0,5.320610687022901,0.9694656488549618,761.0,2.904580152671756,34.26,-118.46,2.171
4.2143,33.0,5.41031941031941,1.063882063882064,1135.0,2.788697788697789,34.25,-118.46,2.242
3.6989,32.0,5.192037470725995,0.9882903981264636,1064.0,2.4918032786885247,34.25,-118.46,2.086
3.8875,34.0,4.4673539518900345,0.993127147766323,650.0,2.233676975945017,34.26,-118.47,1.992
5.5792,35.0,5.469740634005763,0.9913544668587896,1123.0,3.236311239193084,34.26,-118.47,2.184
5.749,36.0,5.822368421052632,0.9736842105263158,938.0,3.085526315789474,34.26,-118.48,2.38
4.6591,27.0,6.4964200477326965,1.116945107398568,1164.0,2.778042959427208,34.26,-118.49,2.399
4.1492,34.0,4.3192019950124685,0.9950124688279302,1120.0,2.7930174563591024,34.25,-118.47,1.957
5.1619,36.0,5.2026666666666666,1.0533333333333332,1040.0,2.773333333333333,34.25,-118.48,1.953
4.9688,35.0,5.380597014925373,1.0298507462686568,795.0,2.966417910447761,34.25,-118.48,2.169
5.1068,35.0,5.534124629080119,0.9940652818991098,1074.0,3.1869436201780417,34.25,-118.48,2.233
4.3333,33.0,5.767955801104972,1.058011049723757,960.0,2.6519337016574585,34.25,-118.49,2.329
5.5714,34.0,6.2445582586427655,1.0435339308578746,2521.0,3.227912932138284,34.27,-118.49,2.259
4.58,33.0,6.009861932938856,1.039447731755424,1578.0,3.1124260355029585,34.27,-118.49,2.362
4.869,35.0,5.372596153846154,0.9375,1148.0,2.7596153846153846,34.27,-118.5,2.216
5.4065,34.0,6.8320610687022905,1.0782442748091603,1694.0,3.232824427480916,34.28,-118.51,2.438
4.055,34.0,5.131436314363143,1.0447154471544715,1966.0,2.663956639566396,34.27,-118.51,2.225
4.1042,36.0,5.4319809069212415,1.0238663484486874,1001.0,2.389021479713604,34.27,-118.51,2.521
4.8316,33.0,5.617063492063492,1.011904761904762,1340.0,2.6587301587301586,34.26,-118.5,2.373
3.7816,21.0,4.471955533097524,1.0808489135927235,4717.0,2.3835270338554824,34.26,-118.52,2.542
3.5497,25.0,4.801946193474528,1.0715512306811676,4483.0,2.566113337149399,34.26,-118.49,2.613
5.0,28.0,5.434316353887399,0.9544235924932976,2164.0,2.900804289544236,34.25,-118.49,2.58
6.3249,15.0,6.869070208728653,1.045540796963947,4178.0,2.6426312460468058,34.26,-118.62,2.621
3.2564,19.0,4.04102096627165,1.0733819507748406,5005.0,2.281221513217867,34.23,-118.6,2.303
3.0347,17.0,4.50580997949419,1.0423786739576213,4459.0,3.047846889952153,34.23,-118.59,2.545
3.2426,26.0,5.489830508474577,1.0966101694915251,1529.0,2.5915254237288137,34.24,-118.58,2.369
3.6231,15.0,4.366741573033708,1.0728089887640448,4992.0,2.2435955056179777,34.25,-118.59,1.933
5.5126,36.0,5.964749536178108,0.9814471243042672,1710.0,3.1725417439703154,34.23,-118.56,2.484
4.6944,36.0,5.299559471365638,0.9515418502202644,1242.0,2.73568281938326,34.23,-118.56,2.218
4.9676,22.0,5.598290598290598,1.1076923076923078,1746.0,2.9846153846153847,34.23,-118.57,2.219
4.1023,29.0,5.37414030261348,1.063273727647868,2037.0,2.8019257221458047,34.23,-118.58,2.302
3.4091,14.0,3.906914893617021,1.071808510638298,2676.0,2.372340425531915,34.23,-118.59,1.688
4.8929,35.0,5.638235294117648,0.923529411764706,1019.0,2.997058823529412,34.23,-118.58,2.349
4.875,35.0,5.791176470588235,0.9970588235294118,950.0,2.794117647058824,34.22,-118.58,2.304
4.0077,17.0,4.465478841870824,1.086859688195991,3056.0,2.268745360059391,34.22,-118.59,2.29
3.0977,24.0,4.276084949215143,1.074792243767313,2360.0,2.1791320406278856,34.24,-118.54,2.64
4.375,35.0,5.961672473867596,1.0470383275261324,1690.0,2.9442508710801394,34.23,-118.54,2.329
3.2404,27.0,4.035984848484849,1.0284090909090908,1065.0,2.0170454545454546,34.23,-118.53,2.304
2.8727,25.0,4.365346534653465,1.007920792079208,4579.0,4.533663366336634,34.23,-118.55,2.451
3.0321,32.0,4.292242295430393,1.0456960680127525,2675.0,2.842720510095643,34.23,-118.53,2.4
3.6187,34.0,4.412474849094568,1.0321931589537223,1299.0,2.613682092555332,34.22,-118.54,2.116
4.125,29.0,5.2642642642642645,1.027027027027027,1318.0,3.957957957957958,34.23,-118.54,2.414
5.2801,34.0,5.510526315789473,1.0,1207.0,3.1763157894736844,34.25,-118.45,2.123
3.8583,11.0,5.186653771760155,1.1218568665377175,2783.0,2.691489361702128,34.24,-118.46,1.707
4.5417,21.0,5.9035087719298245,1.0460526315789471,1330.0,2.9166666666666665,34.25,-118.47,2.389
2.3111,19.0,3.872785829307568,1.064412238325282,1855.0,2.987117552334944,34.24,-118.47,2.554
5.0232,30.0,6.2685589519650655,1.0262008733624457,1335.0,2.9148471615720526,34.25,-118.49,2.539
5.2939,35.0,6.08314606741573,1.002247191011236,1224.0,2.750561797752809,34.24,-118.49,2.442
6.0965,34.0,6.420195439739413,1.029315960912052,917.0,2.986970684039088,34.24,-118.49,2.623
4.8164,32.0,7.04833836858006,1.1752265861027191,969.0,2.927492447129909,34.25,-118.5,2.411
6.155,32.0,7.008720930232558,1.1046511627906976,1040.0,3.0232558139534884,34.25,-118.5,2.573
5.2668,32.0,6.31024531024531,0.9855699855699857,2040.0,2.9437229437229435,34.23,-118.49,2.423
5.0325,30.0,6.097222222222222,1.0902777777777777,899.0,3.1215277777777777,34.22,-118.49,2.382
2.5008,22.0,3.405383360522023,1.1080750407830342,9135.0,3.725530179445351,34.23,-118.47,1.6
4.7583,35.0,6.609427609427609,1.0437710437710437,919.0,3.0942760942760943,34.23,-118.48,2.586
4.5484,29.0,5.16,1.0876923076923075,1752.0,2.6953846153846155,34.23,-118.48,2.399
2.7121,20.0,3.347131445170661,1.0885984023238926,5349.0,3.884531590413944,34.23,-118.46,1.694
3.0187,16.0,3.883578431372549,1.0833333333333333,4718.0,2.89093137254902,34.23,-118.46,1.546
3.4514,38.0,3.821576763485477,0.991701244813278,1023.0,4.244813278008299,34.25,-118.43,1.519
4.7228,36.0,5.41743119266055,1.0091743119266054,775.0,3.555045871559633,34.24,-118.42,1.838
4.0208,36.0,5.027027027027027,1.0574324324324325,1221.0,4.125,34.24,-118.43,1.714
4.5833,35.0,5.269230769230769,0.9825174825174824,1025.0,3.583916083916084,34.24,-118.42,1.772
4.5909,35.0,5.545945945945946,1.054054054054054,753.0,4.07027027027027,34.23,-118.41,1.792
3.125,38.0,4.9,1.01,402.0,4.02,34.24,-118.41,1.759
4.0792,34.0,5.19811320754717,1.0,949.0,4.476415094339623,34.26,-118.44,1.651
3.9167,28.0,3.675767918088737,0.9829351535836176,1377.0,4.699658703071672,34.26,-118.44,1.539
3.6384,32.0,4.573308270676692,1.0394736842105263,2318.0,4.357142857142857,34.25,-118.43,1.593
5.5124,34.0,3.9156626506024095,0.7228915662650602,433.0,5.216867469879518,34.26,-118.44,1.743
3.7,35.0,4.50997150997151,0.9230769230769232,1481.0,4.219373219373219,34.25,-118.44,1.76
3.9833,21.0,4.311871227364185,1.13682092555332,1803.0,3.6277665995975856,34.25,-118.45,1.625
3.5082,11.0,4.442100098135427,1.076054955839058,7096.0,3.4818449460255154,34.24,-118.45,1.365
2.3584,15.0,3.629348513598988,1.1176470588235294,4620.0,2.922201138519924,34.23,-118.45,1.576
3.0865,7.0,5.098918083462133,1.2272024729520865,2343.0,3.6213292117465214,34.24,-118.45,2.059
4.8958,33.0,4.75,0.9788135593220338,1038.0,4.398305084745763,34.25,-118.44,1.737
3.7143,35.0,5.205882352941177,0.9595588235294118,995.0,3.6580882352941178,34.24,-118.43,1.787
4.4688,35.0,5.166666666666667,1.0173611111111112,1112.0,3.861111111111111,34.24,-118.43,1.825
4.095,36.0,5.407166123778501,0.980456026058632,1225.0,3.990228013029316,34.24,-118.44,1.84
3.725,35.0,5.87468671679198,1.0902255639097744,1531.0,3.837092731829574,34.24,-118.44,1.782
5.6629,33.0,5.556053811659193,1.0246636771300448,1567.0,3.513452914798206,34.23,-118.42,1.867
5.3767,29.0,5.829032258064516,1.0419354838709678,1234.0,3.9806451612903215,34.22,-118.42,2.33
4.4432,35.0,5.322077922077922,1.0129870129870129,1286.0,3.3402597402597403,34.23,-118.43,1.815
4.6827,36.0,5.605691056910569,1.0772357723577235,896.0,3.642276422764228,34.24,-118.43,1.838
4.5375,34.0,5.381944444444445,0.96875,1011.0,3.5104166666666665,34.23,-118.42,1.89
3.4013,35.0,5.303030303030303,0.987012987012987,720.0,3.116883116883117,34.23,-118.43,1.765
3.9615,37.0,4.879213483146067,1.0365168539325842,1061.0,2.980337078651685,34.23,-118.43,1.737
4.0057,37.0,5.489270386266094,1.034334763948498,987.0,4.236051502145923,34.24,-118.43,1.727
4.0368,36.0,4.90084985835694,1.0963172804532575,1099.0,3.113314447592068,34.23,-118.44,1.831
3.66,34.0,4.670588235294118,1.0588235294117647,1080.0,3.176470588235294,34.22,-118.43,1.846
3.8083,41.0,4.618834080717488,0.9596412556053812,664.0,2.977578475336323,34.22,-118.44,1.838
3.325,39.0,4.869426751592357,1.095541401273885,913.0,2.9076433121019107,34.22,-118.44,1.782
4.5278,43.0,5.106334841628959,0.9705882352941176,1418.0,3.20814479638009,34.23,-118.44,1.818
2.6299,35.0,4.042402826855124,1.0901060070671378,2222.0,3.9257950530035335,34.22,-118.46,1.707
3.9625,39.0,4.854368932038835,1.077669902912621,998.0,3.229773462783172,34.22,-118.46,1.682
2.871,31.0,3.552677029360967,1.0379965457685665,2397.0,4.139896373056994,34.22,-118.46,1.844
2.0699,24.0,3.137648131267092,1.064721969006381,4625.0,4.216043755697356,34.22,-118.45,1.83
2.5833,25.0,3.4672454617206,1.080505130228887,3781.0,2.984214680347277,34.23,-118.45,1.837
2.7714,8.0,3.753956834532374,1.1309352517985611,1803.0,2.594244604316547,34.22,-118.45,1.857
2.585,19.0,3.722556390977444,1.0578947368421052,7307.0,2.7469924812030078,34.23,-118.46,1.454
3.4612,36.0,4.80241935483871,1.0725806451612905,718.0,2.8951612903225805,34.22,-118.44,1.788
4.8703,37.0,4.854227405247814,0.97667638483965,1011.0,2.947521865889213,34.21,-118.44,1.851
2.875,41.0,4.472049689440993,1.0093167701863357,1014.0,3.1490683229813663,34.21,-118.44,1.686
2.825,41.0,4.185185185185185,1.0555555555555556,1159.0,3.066137566137566,34.22,-118.44,1.686
4.2656,34.0,5.054945054945055,0.9428571428571428,1447.0,3.18021978021978,34.22,-118.43,2.337
2.425,17.0,3.4791271347248576,1.1470588235294117,2636.0,2.500948766603416,34.21,-118.43,1.755
3.6618,36.0,4.483660130718954,0.9640522875816994,774.0,2.5294117647058822,34.22,-118.43,1.873
3.6442,43.0,5.304347826086956,0.9652173913043478,729.0,3.1695652173913045,34.22,-118.4,1.863
2.9803,30.0,4.8478260869565215,1.075098814229249,1753.0,3.464426877470356,34.21,-118.4,1.915
4.0167,35.0,4.966367713004484,1.0291479820627802,1594.0,3.5739910313901344,34.21,-118.41,1.932
4.8194,45.0,5.197860962566845,0.9679144385026738,554.0,2.962566844919786,34.21,-118.4,1.813
3.6591,36.0,5.2077393075356415,1.09979633401222,1556.0,3.169042769857434,34.22,-118.4,1.838
4.0049,37.0,5.124087591240876,0.9708029197080292,889.0,3.244525547445256,34.23,-118.4,1.9
4.8816,38.0,5.782352941176471,1.088235294117647,513.0,3.0176470588235293,34.25,-118.38,2.315
4.1121,40.0,5.436440677966102,1.0423728813559323,594.0,2.516949152542373,34.24,-118.37,2.292
3.6,32.0,4.643086816720257,1.0192926045016075,1177.0,3.784565916398714,34.23,-118.37,1.646
3.5521,17.0,3.9888392857142856,1.0334821428571428,1671.0,3.7299107142857135,34.22,-118.37,1.515
1.3594,38.0,4.310344827586207,1.4482758620689655,63.0,2.1724137931034484,34.24,-118.38,1.583
4.775,35.0,5.073558648111332,1.083499005964215,1850.0,3.677932405566601,34.24,-118.4,1.795
3.0083,18.0,4.283018867924528,1.0452830188679243,3001.0,3.774842767295597,34.23,-118.39,1.819
2.1518,43.0,3.728125,0.934375,1184.0,3.7,34.23,-118.39,1.616
4.1181,36.0,4.8753709198813056,1.0356083086053411,1414.0,4.195845697329377,34.23,-118.4,1.727
5.35,35.0,5.400763358778626,0.9885496183206108,1577.0,3.0095419847328246,34.21,-118.41,2.105
5.592,35.0,6.700374531835206,1.093632958801498,897.0,3.359550561797753,34.21,-118.41,2.399
3.695,40.0,4.593548387096774,0.9612903225806452,533.0,3.438709677419354,34.22,-118.39,1.652
5.0818,35.0,5.188405797101449,0.9681159420289857,1277.0,3.701449275362319,34.22,-118.39,1.868
3.6845,32.0,4.326388888888889,1.0208333333333333,1516.0,3.509259259259259,34.21,-118.39,1.785
2.6667,14.0,3.4956413449564137,1.0809464508094646,2729.0,3.398505603985056,34.21,-118.39,1.724
2.375,20.0,3.69811320754717,1.0817610062893082,864.0,2.7169811320754715,34.22,-118.38,1.777
3.7708,35.0,4.8933333333333335,1.01,1295.0,4.316666666666666,34.21,-118.38,1.706
3.0833,33.0,4.25107296137339,1.03862660944206,1665.0,3.572961373390558,34.21,-118.38,1.791
4.1857,34.0,5.288732394366197,1.0369718309859155,1938.0,3.4119718309859155,34.22,-118.42,1.986
5.1586,29.0,5.357407407407408,1.0055555555555555,1636.0,3.0296296296296297,34.21,-118.42,2.374
1.0,34.0,4.878787878787879,1.4545454545454546,66.0,2.0,34.2,-118.42,1.875
5.6687,34.0,5.587591240875913,1.0145985401459854,1064.0,3.883211678832117,34.23,-118.42,2.073
3.1563,36.0,4.594059405940594,1.0759075907590758,1181.0,3.897689768976898,34.21,-118.37,1.764
4.2875,36.0,4.297520661157025,0.9400826446280992,1939.0,4.006198347107438,34.21,-118.37,1.766
3.7143,34.0,4.694214876033058,1.1528925619834711,2164.0,4.471074380165289,34.21,-118.37,1.757
2.9028,11.0,4.013207547169811,1.0962264150943395,1989.0,3.752830188679245,34.22,-118.37,1.741
2.2679,32.0,3.549019607843137,0.9803921568627452,348.0,3.411764705882353,34.22,-118.38,1.5
2.8333,15.0,3.708955223880597,1.1074626865671642,1994.0,2.976119402985075,34.23,-118.36,1.832
3.7663,37.0,4.307692307692308,0.9914529914529916,1545.0,4.401709401709402,34.22,-118.36,1.603
3.025,41.0,4.010282776349614,0.961439588688946,1668.0,4.287917737789203,34.22,-118.35,1.543
1.8929,41.0,6.74,1.3,198.0,3.96,34.21,-118.36,1.529
3.8,42.0,4.525316455696203,0.9177215189873418,730.0,4.620253164556962,34.21,-118.38,1.695
3.0125,23.0,3.874531835205993,1.0964419475655431,3911.0,3.661985018726592,34.2,-118.38,1.817
2.0348,17.0,2.6659815005138747,1.0565262076053443,3950.0,4.059609455292908,34.2,-118.39,1.772
3.7455,33.0,4.808510638297872,1.1111111111111112,1990.0,4.704491725768322,34.21,-118.37,1.596
2.9861,34.0,3.683417085427136,1.020100502512563,2488.0,4.16750418760469,34.2,-118.37,1.718
2.3182,38.0,3.365432098765432,0.9753086419753086,1798.0,4.439506172839506,34.21,-118.38,1.712
2.8917,33.0,4.699346405228758,1.0098039215686274,1378.0,4.503267973856209,34.2,-118.37,1.704
4.1445,11.0,4.399096385542169,1.0316265060240963,1512.0,2.27710843373494,34.19,-118.36,1.764
2.9583,34.0,3.810880829015544,1.0958549222797926,995.0,2.577720207253886,34.18,-118.36,1.887
2.8784,36.0,3.7278797996661104,1.010016694490818,1934.0,3.228714524207012,34.18,-118.36,1.949
3.1629,33.0,3.658,1.024,1345.0,2.69,34.18,-118.37,1.989
2.6696,19.0,4.099290780141844,1.1645390070921986,2203.0,3.124822695035461,34.19,-118.37,1.851
3.0491,41.0,4.338394793926248,1.052060737527115,1439.0,3.121475054229935,34.19,-118.39,1.92
2.0968,23.0,2.853881278538813,1.0806697108066972,2555.0,3.888888888888889,34.19,-118.39,1.625
2.2234,19.0,2.752393980848153,1.0013679890560876,3483.0,4.764705882352941,34.2,-118.39,1.813
2.1,41.0,3.4976076555023923,1.0370813397129186,2751.0,3.29066985645933,34.19,-118.37,1.716
2.4375,37.0,3.549504950495049,0.9752475247524752,1667.0,4.126237623762377,34.19,-118.38,1.763
2.4306,32.0,4.004032258064516,1.1491935483870968,1044.0,4.209677419354839,34.2,-118.38,1.875
3.6875,13.0,4.049166666666666,1.0775,3351.0,2.7925,34.2,-118.4,2.119
3.625,37.0,4.060869565217391,1.0043478260869565,587.0,2.5521739130434784,34.19,-118.4,1.813
2.8424,30.0,3.9277504105090313,1.0755336617405582,1987.0,3.2627257799671594,34.2,-118.4,2.264
3.0395,35.0,3.797909407665505,1.043554006968641,1483.0,2.583623693379791,34.19,-118.4,1.913
4.1429,39.0,4.732793522267206,0.979757085020243,612.0,2.477732793522267,34.19,-118.41,2.0
3.5164,32.0,4.481967213114754,1.0721311475409836,2209.0,3.621311475409836,34.2,-118.41,2.172
1.9549,24.0,3.7520858164481528,1.0822407628128723,2850.0,3.3969010727056017,34.2,-118.42,2.215
3.9792,42.0,5.263513513513513,0.9797297297297296,450.0,3.0405405405405403,34.19,-118.41,1.938
3.338,34.0,4.575916230366492,0.9982547993019196,1997.0,3.485165794066317,34.19,-118.42,2.225
2.2377,27.0,3.3765822784810124,1.0232067510548524,3403.0,3.589662447257384,34.2,-118.42,2.317
2.6165,33.0,4.179389312977099,1.0559796437659033,2281.0,2.9020356234096694,34.19,-118.42,2.308
3.1551,27.0,4.630541871921182,1.083743842364532,2022.0,2.4901477832512318,34.18,-118.42,2.256
3.3594,30.0,3.972972972972973,1.06006006006006,856.0,2.5705705705705704,34.18,-118.42,2.022
3.6625,45.0,4.850877192982456,0.986842105263158,595.0,2.6096491228070176,34.19,-118.41,1.907
4.7171,43.0,5.696594427244582,1.1021671826625388,966.0,2.990712074303405,34.18,-118.41,2.379
3.0119,30.0,4.048387096774194,1.034274193548387,1052.0,2.120967741935484,34.18,-118.41,2.622
2.8021,37.0,4.9825,1.0625,939.0,2.3475,34.19,-118.41,2.246
4.1125,30.0,4.038759689922481,0.9767441860465116,306.0,2.372093023255814,34.19,-118.4,2.167
3.6007,35.0,4.432065217391305,0.967391304347826,862.0,2.342391304347826,34.19,-118.4,2.618
2.9982,25.0,4.331050228310502,1.1289954337899544,2454.0,2.8013698630136985,34.19,-118.39,2.042
2.9327,42.0,4.7270531400966185,0.9396135265700484,985.0,2.3792270531400965,34.18,-118.39,2.402
3.3516,26.0,4.327296248382924,1.0582147477360933,1599.0,2.0685640362225097,34.17,-118.39,2.415
3.3906,44.0,4.258928571428571,0.8125,220.0,1.9642857142857144,34.18,-118.39,2.238
2.4167,36.0,4.732984293193717,1.0,627.0,3.282722513089005,34.19,-118.39,1.929
2.7379,42.0,4.33112582781457,0.956953642384106,950.0,3.1456953642384105,34.19,-118.38,1.815
3.0061,40.0,3.952471482889734,1.079847908745247,1396.0,2.653992395437262,34.18,-118.38,1.908
2.1449,27.0,3.375698324022346,1.066340782122905,3847.0,2.6864525139664805,34.18,-118.38,1.653
2.4792,24.0,3.4547038327526134,1.1341463414634143,2251.0,3.921602787456446,34.18,-118.38,2.0
2.8208,33.0,4.051020408163265,1.1581632653061225,739.0,1.885204081632653,34.17,-118.38,2.385
3.6563,40.0,4.405194805194805,0.9662337662337662,835.0,2.168831168831169,34.17,-118.39,2.224
2.9728,36.0,4.299465240641712,0.997326203208556,1217.0,3.2540106951871657,34.18,-118.37,1.902
3.3958,42.0,4.523809523809524,1.1904761904761905,643.0,2.5515873015873014,34.18,-118.37,1.784
3.3125,44.0,5.033519553072626,1.0,473.0,2.642458100558659,34.18,-118.38,1.864
1.9866,30.0,3.7868217054263567,1.0232558139534884,736.0,2.852713178294574,34.19,-118.38,1.774
2.9228,35.0,3.953083109919571,1.064343163538874,2106.0,2.8230563002680964,34.18,-118.37,1.773
2.5603,32.0,3.517821782178218,1.0495049504950495,3129.0,3.098019801980198,34.18,-118.38,1.742
2.3056,31.0,3.320359281437126,1.059880239520958,1119.0,3.3502994011976046,34.18,-118.36,2.0
2.5234,31.0,4.160944206008583,1.0836909871244635,1584.0,3.3991416309012874,34.17,-118.36,1.995
3.2596,42.0,4.0117096018735365,0.97423887587822,1349.0,3.159250585480094,34.17,-118.37,1.918
3.3545,24.0,4.25402144772118,1.0375335120643432,2945.0,1.9738605898123325,34.17,-118.4,2.215
2.7708,30.0,3.619389587073609,1.1166965888689409,1359.0,2.4398563734290843,34.17,-118.38,1.923
2.3851,44.0,4.346590909090909,1.0606060606060606,1543.0,2.922348484848485,34.17,-118.36,1.941
2.3784,15.0,3.882147024504084,1.1796966161026838,2683.0,3.1306884480746797,34.17,-118.37,1.854
2.4107,42.0,3.314917127071823,0.9447513812154696,377.0,2.0828729281767955,34.17,-118.37,1.844
2.2756,10.0,3.335664335664336,1.1025641025641026,1438.0,3.351981351981352,34.17,-118.37,2.214
2.7231,6.0,3.6458100558659217,1.1212290502793296,3298.0,1.8424581005586596,34.16,-118.37,2.5
3.6128,10.0,3.832352941176471,1.1,1373.0,2.0191176470588235,34.16,-118.37,2.25
3.6375,25.0,4.238754325259516,1.069204152249135,1054.0,1.8235294117647056,34.16,-118.37,2.625
3.5051,17.0,3.9865513928914496,1.1027857829010568,1808.0,1.7367915465898174,34.16,-118.37,2.324
3.1106,11.0,3.67680608365019,1.1039290240811153,1659.0,2.102661596958175,34.16,-118.37,2.094
2.773,20.0,3.8841405508072175,1.2070275403608737,2824.0,2.6818613485280154,34.2,-118.43,1.405
4.125,26.0,4.4796875,1.0484375,1955.0,3.0546875,34.21,-118.43,2.265
2.9219,28.0,4.15347721822542,1.0431654676258992,1198.0,2.8729016786570742,34.2,-118.44,2.413
3.2448,20.0,4.204528853177502,1.078889700511322,4031.0,2.944485025566107,34.21,-118.44,2.212
2.1888,30.0,3.297029702970297,1.0367751060820367,2172.0,3.072135785007072,34.21,-118.45,1.956
2.9688,19.0,3.363302752293578,1.055045871559633,2657.0,2.4376146788990827,34.2,-118.45,2.021
3.5255,13.0,3.648379052369077,1.0174563591022443,1867.0,2.327930174563591,34.2,-118.46,2.027
3.5,7.0,3.889719626168224,1.2280373831775702,1456.0,2.721495327102804,34.21,-118.46,1.869
2.9735,34.0,4.301369863013699,1.0325342465753424,1805.0,3.0907534246575343,34.21,-118.47,2.2
2.9025,20.0,3.931137724550898,1.1407185628742516,2475.0,2.470059880239521,34.2,-118.47,2.291
3.3864,25.0,4.436055469953775,1.1140215716486903,2077.0,3.200308166409861,34.21,-118.48,1.974
2.8974,26.0,3.9512670565302144,1.0896686159844056,1545.0,3.0116959064327484,34.2,-118.48,1.899
1.3565,25.0,2.692857142857143,1.069047619047619,746.0,1.776190476190476,34.21,-118.49,2.25
3.1667,23.0,3.773960216998192,1.0325497287522605,1809.0,3.27124773960217,34.19,-118.49,2.02
5.2118,35.0,5.49009900990099,1.0198019801980198,515.0,2.549504950495049,34.2,-118.49,2.158
3.915,34.0,5.301639344262295,1.1278688524590164,938.0,3.0754098360655737,34.2,-118.5,2.177
2.4375,12.0,3.9617373319544975,1.1199586349534645,2258.0,2.3350568769389866,34.2,-118.48,2.554
2.6957,23.0,3.667953667953668,1.111969111969112,2249.0,2.8944658944658945,34.2,-118.48,1.917
2.8646,20.0,4.126719768283852,1.154236060825489,3809.0,2.758146270818248,34.19,-118.48,2.211
3.8833,36.0,4.865248226950355,1.0,1132.0,2.67612293144208,34.19,-118.48,2.104
2.5562,27.0,3.454945054945055,0.989010989010989,1039.0,2.2835164835164834,34.2,-118.45,1.905
2.5842,18.0,3.677897574123989,1.0781671159029649,2099.0,2.8288409703504045,34.2,-118.45,2.308
3.0893,22.0,3.859300476947536,1.0731319554848966,2519.0,2.0023847376788555,34.2,-118.46,2.056
2.4667,37.0,4.241106719367589,1.0039525691699605,739.0,2.9209486166007905,34.19,-118.45,1.922
2.7237,20.0,3.67156862745098,1.1151960784313726,4826.0,2.957107843137255,34.19,-118.46,2.335
6.1142,35.0,4.825242718446602,0.9546925566343042,779.0,2.521035598705501,34.19,-118.46,2.563
3.1118,29.0,4.493372606774669,1.0220913107511045,1942.0,2.8600883652430045,34.2,-118.43,2.381
2.7375,36.0,4.870036101083032,1.124548736462094,1544.0,2.7870036101083038,34.2,-118.44,2.349
2.5197,35.0,3.4686868686868686,0.9656565656565655,1628.0,3.2888888888888888,34.2,-118.44,2.256
2.936,17.0,3.300337457817773,1.0686164229471316,2517.0,2.831271091113611,34.2,-118.44,2.325
4.125,27.0,4.831460674157303,1.0379213483146068,1827.0,2.566011235955056,34.19,-118.43,2.455
5.0,37.0,4.368876080691643,0.9913544668587896,983.0,2.8328530259366,34.19,-118.44,2.436
2.6709,19.0,4.176047904191617,1.148502994011976,2278.0,2.7281437125748504,34.19,-118.44,2.155
2.4583,29.0,3.6506849315068495,1.047945205479452,1143.0,2.6095890410958904,34.19,-118.44,1.991
2.2326,36.0,3.933712121212121,0.9393939393939394,1206.0,2.284090909090909,34.18,-118.44,2.21
2.891,11.0,3.7643229166666665,1.23828125,2166.0,2.8203125,34.19,-118.44,1.781
2.1977,17.0,2.7805755395683454,1.064748201438849,2423.0,4.357913669064748,34.18,-118.44,1.542
2.2264,11.0,2.8994152046783626,1.0526315789473684,2466.0,2.8842105263157896,34.19,-118.45,1.813
2.0192,22.0,3.52875175315568,1.158485273492286,3350.0,4.698457223001403,34.18,-118.45,1.583
3.0877,27.0,3.596100278551532,1.001392757660167,2038.0,2.838440111420613,34.18,-118.46,1.742
5.0929,41.0,5.63265306122449,1.0,495.0,2.5255102040816326,34.19,-118.47,2.25
3.7171,39.0,4.7631578947368425,1.0210526315789474,839.0,2.207894736842105,34.18,-118.45,2.288
3.6875,34.0,4.419664268585132,1.0599520383693046,861.0,2.064748201438849,34.18,-118.45,2.464
4.5081,33.0,4.511335012594459,0.9722921914357684,844.0,2.1259445843828715,34.18,-118.46,2.514
3.4583,35.0,4.341288782816229,1.109785202863962,1336.0,3.18854415274463,34.18,-118.46,2.532
2.2461,35.0,3.796875,1.0546875,550.0,2.1484375,34.18,-118.44,2.15
3.6019,33.0,4.615555555555556,1.08,1021.0,2.2688888888888887,34.18,-118.45,2.25
2.6238,25.0,3.76597836774828,1.0865290068829891,2328.0,2.2890855457227137,34.18,-118.43,2.1
4.3333,33.0,4.711246200607903,1.0440729483282676,1388.0,2.109422492401216,34.17,-118.45,2.613
2.875,22.0,3.5733647613435475,1.0760164997053625,4876.0,2.873305833824396,34.21,-118.54,2.271
3.9886,32.0,4.740402193784278,1.0347349177330896,1596.0,2.917733089579525,34.21,-118.54,1.992
4.6731,35.0,5.385113268608414,0.970873786407767,1000.0,3.236245954692557,34.22,-118.54,2.241
4.1597,37.0,4.371584699453552,0.953551912568306,1012.0,2.7650273224043715,34.2,-118.54,2.016
4.1319,33.0,5.262529832935561,1.081145584725537,1242.0,2.964200477326969,34.19,-118.54,2.037
4.3462,36.0,5.919491525423729,1.1080508474576272,1334.0,2.8262711864406778,34.22,-118.51,2.221
4.9643,36.0,5.118367346938776,0.9346938775510204,629.0,2.5673469387755103,34.21,-118.5,2.361
5.5675,36.0,5.376623376623376,1.0064935064935066,817.0,2.6525974025974026,34.21,-118.5,2.159
4.185,36.0,4.979591836734694,0.9872448979591836,1156.0,2.9489795918367347,34.22,-118.51,2.092
4.7,36.0,6.0201005025125625,1.0577889447236182,1064.0,2.6733668341708543,34.21,-118.51,2.236
4.8646,36.0,5.488970588235294,1.0477941176470589,766.0,2.8161764705882355,34.22,-118.51,2.132
5.0282,35.0,5.641592920353983,0.9823008849557522,959.0,4.243362831858407,34.22,-118.52,1.954
5.5209,35.0,6.532258064516129,1.096774193548387,1052.0,4.241935483870968,34.22,-118.52,2.033
4.3261,36.0,5.60655737704918,0.9929742388758782,1490.0,3.489461358313817,34.21,-118.52,2.067
5.1265,34.0,5.897163120567376,1.0602836879432624,762.0,2.702127659574468,34.21,-118.52,2.11
4.6607,29.0,4.730103806228374,0.9792387543252596,2630.0,3.033448673587082,34.22,-118.53,1.998
2.9389,18.0,4.308965517241379,1.0979310344827586,1855.0,2.5586206896551724,34.21,-118.53,2.132
5.0623,35.0,5.972350230414746,1.1290322580645162,1427.0,3.2880184331797238,34.21,-118.55,2.464
4.4271,35.0,5.813880126182966,1.0378548895899051,1041.0,3.2839116719242902,34.22,-118.56,2.051
3.5333,36.0,5.185483870967742,0.9758064516129032,788.0,3.177419354838709,34.21,-118.56,1.968
4.3194,34.0,5.225490196078432,0.9607843137254902,819.0,2.676470588235294,34.22,-118.56,1.97
3.8247,33.0,4.827160493827161,1.034567901234568,2097.0,2.588888888888889,34.21,-118.55,2.087
3.7313,13.0,4.696559503666102,1.0428652002256062,4126.0,2.327129159616469,34.21,-118.56,1.898
4.3571,35.0,4.975903614457831,1.0223752151462997,1757.0,3.0240963855421685,34.2,-118.52,1.998
3.225,33.0,4.285714285714286,1.072083879423329,2118.0,2.7758846657929226,34.2,-118.53,2.053
4.5125,35.0,5.363344051446945,1.067524115755627,807.0,2.594855305466238,34.21,-118.5,2.003
4.1806,35.0,4.890909090909091,0.9333333333333332,850.0,2.575757575757576,34.2,-118.51,2.09
4.0924,37.0,4.990338164251208,1.0483091787439611,1031.0,2.490338164251208,34.2,-118.51,1.884
4.5648,36.0,4.864468864468864,1.051282051282051,823.0,3.0146520146520146,34.21,-118.52,1.937
2.2304,42.0,4.664670658682635,0.9640718562874252,884.0,2.6467065868263475,34.2,-118.5,2.038
4.2344,33.0,4.930084745762712,1.0148305084745763,1166.0,2.4703389830508478,34.2,-118.51,2.625
3.7049,34.0,5.366355140186916,1.0859813084112149,1350.0,2.5233644859813085,34.2,-118.51,2.275
5.3028,35.0,6.026128266033254,0.992874109263658,1161.0,2.75771971496437,34.19,-118.51,2.292
4.2865,38.0,5.757255936675461,1.079155672823219,1141.0,3.0105540897097627,34.19,-118.51,2.211
4.1304,18.0,4.674367436743674,1.0264026402640265,2047.0,2.251925192519252,34.2,-118.5,2.291
5.0796,35.0,6.112359550561798,1.101123595505618,1158.0,2.602247191011236,34.19,-118.5,2.283
4.0,26.0,4.587234042553192,1.0829787234042554,1142.0,2.429787234042553,34.19,-118.5,2.247
2.6437,19.0,3.531096563011457,1.067103109656301,2490.0,2.037643207855974,34.2,-118.52,1.95
4.9102,37.0,5.070621468926554,0.9774011299435028,1082.0,3.056497175141243,34.2,-118.52,2.072
2.8701,26.0,3.683250414593698,1.097844112769486,1998.0,3.3134328358208958,34.2,-118.53,1.911
3.6905,21.0,4.058917197452229,1.036624203821656,1624.0,2.5859872611464967,34.2,-118.55,1.798
3.1106,18.0,4.5796875,1.0328125,3161.0,2.46953125,34.19,-118.55,1.706
3.5313,31.0,4.730120481927711,1.0120481927710845,1494.0,3.6,34.2,-118.55,2.118
2.9511,42.0,5.404907975460123,1.0429447852760736,464.0,2.8466257668711656,34.19,-118.52,2.039
3.8516,37.0,5.492957746478873,0.9683098591549296,763.0,2.686619718309859,34.19,-118.52,2.069
4.8295,37.0,5.51603498542274,1.0116618075801749,1039.0,3.0291545189504374,34.19,-118.52,2.121
2.625,32.0,4.135860979462875,1.0932069510268565,1961.0,3.0979462875197474,34.19,-118.53,1.923
4.2143,34.0,5.402810304449648,0.9086651053864168,1168.0,2.73536299765808,34.18,-118.52,2.454
4.2083,26.0,5.366323907455013,1.1375321336760926,2118.0,2.7223650385604112,34.18,-118.53,2.403
4.175,36.0,5.398601398601398,1.0769230769230769,891.0,3.1153846153846154,34.2,-118.56,1.909
4.0789,35.0,5.640198511166253,1.0173697270471465,1431.0,3.5508684863523574,34.2,-118.56,1.967
5.4548,35.0,5.585714285714285,1.0285714285714285,425.0,3.0357142857142856,34.19,-118.56,2.014
3.9615,34.0,5.597285067873303,1.0950226244343892,671.0,3.0361990950226243,34.19,-118.56,1.836
4.433,34.0,4.988394584139265,1.0851063829787233,1237.0,2.392649903288201,34.19,-118.56,2.351
4.8264,36.0,5.059259259259259,0.8296296296296296,719.0,2.662962962962963,34.18,-118.56,2.51
2.5739,22.0,4.586160108548168,1.0719131614654005,2199.0,2.983717774762551,34.19,-118.54,2.392
3.9632,25.0,4.56,1.0752941176470587,1280.0,3.011764705882353,34.18,-118.54,2.403
4.675,36.0,5.09375,0.8854166666666666,475.0,2.473958333333333,34.19,-118.55,2.225
4.3654,31.0,5.155555555555556,1.0277777777777777,990.0,2.75,34.19,-118.55,2.238
3.0187,24.0,4.173775671406003,1.099526066350711,1649.0,2.605055292259084,34.21,-118.58,2.177
2.9974,26.0,3.62015503875969,1.0372093023255815,1986.0,3.0790697674418603,34.21,-118.59,1.788
5.2149,18.0,4.758426966292135,1.0393258426966292,733.0,4.117977528089888,34.2,-118.59,2.019
5.015,37.0,5.578313253012048,1.0120481927710845,826.0,3.317269076305221,34.2,-118.58,2.209
3.7798,27.0,4.76962457337884,1.0341296928327646,1702.0,2.9044368600682597,34.22,-118.57,2.584
4.1359,17.0,4.607344632768362,1.0635593220338984,1879.0,2.653954802259887,34.22,-118.57,2.552
5.6345,35.0,5.47008547008547,0.9423076923076924,1428.0,3.051282051282051,34.22,-118.58,2.282
4.7125,27.0,6.421511627906977,1.0261627906976745,1034.0,3.005813953488372,34.21,-118.58,2.509
5.0462,34.0,6.370491803278688,1.0491803278688523,895.0,2.9344262295081966,34.21,-118.59,2.277
4.8333,34.0,4.647859922178989,1.0136186770428015,1560.0,3.035019455252918,34.21,-118.59,2.254
2.8039,21.0,3.984918307498953,1.0724759111855886,7282.0,3.0506912442396312,34.21,-118.6,2.275
5.6407,34.0,6.065972222222222,0.9670138888888888,1861.0,3.2309027777777777,34.21,-118.61,2.515
5.6356,33.0,5.660899653979238,0.9515570934256056,866.0,2.9965397923875434,34.22,-118.62,2.413
6.1074,26.0,6.304093567251462,1.0077972709551657,1597.0,3.113060428849902,34.21,-118.62,2.586
4.0909,34.0,6.151869158878505,1.1004672897196262,1313.0,3.067757009345794,34.22,-118.62,2.329
3.3534,41.0,4.318367346938776,0.9306122448979592,778.0,3.1755102040816325,34.21,-118.61,1.805
3.6296,16.0,3.616842105263158,0.983157894736842,896.0,1.886315789473684,34.2,-118.61,1.609
5.4527,33.0,6.426108374384237,1.061576354679803,1208.0,2.9753694581280787,34.21,-118.61,2.271
5.7613,23.0,6.296747967479675,1.1016260162601623,1486.0,3.0203252032520327,34.2,-118.62,2.358
5.5709,31.0,6.72108843537415,1.1003401360544218,1762.0,2.996598639455782,34.21,-118.63,2.448
5.0025,32.0,5.93211009174312,1.0146788990825688,1678.0,3.078899082568807,34.2,-118.62,2.349
2.5797,17.0,3.486624203821656,1.105732484076433,2924.0,3.72484076433121,34.21,-118.59,1.835
2.754,21.0,2.642540620384047,1.0029542097488922,2300.0,3.397341211225997,34.2,-118.59,1.798
3.2297,10.0,3.4607961399276235,1.1351025331724969,2162.0,2.6079613992762365,34.2,-118.6,1.5
2.6159,19.0,3.292091836734694,1.093112244897959,2004.0,2.556122448979592,34.21,-118.6,1.823
5.0483,35.0,4.985915492957746,1.019718309859155,1083.0,3.0507042253521126,34.2,-118.56,2.21
4.1181,36.0,4.905027932960894,0.9329608938547486,499.0,2.787709497206704,34.21,-118.57,1.904
3.1818,18.0,4.212477928193055,1.100058858151854,4642.0,2.732195409064156,34.2,-118.57,2.08
3.5,21.0,4.304913294797688,1.0751445086705202,1824.0,2.6358381502890174,34.2,-118.58,2.237
4.1111,36.0,6.103286384976526,1.0352112676056338,1246.0,2.924882629107981,34.19,-118.56,2.156
4.5568,36.0,5.750561797752809,1.053932584269663,1358.0,3.051685393258427,34.2,-118.57,2.015
5.223,33.0,5.584126984126984,0.9873015873015872,943.0,2.9936507936507937,34.2,-118.57,2.092
5.1463,35.0,6.257028112449799,1.072289156626506,793.0,3.184738955823293,34.2,-118.58,2.202
4.233,35.0,6.125,1.0555555555555556,756.0,3.5,34.2,-118.58,2.213
3.8839,35.0,6.931547619047619,1.1875,966.0,2.875,34.19,-118.58,2.249
3.3125,27.0,4.149080348499516,1.036786060019361,2863.0,2.771539206195547,34.19,-118.58,2.228
2.85,15.0,2.839517625231911,1.0009276437847867,2173.0,2.015769944341373,34.19,-118.58,1.875
5.0309,29.0,6.239690721649485,1.0360824742268042,1120.0,2.88659793814433,34.2,-118.62,2.448
5.5191,29.0,6.196296296296296,1.0518518518518518,794.0,2.9407407407407407,34.2,-118.61,2.458
4.1154,28.0,5.45506419400856,1.0684736091298146,1790.0,2.553495007132668,34.19,-118.61,2.464
4.3125,34.0,5.535433070866142,1.0,369.0,2.905511811023622,34.19,-118.61,2.101
2.8312,16.0,4.516050878255602,1.2668079951544515,5105.0,1.5460327074500302,34.19,-118.6,2.139
5.1529,32.0,6.337477797513322,1.0497335701598578,1741.0,3.092362344582593,34.19,-118.63,2.596
6.0094,30.0,6.363395225464191,0.9893899204244032,1062.0,2.816976127320955,34.19,-118.64,2.456
5.6163,33.0,6.419148936170213,1.051063829787234,1423.0,3.027659574468085,34.19,-118.64,2.484
5.1641,33.0,6.191869918699187,1.0130081300813008,1784.0,2.9008130081300814,34.18,-118.64,2.634
4.4167,28.0,6.284069097888676,1.0959692898272553,1424.0,2.7332053742802302,34.19,-118.64,2.473
4.925,27.0,5.5,1.039877300613497,1016.0,3.1165644171779143,34.18,-118.65,2.403
5.2016,27.0,5.577464788732394,1.028169014084507,1346.0,2.7082494969818915,34.19,-118.65,2.43
3.0404,32.0,5.037162162162162,1.1993243243243243,756.0,2.554054054054054,34.17,-118.62,2.628
3.1885,31.0,4.278947368421052,1.0973684210526315,1411.0,1.856578947368421,34.17,-118.51,2.19
3.675,43.0,4.871060171919771,1.0888252148997135,930.0,2.664756446991404,34.18,-118.52,2.131
3.6534,46.0,5.297709923664122,1.1145038167938932,1047.0,2.66412213740458,34.18,-118.52,2.16
3.1923,42.0,4.173575129533679,1.0621761658031088,879.0,2.27720207253886,34.18,-118.52,2.218
3.855,18.0,4.770029673590504,1.0474777448071215,2897.0,2.1491097922848663,34.17,-118.53,2.438
3.0943,17.0,3.9572133845309927,1.0938014262205156,4100.0,2.249040043883708,34.18,-118.54,1.745
3.1887,16.0,3.79831045406547,1.0432946145723336,3687.0,1.946673706441394,34.18,-118.53,1.893
3.2154,20.0,4.133444338725024,1.0601807802093244,7450.0,1.7721217887725975,34.17,-118.52,2.596
3.1373,23.0,3.752241238793806,1.0749796251018744,2391.0,1.9486552567237163,34.15,-118.37,2.631
3.2388,20.0,4.137791286727457,1.0759878419452888,1637.0,1.6585612968591692,34.16,-118.39,2.563
3.5714,8.0,3.105598866052445,1.1055988660524452,2138.0,1.5152374202693126,34.14,-118.37,1.979
3.7404,52.0,5.807531380753138,1.1338912133891212,735.0,3.075313807531381,34.14,-118.22,2.477
3.6058,46.0,5.234649122807017,1.0701754385964912,1181.0,2.5899122807017543,34.14,-118.19,2.579
2.3958,39.0,3.043956043956044,0.978021978021978,182.0,2.0,34.14,-118.23,1.75
5.5456,50.0,5.678571428571429,1.0993788819875776,1725.0,2.6785714285714284,34.14,-118.22,2.581
4.0909,52.0,5.358974358974359,1.1948717948717948,1219.0,3.1256410256410256,34.14,-118.2,2.042
3.2222,44.0,4.343669250645995,1.0516795865633075,1105.0,2.855297157622739,34.14,-118.21,1.865
2.2267,25.0,3.2448979591836733,1.0680272108843538,1412.0,2.401360544217687,34.14,-118.21,1.898
3.9375,51.0,5.231805929919138,1.018867924528302,1012.0,2.7277628032345014,34.14,-118.2,2.17
4.3359,47.0,5.070281124497992,1.0502008032128514,1514.0,3.040160642570281,34.14,-118.19,2.092
3.925,52.0,4.635944700460829,1.055299539170507,1314.0,3.0276497695852536,34.13,-118.19,1.804
3.5349,52.0,4.646118721461187,1.047945205479452,2589.0,5.910958904109589,34.13,-118.2,1.936
3.25,52.0,4.324561403508772,1.0719298245614035,1433.0,2.5140350877192983,34.13,-118.21,2.142
2.7098,47.0,4.330601092896175,1.147540983606557,949.0,2.592896174863388,34.13,-118.22,1.738
3.3542,52.0,4.882716049382716,1.0740740740740742,501.0,3.092592592592593,34.13,-118.22,1.781
3.5341,52.0,4.929203539823009,1.0508849557522124,1311.0,2.900442477876106,34.13,-118.18,1.821
1.9219,52.0,3.819787985865725,1.098939929328622,904.0,3.1943462897526502,34.12,-118.18,1.651
4.21,45.0,5.089171974522293,1.0360934182590231,1569.0,3.3312101910828025,34.12,-118.18,1.679
2.9154,35.0,4.244628099173553,1.1107438016528923,1696.0,2.803305785123967,34.12,-118.17,1.692
2.369,29.0,4.030534351145038,1.1251908396946564,1795.0,2.740458015267176,34.12,-118.18,1.734
3.7813,30.0,4.656551724137931,0.993103448275862,1990.0,2.7448275862068967,34.12,-118.17,2.32
3.1287,50.0,4.467576791808874,1.030716723549488,883.0,3.013651877133106,34.13,-118.19,1.98
4.2344,52.0,4.1656441717791415,0.8098159509202454,483.0,2.96319018404908,34.12,-118.19,1.625
2.3071,41.0,4.444253859348199,1.169811320754717,2366.0,4.058319039451115,34.12,-118.19,1.464
4.0417,44.0,4.322695035460993,1.148936170212766,1036.0,3.673758865248227,34.12,-118.19,1.706
2.7012,36.0,3.9957686882933703,1.0155148095909732,2148.0,3.029619181946404,34.12,-118.19,1.721
4.0052,30.0,4.237735849056604,1.0364779874213836,2032.0,2.5559748427672955,34.13,-118.2,1.964
3.3438,50.0,5.102787456445993,1.024390243902439,1931.0,3.36411149825784,34.13,-118.2,1.736
3.3326,52.0,3.8916256157635463,1.0492610837438423,1462.0,3.600985221674877,34.12,-118.2,1.676
2.9194,41.0,4.211920529801325,1.1103752759381895,1557.0,3.437086092715232,34.12,-118.2,1.62
3.4625,52.0,4.953271028037383,1.1214953271028036,1127.0,3.5109034267912773,34.12,-118.21,1.739
3.6845,41.0,3.823293172690763,1.0321285140562249,1666.0,3.345381526104417,34.12,-118.21,1.758
2.5139,52.0,3.6038781163434894,1.077562326869806,1189.0,3.293628808864266,34.12,-118.21,1.9
4.0625,52.0,3.645161290322581,0.9301075268817204,791.0,4.252688172043011,34.11,-118.2,1.713
2.5211,46.0,3.684793554884189,1.0755287009063443,4153.0,4.182275931520644,34.11,-118.2,1.629
3.0,52.0,3.9604166666666663,1.09375,1856.0,3.8666666666666663,34.11,-118.2,1.564
2.8125,44.0,3.845208845208845,0.977886977886978,1500.0,3.6855036855036856,34.12,-118.2,1.556
2.987,46.0,4.166051660516605,1.0086100861008611,2833.0,3.4846248462484626,34.12,-118.19,1.769
2.1667,40.0,4.019047619047619,1.1047619047619048,1032.0,3.276190476190476,34.11,-118.19,1.5
2.4932,35.0,3.7172312223858617,1.1030927835051547,2487.0,3.662739322533137,34.12,-118.19,1.677
2.6591,33.0,5.110738255033557,1.3120805369127515,753.0,2.5268456375838926,34.11,-118.18,1.838
2.3984,44.0,3.9127906976744176,1.1569767441860466,1204.0,3.5,34.11,-118.18,1.522
2.286,38.0,3.5962732919254656,0.9596273291925466,1051.0,3.2639751552795038,34.11,-118.19,1.693
3.4227,26.0,3.748283752860412,1.045766590389016,1155.0,2.643020594965675,34.11,-118.19,1.438
3.2121,42.0,4.171957671957672,1.0026455026455026,1317.0,3.484126984126984,34.1,-118.19,1.539
2.1793,36.0,2.882,1.068,1809.0,3.618,34.11,-118.2,1.857
1.9355,37.0,3.743119266055046,1.1211009174311926,1698.0,3.1155963302752294,34.11,-118.2,1.663
2.07,30.0,3.132416165090284,1.0292347377472055,4336.0,3.7282889079965607,34.1,-118.2,1.545
4.3812,32.0,5.176360225140713,0.9362101313320824,1661.0,3.1163227016885555,34.11,-118.21,2.282
5.2723,40.0,5.103030303030304,0.9575757575757576,795.0,2.409090909090909,34.1,-118.21,2.183
3.0377,47.0,4.590415913200723,1.1491862567811937,3348.0,3.027124773960217,34.1,-118.21,1.868
4.1213,35.0,5.239528795811518,1.031413612565445,2785.0,3.645287958115184,34.1,-118.22,2.521
2.712,38.0,4.5895196506550215,1.0873362445414847,799.0,3.489082969432314,34.1,-118.23,1.438
2.2788,46.0,4.490054249547921,1.061482820976492,2121.0,3.835443037974684,34.1,-118.23,1.529
3.7437,36.0,3.7383177570093458,0.9962616822429906,1234.0,2.3065420560747665,34.1,-118.21,2.417
2.7708,34.0,4.345549738219895,1.0785340314136125,1678.0,4.392670157068062,34.09,-118.21,1.482
4.0469,33.0,5.597058823529411,1.1352941176470588,1187.0,3.4911764705882358,34.1,-118.22,1.966
2.1687,41.0,3.2524038461538463,0.9110576923076924,1536.0,3.692307692307693,34.1,-118.23,1.57
2.5213,42.0,3.8165548098434,1.0917225950782998,1941.0,4.342281879194631,34.09,-118.22,1.497
2.48,36.0,3.4804878048780488,1.0121951219512195,1835.0,4.475609756097561,34.09,-118.22,1.389
2.8194,45.0,4.411522633744856,1.131687242798354,996.0,4.098765432098766,34.09,-118.22,1.65
2.0476,41.0,2.720496894409938,1.248447204968944,690.0,4.285714285714286,34.09,-118.23,1.813
4.6528,47.0,4.335820895522388,0.8768656716417911,781.0,2.914179104477612,34.13,-118.23,2.444
3.5893,48.0,5.625954198473282,1.267175572519084,462.0,3.5267175572519083,34.13,-118.23,2.125
4.825,40.0,5.379647749510763,1.1350293542074363,1375.0,2.690802348336595,34.13,-118.22,2.058
4.5766,34.0,4.2,1.0275862068965518,407.0,2.806896551724138,34.13,-118.23,1.858
4.2891,48.0,4.448979591836735,0.9727891156462584,835.0,2.8401360544217686,34.13,-118.23,2.148
2.975,37.0,4.314148681055156,1.0215827338129495,1088.0,2.6091127098321345,34.13,-118.23,2.445
3.0919,28.0,3.5095541401273884,1.0881104033970277,2670.0,2.8343949044585988,34.12,-118.22,1.854
3.5638,35.0,4.701456310679611,1.0655339805825244,1523.0,3.6966019417475726,34.12,-118.21,1.705
5.2083,36.0,5.079646017699115,0.936283185840708,1371.0,2.426548672566372,34.11,-118.22,2.209
5.2049,37.0,5.090196078431372,0.9490196078431372,750.0,2.9411764705882355,34.12,-118.22,2.408
2.2843,28.0,3.7892156862745097,1.1397058823529411,974.0,2.3872549019607843,34.12,-118.23,1.838
3.1806,41.0,4.043333333333333,1.0033333333333334,801.0,2.67,34.12,-118.24,2.042
4.5089,32.0,4.37160751565762,1.025052192066806,1413.0,2.9498956158663883,34.12,-118.23,2.211
5.5051,31.0,5.345549738219895,1.0,495.0,2.5916230366492146,34.11,-118.23,2.235
3.3389,35.0,4.650224215246637,1.0885650224215246,3220.0,3.609865470852018,34.11,-118.23,1.871
2.8889,11.0,3.881818181818182,1.2666666666666666,1584.0,4.8,34.12,-118.25,1.531
2.6111,29.0,3.796078431372549,1.166013071895425,3320.0,4.339869281045751,34.12,-118.24,1.688
0.8907,34.0,2.2857142857142856,0.7428571428571429,125.0,3.571428571428572,34.12,-118.24,1.542
2.7679,50.0,5.025821596244131,1.0586854460093895,1777.0,4.171361502347418,34.11,-118.24,1.788
2.2167,39.0,3.4474474474474475,1.045045045045045,1161.0,3.4864864864864864,34.11,-118.24,1.767
3.133,33.0,4.31023102310231,1.066006600660066,2496.0,4.118811881188119,34.11,-118.23,1.56
3.1306,45.0,4.347626339969372,1.0689127105666156,1768.0,2.707503828483921,34.12,-118.26,2.14
3.6667,47.0,4.3399602385685885,1.013916500994036,1445.0,2.872763419483101,34.11,-118.26,2.109
2.8667,43.0,4.106813996316759,1.0736648250460403,1667.0,3.0699815837937385,34.11,-118.25,2.178
2.7466,43.0,3.6666666666666665,1.0478547854785478,1817.0,2.9983498349834985,34.11,-118.25,2.089
3.015,39.0,4.031339031339031,1.051282051282051,1467.0,4.17948717948718,34.11,-118.25,1.563
3.1691,42.0,3.530092592592593,1.0555555555555556,1688.0,3.907407407407408,34.1,-118.24,1.413
3.4375,52.0,3.125,1.05,99.0,2.475,34.11,-118.25,1.7
2.625,42.0,4.152777777777778,1.0208333333333333,312.0,2.1666666666666665,34.1,-118.25,1.643
2.7685,29.0,3.658252427184466,1.1757281553398058,2320.0,2.2524271844660197,34.14,-118.27,2.045
2.1071,47.0,3.289473684210526,0.8588516746411483,1512.0,3.617224880382775,34.13,-118.27,2.089
2.9392,46.0,3.8774038461538463,0.9519230769230768,966.0,2.3221153846153846,34.13,-118.27,2.303
2.7348,52.0,4.071278825995807,0.9979035639412998,1375.0,2.8825995807127884,34.12,-118.26,2.091
3.8393,52.0,4.721649484536083,1.0721649484536082,1278.0,2.6350515463917525,34.12,-118.26,2.382
3.575,50.0,4.884892086330935,1.0551558752997603,1089.0,2.6115107913669067,34.12,-118.27,2.306
3.0461,40.0,4.007473841554559,1.101644245142003,1144.0,1.710014947683109,34.11,-118.29,2.643
2.9417,39.0,4.0817843866171,1.0817843866171004,1165.0,2.1654275092936803,34.1,-118.29,2.542
2.8036,18.0,3.2740088105726874,1.2303964757709251,3596.0,1.5841409691629955,34.1,-118.35,2.25
2.325,18.0,3.681899641577061,1.1657706093189963,2103.0,1.8844086021505375,34.1,-118.35,2.5
1.845,24.0,3.1207977207977207,1.0273504273504273,2863.0,1.6313390313390312,34.1,-118.35,2.375
2.5434,28.0,3.25,1.0994152046783623,1271.0,1.858187134502924,34.1,-118.34,2.321
1.51,30.0,2.4884814292430653,1.149976492712741,4123.0,1.9384109073812883,34.1,-118.33,1.875
1.6112,25.0,2.435483870967742,1.063895781637717,4865.0,3.017990074441687,34.1,-118.3,2.625
1.5328,36.0,2.570786516853933,1.1606741573033708,3030.0,3.404494382022472,34.1,-118.31,2.5
1.625,48.0,2.31055900621118,1.0848861283643891,1610.0,3.333333333333333,34.1,-118.33,2.375
2.0888,45.0,3.130932896890344,1.1391162029459905,1552.0,2.540098199672668,34.1,-118.33,2.375
1.4005,43.0,2.5077639751552794,1.139751552795031,1460.0,2.267080745341615,34.1,-118.32,1.938
1.6331,34.0,2.283471837488458,1.0812557710064634,2655.0,2.451523545706371,34.09,-118.32,1.625
2.1403,30.0,2.8998272884283245,1.1778929188255614,1445.0,2.4956822107081176,34.09,-118.33,2.0
2.1866,29.0,2.633093525179856,1.0359712230215827,691.0,2.485611510791367,34.1,-118.33,2.5
1.8214,34.0,2.664516129032258,1.0825806451612905,2626.0,3.3883870967741934,34.09,-118.31,2.111
1.8576,37.0,2.477564102564102,1.0064102564102564,835.0,2.676282051282051,34.09,-118.31,1.938
2.0341,32.0,3.0432432432432432,1.0324324324324323,626.0,3.383783783783784,34.09,-118.32,2.5
2.5556,27.0,1.875,0.875,332.0,2.9642857142857144,34.09,-118.32,1.75
1.7325,36.0,2.6145339652448656,1.0900473933649288,1957.0,3.091627172195893,34.1,-118.32,2.219
2.0557,34.0,2.2633996937212864,1.0336906584992342,1976.0,3.0260336906584997,34.09,-118.32,2.25
1.5284,31.0,2.740088105726872,1.0088105726872247,597.0,2.629955947136564,34.1,-118.32,2.0
1.8277,30.0,2.623205741626794,1.1543062200956935,2197.0,2.6279904306220097,34.1,-118.32,1.375
2.2311,52.0,2.879120879120879,0.989010989010989,756.0,2.769230769230769,34.1,-118.32,2.063
1.7083,29.0,2.898637137989778,1.1643952299829643,3432.0,2.923339011925042,34.1,-118.3,1.667
1.8156,40.0,2.500408830744072,0.9934587080948488,3953.0,3.23221586263287,34.09,-118.3,2.188
1.2412,36.0,2.186111111111111,1.1666666666666667,1506.0,4.183333333333334,34.09,-118.31,2.167
1.7641,38.0,2.423212192262602,1.071512309495897,2717.0,3.1852286049237986,34.1,-118.3,2.5
1.9297,36.0,2.7222884386174018,1.071513706793802,1964.0,2.34088200238379,34.1,-118.3,2.033
1.7514,34.0,2.6601371204701274,1.091087169441724,2991.0,2.9294809010773752,34.09,-118.29,1.875
2.2612,36.0,2.5156418554476807,1.0711974110032365,3155.0,3.4034519956850056,34.09,-118.3,2.304
2.7054,39.0,2.302919708029197,1.0875912408759123,744.0,2.7153284671532845,34.1,-118.29,1.625
2.3317,29.0,3.031123139377537,1.0717185385656292,2254.0,3.050067658998646,34.09,-118.29,1.725
3.0357,38.0,4.072164948453608,1.4175257731958764,664.0,3.422680412371134,34.09,-118.28,1.75
1.9835,43.0,2.5781758957654723,1.0716612377850163,1941.0,3.1612377850162865,34.09,-118.29,2.25
2.0467,35.0,2.4100877192982457,1.094298245614035,3441.0,3.773026315789474,34.09,-118.29,1.583
2.0132,35.0,2.6031746031746037,1.1071428571428572,3548.0,3.5198412698412698,34.09,-118.29,1.984
1.8056,39.0,2.225165562913907,1.145695364238411,586.0,3.880794701986755,34.09,-118.29,2.625
1.9063,52.0,3.603399433427762,0.9121813031161472,984.0,2.7875354107648724,34.09,-118.29,2.616
2.1927,29.0,2.9446460980036298,1.0798548094373863,3906.0,3.544464609800363,34.09,-118.3,2.533
1.4497,25.0,2.7204176334106727,0.988399071925754,2860.0,3.3178654292343386,34.09,-118.3,2.056
2.0307,32.0,3.467716535433071,1.0614173228346455,2178.0,3.42992125984252,34.09,-118.3,2.267
2.1524,36.0,3.653120464441219,1.2220609579100146,2446.0,3.550072568940493,34.09,-118.31,1.875
2.0,30.0,2.7738825591586327,1.1069237510955303,3678.0,3.223488168273444,34.09,-118.31,2.406
1.5195,42.0,2.3997539975399755,1.040590405904059,2500.0,3.075030750307503,34.09,-118.31,2.182
1.676,44.0,3.672176308539945,1.143250688705234,2297.0,3.1639118457300275,34.09,-118.32,2.088
2.0044,30.0,2.2844932844932844,0.9352869352869352,2595.0,3.1684981684981683,34.09,-118.32,2.125
1.879,28.0,2.8479685452162515,1.073394495412844,2548.0,3.339449541284404,34.09,-118.32,2.188
3.6953,36.0,4.739130434782608,1.3478260869565215,416.0,3.0144927536231885,34.09,-118.33,2.0
1.4375,36.0,4.417322834645669,1.4173228346456692,340.0,2.677165354330709,34.09,-118.33,1.65
1.9911,40.0,3.697416974169742,1.2675276752767528,1514.0,2.793357933579336,34.09,-118.33,2.2
2.3568,5.0,3.47911227154047,1.2454308093994777,1733.0,2.2624020887728458,34.09,-118.34,2.047
2.2,14.0,3.605231866825208,1.187871581450654,1691.0,2.010701545778834,34.09,-118.34,2.1
2.2422,30.0,3.286052009456265,1.0803782505910164,1460.0,3.451536643026005,34.08,-118.31,2.545
2.7543,23.0,3.2066666666666666,1.1577777777777778,1264.0,2.8088888888888888,34.08,-118.31,2.2
1.8771,34.0,2.5783505154639177,1.079381443298969,3326.0,3.428865979381443,34.08,-118.3,2.475
2.1766,36.0,2.835555555555556,1.1177777777777778,1502.0,3.3377777777777777,34.08,-118.3,2.056
2.8971,27.0,2.922779922779923,0.9845559845559846,1603.0,3.0945945945945947,34.08,-118.31,2.511
2.7038,26.0,3.237424547283702,1.0744466800804828,1868.0,3.7585513078470822,34.08,-118.31,2.271
1.525,34.0,2.8176470588235296,1.0705882352941176,557.0,3.276470588235294,34.08,-118.29,2.1
1.8495,23.0,2.1724941724941726,1.092074592074592,2795.0,3.257575757575758,34.08,-118.29,2.125
1.5685,34.0,2.7942754919499104,1.1645796064400715,1774.0,3.1735241502683365,34.08,-118.3,2.25
2.3846,32.0,2.801556420233463,1.034046692607004,3646.0,3.546692607003891,34.08,-118.3,2.583
2.4,25.0,3.2228047182175623,1.0786369593709044,2635.0,3.4534731323722148,34.08,-118.29,1.739
1.9286,38.0,2.7142857142857144,0.9285714285714286,445.0,3.1785714285714284,34.08,-118.29,1.375
3.0958,49.0,4.034246575342466,1.0662100456621004,1066.0,2.4337899543379,34.1,-118.28,2.109
2.3421,48.0,3.425531914893617,1.0468085106382978,633.0,2.693617021276596,34.1,-118.28,2.0
2.7875,49.0,3.571608040201005,1.105527638190955,2004.0,2.5175879396984926,34.1,-118.28,2.173
2.3333,52.0,3.8073701842546064,1.1105527638190955,1480.0,2.479061976549413,34.09,-118.28,1.965
3.7847,52.0,4.739307535641548,1.130346232179226,1048.0,2.134419551934827,34.09,-118.27,2.523
3.8448,36.0,4.445431472081219,1.0571065989847717,2652.0,3.3654822335025383,34.09,-118.26,2.414
4.625,52.0,5.3681592039801,1.1044776119402986,439.0,2.18407960199005,34.09,-118.27,2.308
2.9709,44.0,4.234610917537747,1.059233449477352,1783.0,2.0708478513356563,34.09,-118.27,2.25
2.3816,52.0,3.784615384615385,1.0615384615384615,994.0,3.8230769230769233,34.08,-118.26,1.667
2.4375,41.0,3.8457300275482096,0.9917355371900828,1069.0,2.944903581267217,34.08,-118.26,2.033
3.5039,46.0,3.75,0.992063492063492,910.0,3.611111111111111,34.08,-118.26,1.875
2.3913,35.0,3.875,1.233108108108108,1016.0,3.4324324324324325,34.08,-118.27,1.988
2.0214,36.0,3.01437908496732,1.0627450980392157,2823.0,3.6901960784313728,34.07,-118.26,1.705
2.625,28.0,2.866336633663366,0.9108910891089108,673.0,3.3316831683168315,34.07,-118.26,1.875
1.7016,27.0,2.8199052132701423,1.2274881516587677,1795.0,4.253554502369668,34.07,-118.27,1.6
2.5521,38.0,2.859848484848485,1.0113636363636365,2899.0,3.660353535353536,34.08,-118.27,1.575
2.7179,46.0,3.694103194103194,1.049140049140049,2587.0,3.178132678132678,34.08,-118.27,1.843
2.9423,42.0,2.6801075268817205,1.0053763440860215,982.0,2.639784946236559,34.08,-118.28,2.0
2.6178,52.0,3.304289544235925,1.0361930294906163,2328.0,3.1206434316353886,34.08,-118.28,2.031
3.2386,43.0,3.942622950819672,1.036885245901639,658.0,2.69672131147541,34.08,-118.27,1.85
1.87,38.0,2.8222222222222224,1.2355555555555555,1692.0,3.76,34.07,-118.27,1.708
3.1607,42.0,3.6772727272727272,1.1863636363636365,1454.0,3.3045454545454547,34.08,-118.28,1.82
2.4429,52.0,3.607883817427386,0.9626556016597512,938.0,1.946058091286307,34.09,-118.28,2.288
2.875,39.0,3.8655256723716382,1.0953545232273838,1934.0,2.3643031784841075,34.08,-118.28,2.135
2.7366,40.0,3.196078431372549,1.0647058823529412,1568.0,3.074509803921569,34.08,-118.28,1.691
2.4677,49.0,3.7938553022794848,1.1863230921704655,2862.0,2.836471754212091,34.09,-118.28,2.192
1.9722,35.0,3.0,0.9887640449438202,1586.0,3.5640449438202246,34.07,-118.23,1.563
3.1944,40.0,4.43859649122807,1.043859649122807,397.0,3.482456140350877,34.07,-118.23,1.438
4.9844,52.0,4.541666666666667,0.8333333333333334,86.0,3.583333333333333,34.08,-118.24,1.875
4.025,52.0,5.708333333333333,1.0833333333333333,65.0,2.708333333333333,34.08,-118.24,1.375
2.6442,47.0,3.6709401709401703,1.0213675213675213,913.0,3.9017094017094016,34.09,-118.23,1.361
2.6923,49.0,3.8093023255813954,1.0604651162790697,1500.0,3.488372093023256,34.09,-118.23,1.5
2.6051,45.0,3.9614512471655328,1.0975056689342404,1680.0,3.809523809523809,34.09,-118.23,1.555
3.5603,52.0,4.904306220095694,1.0263157894736843,957.0,2.289473684210526,34.09,-118.25,2.1
3.75,52.0,6.117647058823529,1.1764705882352942,32.0,1.8823529411764703,34.09,-118.25,2.417
2.1108,44.0,3.810160427807487,1.1711229946524064,1121.0,2.9973262032085564,34.08,-118.25,2.0
2.6136,47.0,3.2220543806646527,1.040785498489426,2104.0,3.178247734138973,34.08,-118.25,1.692
2.6336,43.0,3.104404567699837,1.0358890701468189,1919.0,3.130505709624796,34.09,-118.25,1.743
2.935,52.0,4.474820143884892,1.1270983213429258,1211.0,2.904076738609113,34.09,-118.25,1.894
1.7945,50.0,2.6533333333333333,0.9777777777777776,2183.0,3.234074074074074,34.08,-118.26,1.667
2.5428,45.0,3.903052064631957,1.125673249551167,1992.0,3.576301615798923,34.08,-118.26,1.678
3.1864,52.0,4.607038123167156,1.1217008797653958,1728.0,2.533724340175953,34.09,-118.25,1.898
1.9209,45.0,2.8093434343434343,1.0441919191919191,2699.0,3.407828282828283,34.08,-118.26,1.792
2.4038,46.0,3.6126543209876543,1.0848765432098766,2371.0,3.658950617283951,34.07,-118.26,1.817
2.7625,52.0,4.391534391534392,1.058201058201058,701.0,3.708994708994709,34.07,-118.26,2.321
1.9028,47.0,3.784926470588236,1.1360294117647058,2033.0,3.7371323529411766,34.07,-118.25,2.179
2.0,43.0,2.496732026143791,1.0522875816993464,1275.0,4.166666666666667,34.07,-118.25,1.75
1.5491,20.0,1.64,0.68,87.0,3.48,34.06,-118.25,2.25
1.6136,27.0,2.7195121951219514,0.975609756097561,249.0,3.0365853658536586,34.07,-118.24,1.375
2.2545,18.0,3.3413685847589423,1.104199066874028,4332.0,3.368584758942457,34.07,-118.25,1.925
2.3942,16.0,3.2981651376146788,1.0321100917431192,801.0,3.6743119266055047,34.07,-118.25,1.333
1.875,40.0,4.110266159695818,1.0722433460076046,970.0,3.688212927756654,34.09,-118.22,1.5
1.8173,31.0,3.0076335877862594,0.8931297709923665,573.0,4.374045801526718,34.08,-118.22,1.542
1.9704,34.0,3.3976143141153083,1.117296222664016,2105.0,4.184890656063618,34.08,-118.22,1.521
1.9937,21.0,3.6866485013623977,1.0354223433242506,1688.0,4.599455040871935,34.07,-118.2,1.396
2.2708,34.0,3.53,1.102,2203.0,4.406,34.07,-118.2,1.596
2.2907,39.0,3.297658862876254,1.2073578595317729,1347.0,4.505016722408027,34.08,-118.21,1.339
1.9495,26.0,3.2094763092269325,1.0062344139650872,3163.0,3.943890274314215,34.08,-118.21,1.732
2.5343,39.0,4.216931216931217,1.1375661375661377,1668.0,4.412698412698413,34.09,-118.2,1.382
2.2222,41.0,4.261792452830188,1.0117924528301887,1699.0,4.007075471698113,34.08,-118.2,1.26
4.239,39.0,5.096774193548387,1.0496277915632757,1205.0,2.990074441687345,34.1,-118.19,2.13
2.6806,52.0,4.806282722513089,1.057591623036649,3062.0,4.007853403141361,34.08,-118.21,1.53
1.6118,39.0,3.730434782608696,1.0231884057971017,1171.0,3.3942028985507244,34.09,-118.21,1.385
2.4632,39.0,3.992327365728901,1.138107416879795,1780.0,4.552429667519181,34.09,-118.21,1.442
1.9881,37.0,3.600790513833992,0.984189723320158,1961.0,3.875494071146245,34.09,-118.21,1.592
2.0133,35.0,3.0200803212851404,0.9578313253012049,2059.0,4.134538152610442,34.07,-118.22,1.458
1.7463,36.0,3.424489795918368,1.020408163265306,1079.0,4.404081632653061,34.07,-118.22,1.583
2.1333,31.0,3.93065693430657,1.094890510948905,1198.0,4.372262773722627,34.07,-118.21,1.602
2.4135,52.0,4.031890660592255,0.9908883826879272,1848.0,4.209567198177677,34.07,-118.21,1.672
1.7292,47.0,3.628032345013477,1.0323450134770888,1452.0,3.913746630727762,34.07,-118.21,1.917
2.3859,31.0,3.735218508997429,1.038560411311054,1486.0,3.820051413881748,34.07,-118.21,1.531
1.9375,42.0,2.7925696594427243,0.9845201238390092,1312.0,4.061919504643963,34.07,-118.21,1.688
1.8781,29.0,3.751269035532995,1.0482233502538072,1580.0,4.01015228426396,34.06,-118.21,1.475
2.1696,36.0,4.1675,1.15,2881.0,3.60125,34.09,-118.16,1.708
3.1146,48.0,4.183028286189684,0.9900166389351082,2484.0,4.1331114808652245,34.1,-118.17,1.425
1.3125,37.0,3.25,0.967391304347826,318.0,3.4565217391304346,34.1,-118.17,1.458
3.3977,45.0,4.672535211267606,0.954225352112676,1069.0,3.7640845070422535,34.09,-118.17,1.538
2.6226,40.0,4.071216617210682,1.0504451038575668,2747.0,4.07566765578635,34.09,-118.18,1.488
3.3785,44.0,4.395833333333333,1.109375,1605.0,4.1796875,34.09,-118.18,1.849
1.9706,41.0,3.891992551210428,0.9869646182495344,2043.0,3.804469273743017,34.09,-118.19,1.442
4.875,10.0,5.168021680216802,1.0785907859078592,921.0,2.4959349593495936,34.1,-118.18,2.004
4.975,10.0,4.70873786407767,1.0800970873786409,763.0,1.8519417475728157,34.1,-118.18,1.667
4.7853,7.0,4.383015597920277,1.194107452339688,1215.0,2.1057192374350087,34.1,-118.18,1.531
4.9231,8.0,4.748936170212766,1.1361702127659574,435.0,1.851063829787234,34.1,-118.18,2.309
2.9167,35.0,4.054644808743169,1.0965391621129326,2230.0,4.061930783242259,34.08,-118.18,1.293
1.9038,35.0,4.155080213903744,1.018716577540107,1487.0,3.9759358288770055,34.08,-118.19,1.395
3.0241,38.0,4.561538461538461,1.023076923076923,2128.0,3.273846153846154,34.07,-118.19,1.663
3.375,42.0,4.468390804597701,0.9683908045977012,1152.0,3.310344827586207,34.07,-118.19,1.696
2.5132,44.0,4.94017094017094,1.037037037037037,1133.0,3.227920227920228,34.06,-118.19,1.631
2.375,33.0,4.378612716763006,1.199421965317919,1345.0,3.88728323699422,34.09,-118.16,1.75
3.1442,50.0,4.708708708708708,0.9069069069069068,1093.0,3.2822822822822824,34.09,-118.16,1.621
2.5523,36.0,3.930769230769231,1.0217948717948715,3097.0,3.9705128205128206,34.09,-118.17,1.565
2.2348,33.0,3.6658259773013873,1.005044136191677,3212.0,4.050441361916771,34.09,-118.17,1.466
2.9939,31.0,4.560553633217993,1.0761245674740485,1164.0,4.027681660899654,34.08,-118.18,1.355
2.3281,33.0,3.6312997347480103,1.0822281167108754,1475.0,3.9124668435013263,34.08,-118.18,1.519
3.2031,43.0,4.326704545454546,1.0738636363636365,1338.0,3.801136363636364,34.08,-118.16,1.446
3.2279,39.0,4.396648044692737,1.011173184357542,731.0,4.083798882681564,34.08,-118.17,1.585
3.375,33.0,3.732456140350877,1.013157894736842,936.0,4.105263157894737,34.08,-118.17,1.475
2.6842,28.0,4.21256038647343,1.0144927536231885,2218.0,3.571658615136876,34.07,-118.18,1.56
3.4952,19.0,4.603854389721628,1.164882226980728,1510.0,3.233404710920771,34.07,-118.17,1.5
3.5769,41.0,4.94,1.1,925.0,18.5,34.07,-118.16,1.357
3.875,37.0,4.79253112033195,0.933609958506224,814.0,3.3775933609958506,34.07,-118.17,1.485
2.6083,27.0,3.5095320623916813,0.9792027729636048,2189.0,3.7937608318890814,34.06,-118.18,1.486
1.9762,32.0,3.4049079754601226,0.9754601226993864,748.0,4.588957055214724,34.06,-118.19,1.375
2.4886,8.0,4.379310344827586,1.1724137931034482,728.0,4.183908045977011,34.05,-118.2,1.375
1.6667,46.0,3.445901639344262,0.9901639344262296,1435.0,4.704918032786885,34.05,-118.19,1.336
2.0885,36.0,3.964391691394659,1.0014836795252229,2883.0,4.277448071216617,34.05,-118.2,1.428
3.2125,37.0,5.453125,1.234375,276.0,4.3125,34.05,-118.19,1.25
2.3611,30.0,3.4295302013422817,1.0268456375838926,1152.0,7.731543624161074,34.06,-118.21,1.568
1.0714,36.0,2.7995495495495497,1.0585585585585586,1668.0,3.756756756756757,34.05,-118.22,1.375
2.2344,34.0,3.20414201183432,1.0769230769230769,1132.0,3.3491124260355027,34.06,-118.22,1.531
3.1654,34.0,3.837931034482759,1.0793103448275865,928.0,3.2,34.05,-118.22,1.55
1.6122,41.0,3.2764976958525347,1.101382488479263,1640.0,3.778801843317973,34.05,-118.22,1.571
1.3846,26.0,3.156779661016949,1.0932203389830508,694.0,2.940677966101695,34.05,-118.21,1.292
2.52,28.0,3.7859649122807015,1.0736842105263158,1358.0,4.764912280701754,34.05,-118.21,1.319
1.9271,28.0,2.753623188405797,1.0347826086956522,1485.0,4.304347826086956,34.05,-118.21,1.364
2.121,45.0,3.4336,0.9712,2868.0,4.5888,34.05,-118.21,1.44
1.9615,43.0,3.844884488448845,1.046204620462046,1279.0,4.221122112211221,34.05,-118.2,1.417
1.9205,40.0,3.5700934579439254,1.0062305295950156,1354.0,4.218068535825545,34.05,-118.2,1.219
2.02,42.0,2.9311531841652325,1.008605851979346,2490.0,4.285714285714286,34.05,-118.2,1.472
2.625,41.0,3.1154791154791157,0.977886977886978,1887.0,4.636363636363637,34.05,-118.2,1.5
2.7708,43.0,3.772200772200772,1.027027027027027,1084.0,4.185328185328185,34.05,-118.19,1.279
2.1058,41.0,4.481632653061224,1.0775510204081633,1178.0,4.808163265306122,34.05,-118.19,1.243
2.29,50.0,3.654545454545455,1.0415584415584416,1526.0,3.963636363636364,34.05,-118.2,1.218
2.1806,45.0,4.02928870292887,0.9790794979079498,1194.0,4.99581589958159,34.04,-118.19,1.349
1.9688,40.0,3.8967971530249113,1.085409252669039,1322.0,4.704626334519573,34.04,-118.19,1.5
2.1071,52.0,4.228915662650603,0.9879518072289156,1036.0,4.160642570281125,34.03,-118.19,1.367
3.2639,50.0,5.121212121212121,1.0649350649350648,851.0,3.683982683982684,34.03,-118.19,1.426
2.07,52.0,4.205387205387205,1.0336700336700335,1223.0,4.117845117845118,34.04,-118.2,1.363
3.7619,47.0,4.997361477572559,1.0765171503957784,1629.0,4.298153034300792,34.04,-118.2,1.276
2.3716,52.0,3.9415730337078654,1.0157303370786517,1849.0,4.155056179775281,34.03,-118.2,1.228
1.8224,44.0,3.7506702412868633,1.03485254691689,1419.0,3.804289544235925,34.04,-118.2,1.438
2.181,36.0,3.399581589958159,1.0251046025104602,2003.0,4.190376569037657,34.04,-118.2,1.472
1.6888,44.0,3.071844660194175,1.0563106796116506,1998.0,3.8796116504854368,34.04,-118.2,1.25
1.0333,18.0,3.651376146788991,1.0412844036697249,547.0,2.5091743119266057,34.04,-118.2,1.354
2.1862,36.0,3.8020833333333335,0.9979166666666668,2097.0,4.36875,34.04,-118.21,1.353
2.2454,37.0,3.3531746031746037,0.988095238095238,881.0,3.496031746031746,34.04,-118.21,1.65
2.8,47.0,3.7642045454545454,1.1164772727272727,1557.0,4.423295454545454,34.04,-118.21,1.484
1.6319,28.0,2.53232462173315,1.1127922971114168,3199.0,4.400275103163686,34.05,-118.21,1.516
2.1923,52.0,3.0106761565836297,0.9644128113879004,1153.0,4.103202846975089,34.04,-118.21,1.55
1.9402,43.0,2.8190709046454767,1.0048899755501222,1667.0,4.075794621026895,34.05,-118.22,1.393
1.4189,43.0,2.4553846153846157,0.9476923076923076,1417.0,4.36,34.04,-118.22,1.417
1.9405,43.0,3.148846960167715,1.0,1844.0,3.8658280922431865,34.04,-118.21,1.525
2.2788,47.0,3.7745664739884393,1.130057803468208,1499.0,4.332369942196531,34.04,-118.21,1.396
1.8125,45.0,2.541284403669725,0.981651376146789,888.0,4.073394495412844,34.03,-118.22,1.396
2.6573,45.0,4.078947368421052,1.0350877192982455,1893.0,4.151315789473684,34.03,-118.21,1.418
2.5268,44.0,3.8461538461538463,1.0099255583126552,1718.0,4.26302729528536,34.03,-118.21,1.411
2.2083,52.0,4.107438016528926,1.0909090909090908,547.0,4.520661157024794,34.03,-118.21,1.463
2.2656,47.0,3.792207792207792,0.987012987012987,872.0,3.774891774891775,34.03,-118.21,1.45
1.925,41.0,4.012422360248447,1.0372670807453417,1150.0,3.571428571428572,34.03,-118.2,1.352
2.75,49.0,3.647840531561462,1.053156146179402,1411.0,4.687707641196013,34.02,-118.2,1.46
2.3472,52.0,3.812807881773399,1.0295566502463054,813.0,4.004926108374384,34.03,-118.2,1.352
2.7266,37.0,4.19893899204244,1.039787798408488,1776.0,4.710875331564987,34.03,-118.2,1.408
1.4115,52.0,3.3505747126436782,0.9022988505747126,730.0,4.195402298850575,34.03,-118.2,1.406
2.6875,45.0,4.212765957446808,1.0797872340425532,872.0,4.638297872340425,34.02,-118.21,1.297
2.3575,44.0,3.7475728155339807,1.0679611650485437,3260.0,4.521497919556172,34.02,-118.19,1.448
2.3944,48.0,3.729096989966555,0.991638795986622,2419.0,4.045150501672241,34.02,-118.2,1.307
1.625,26.0,4.0,1.0,35.0,3.888888888888889,34.02,-118.2,1.75
3.7543,42.0,4.184873949579832,1.0084033613445378,548.0,4.605042016806722,34.02,-118.2,1.266
1.3615,43.0,3.7186858316221767,1.053388090349076,2123.0,4.359342915811088,34.02,-118.21,1.333
2.5313,52.0,1.3784860557768923,1.0756972111553784,346.0,1.3784860557768923,34.05,-118.23,2.25
0.8288,13.0,2.5455904334828103,1.0418535127055306,1823.0,2.724962630792227,34.05,-118.24,1.813
1.7395,19.0,2.934560327198364,1.043967280163599,3325.0,3.3997955010224947,34.06,-118.24,1.625
2.462,6.0,3.232558139534884,1.19661733615222,1051.0,2.221987315010571,34.04,-118.26,1.625
1.4886,15.0,3.104761904761905,1.1714285714285717,490.0,4.666666666666667,34.06,-118.26,1.75
1.8625,40.0,2.4220532319391634,1.038022813688213,1150.0,4.372623574144487,34.06,-118.26,1.313
1.8438,52.0,3.06984667802385,1.0442930153321976,2382.0,4.057921635434412,34.07,-118.26,1.859
2.2607,40.0,2.7309236947791167,1.0963855421686748,995.0,3.995983935742972,34.07,-118.26,1.656
2.5227,30.0,4.341121495327103,1.1121495327102804,763.0,3.5654205607476634,34.07,-118.26,1.875
2.345,38.0,2.3833333333333333,0.94,1174.0,3.9133333333333336,34.06,-118.26,2.25
2.3438,42.0,2.886977886977887,1.0515970515970516,1593.0,3.914004914004914,34.07,-118.27,2.133
1.5885,30.0,2.318062827225131,1.031413612565445,2188.0,2.863874345549738,34.06,-118.27,1.542
2.3438,34.0,2.45625,1.065625,1239.0,3.871875,34.07,-118.27,1.521
2.1135,32.0,2.770903010033445,0.968227424749164,2071.0,3.463210702341137,34.07,-118.27,1.525
1.9818,33.0,2.3061889250814334,1.1172638436482083,2013.0,3.278501628664495,34.06,-118.27,2.083
2.3981,33.0,2.737209302325581,1.088372093023256,1533.0,3.5651162790697675,34.07,-118.27,1.833
1.9233,41.0,3.4140127388535038,1.0541401273885351,1111.0,3.538216560509554,34.07,-118.28,2.071
2.4632,24.0,2.7470389170896783,1.083756345177665,2642.0,2.2351945854483923,34.07,-118.28,2.167
2.3636,32.0,3.633946830265849,1.096114519427403,1684.0,3.443762781186094,34.07,-118.28,1.9
2.0173,25.0,2.592005513439008,1.0954514128187456,7221.0,2.4882839421088905,34.07,-118.28,1.775
1.7199,17.0,2.518,1.196,3051.0,3.051,34.06,-118.28,1.75
1.1346,17.0,1.8680738786279685,1.02726473175022,3915.0,3.4432717678100264,34.06,-118.27,1.375
1.494,45.0,1.768025078369906,1.1065830721003134,1172.0,3.6739811912225706,34.06,-118.27,1.875
2.7634,37.0,1.4112903225806452,0.9879032258064516,1122.0,4.524193548387097,34.05,-118.27,1.375
1.6184,52.0,2.17039586919105,1.0602409638554218,2309.0,3.974182444061962,34.06,-118.28,2.25
1.1122,52.0,2.6440677966101696,1.2824858757062148,990.0,2.796610169491525,34.06,-118.28,1.875
1.2254,42.0,2.096692111959288,1.1603053435114503,3795.0,3.21882951653944,34.06,-118.28,1.625
1.5727,26.0,2.1515711645101665,1.245841035120148,1685.0,3.11460258780037,34.05,-118.27,2.25
1.6355,31.0,2.338957055214724,1.1196319018404908,2510.0,3.8496932515337434,34.05,-118.28,1.625
1.4413,41.0,2.547008547008547,1.1025641025641026,2931.0,4.175213675213676,34.05,-118.28,1.589
1.3,41.0,1.750814332247557,0.972312703583062,2260.0,3.680781758957655,34.05,-118.28,1.625
1.4801,44.0,2.5813333333333333,1.024,1805.0,4.8133333333333335,34.05,-118.28,2.125
1.8304,24.0,1.708994708994709,1.1322751322751323,751.0,3.9735449735449735,34.05,-118.27,2.25
2.0185,9.0,2.0420499342969776,1.0709592641261498,1704.0,2.2391590013140603,34.06,-118.29,1.417
2.3567,26.0,2.2928286852589643,1.1195219123505975,2660.0,2.649402390438247,34.07,-118.29,2.531
2.4348,31.0,2.6780575539568345,1.1942446043165469,1793.0,3.224820143884892,34.07,-118.3,2.306
1.8238,46.0,2.3595178719867,1.084788029925187,7443.0,3.0935162094763093,34.07,-118.3,2.375
2.3105,26.0,2.778265642151482,1.12788144895719,4533.0,2.4879253567508237,34.07,-118.31,1.667
2.2708,18.0,2.5711354309165526,1.1087551299589604,3296.0,2.2544459644322847,34.07,-118.3,1.75
1.6953,43.0,2.032738095238096,1.1011904761904765,942.0,1.4017857142857142,34.06,-118.3,1.5
1.5954,27.0,2.2246376811594204,1.006340579710145,4137.0,3.747282608695652,34.06,-118.29,1.875
1.468,47.0,1.680773881499395,1.0544135429262391,2860.0,3.4582829504232167,34.06,-118.3,1.375
1.9309,23.0,2.926829268292683,1.1162123385939742,2235.0,3.206599713055954,34.06,-118.29,2.333
1.6725,47.0,2.063858695652174,1.0414402173913044,4225.0,2.870244565217391,34.06,-118.31,1.875
3.375,48.0,4.790836653386454,1.049800796812749,1868.0,3.721115537848605,34.05,-118.33,2.578
2.5284,44.0,3.896039603960396,0.9653465346534652,1323.0,3.2747524752475248,34.05,-118.33,2.263
2.1736,45.0,3.663090128755365,1.113733905579399,1446.0,3.103004291845493,34.05,-118.33,1.713
1.9923,42.0,2.9171029668411865,1.0322862129144852,3480.0,3.0366492146596857,34.05,-118.32,2.5
1.721,42.0,2.708256880733945,1.1192660550458715,1605.0,2.944954128440367,34.05,-118.3,2.143
2.1414,46.0,2.8577319587628867,0.9422680412371134,1845.0,3.804123711340206,34.05,-118.3,1.577
2.2684,31.0,2.755134281200632,1.1374407582938388,2034.0,3.213270142180095,34.05,-118.3,1.938
1.3867,30.0,2.6240740740740742,1.0907407407407408,1615.0,2.990740740740741,34.05,-118.29,1.938
1.5972,34.0,2.510250569476082,1.020501138952164,1325.0,3.0182232346241458,34.05,-118.29,1.688
1.9323,36.0,3.439121756487026,1.1357285429141717,1664.0,3.321357285429141,34.05,-118.3,1.611
2.096,34.0,2.466893039049236,0.99830220713073,1987.0,3.3735144312393888,34.05,-118.3,1.875
1.847,18.0,2.337027379400261,1.0827900912646675,5229.0,3.408735332464146,34.05,-118.29,2.5
2.053,31.0,2.348333333333333,1.0433333333333332,4126.0,3.438333333333333,34.05,-118.29,2.292
3.2645,52.0,4.086647727272728,1.0241477272727273,1186.0,1.6846590909090908,34.08,-118.35,1.75
3.1765,52.0,4.119791666666667,1.0434027777777777,1135.0,1.9704861111111112,34.08,-118.36,2.25
2.9621,52.0,3.9790794979079496,1.0209205020920502,848.0,1.7740585774058577,34.08,-118.36,1.75
3.1766,52.0,3.184553660982949,1.0601805416248746,1594.0,1.5987963891675026,34.07,-118.34,2.25
3.2411,52.0,5.1488203266787655,1.0925589836660616,1164.0,2.1125226860254083,34.06,-118.35,2.5
3.2813,48.0,4.95945945945946,1.027027027027027,956.0,2.583783783783784,34.05,-118.36,2.436
2.7917,49.0,5.128865979381444,0.9484536082474226,462.0,2.381443298969072,34.04,-118.36,2.42
3.3333,45.0,4.594132029339853,0.9657701711491442,946.0,2.312958435207824,34.05,-118.36,2.547
2.5806,47.0,4.739057239057239,1.1430976430976432,1533.0,2.580808080808081,34.05,-118.35,2.341
2.0984,44.0,3.9573560767590616,1.0511727078891258,1374.0,2.929637526652452,34.05,-118.35,1.58
2.8793,42.0,5.062730627306273,1.014760147601476,674.0,2.487084870848709,34.05,-118.36,2.021
2.5658,45.0,4.806315789473684,1.071578947368421,1093.0,2.3010526315789472,34.05,-118.36,2.52
3.1944,50.0,4.997512437810945,1.0422885572139304,1130.0,2.810945273631841,34.05,-118.34,2.135
2.2725,39.0,3.421052631578948,1.024561403508772,723.0,2.536842105263158,34.05,-118.34,1.406
3.6435,52.0,4.819070904645477,1.0122249388753055,1065.0,2.6039119804400976,34.05,-118.35,1.958
2.6654,52.0,5.0091324200913245,1.1506849315068493,997.0,2.276255707762557,34.05,-118.34,2.594
2.532,39.0,3.734256926952141,1.022670025188917,2638.0,3.322418136020151,34.04,-118.32,1.727
2.2554,39.0,4.134185303514377,1.0543130990415337,1140.0,3.642172523961661,34.04,-118.32,1.65
2.3526,48.0,3.807073954983923,1.0546623794212218,953.0,3.064308681672025,34.04,-118.32,1.563
2.913,31.0,4.560669456066946,1.0502092050209204,955.0,3.99581589958159,34.04,-118.33,1.925
2.7409,41.0,4.513978494623656,1.0150537634408603,1369.0,2.944086021505376,34.05,-118.34,1.671
2.5955,35.0,4.150442477876106,1.0743362831858407,2042.0,3.6141592920353984,34.04,-118.34,1.397
2.2254,40.0,3.3452188006482984,1.072933549432739,2140.0,3.46839546191248,34.04,-118.34,1.271
1.7014,37.0,2.932,1.058,1835.0,3.67,34.04,-118.34,1.232
1.8685,36.0,3.5824175824175826,1.1007326007326008,1672.0,3.062271062271062,34.04,-118.35,1.507
3.0856,49.0,3.717171717171717,0.8956228956228957,668.0,2.249158249158249,34.04,-118.35,1.516
2.1711,45.0,4.713432835820895,1.0656716417910448,713.0,2.128358208955224,34.04,-118.35,1.792
2.3214,48.0,4.367901234567901,1.0592592592592591,993.0,2.451851851851852,34.04,-118.36,1.394
3.5161,45.0,4.662269129287599,1.100263852242744,1052.0,2.7757255936675462,34.04,-118.36,1.57
2.3687,38.0,4.370967741935484,1.0080645161290325,1019.0,2.739247311827957,34.04,-118.35,1.468
2.1078,43.0,4.707520891364903,1.0557103064066853,1017.0,2.832869080779944,34.03,-118.36,1.335
3.0694,37.0,4.232876712328767,1.0582191780821917,966.0,3.308219178082192,34.03,-118.37,1.222
2.0538,34.0,4.233986928104575,1.05359477124183,2331.0,3.047058823529412,34.04,-118.36,1.258
2.4635,41.0,4.312,1.128,1110.0,2.96,34.04,-118.35,1.694
2.5625,45.0,3.997826086956522,0.9978260869565218,1312.0,2.8521739130434782,34.04,-118.35,1.38
2.6,42.0,4.98813056379822,1.0682492581602374,987.0,2.9287833827893177,34.04,-118.34,1.714
1.9408,42.0,4.707259953161593,1.1569086651053864,1203.0,2.817330210772833,34.04,-118.34,1.346
1.975,35.0,4.699346405228758,1.088235294117647,794.0,2.594771241830065,34.03,-118.35,1.381
2.5927,33.0,4.595419847328245,1.1297709923664123,1161.0,2.954198473282443,34.04,-118.33,1.615
1.7377,33.0,3.9759450171821302,1.0721649484536082,1714.0,2.9450171821305844,34.03,-118.33,1.839
2.628,48.0,5.720657276995305,1.039906103286385,1400.0,3.286384976525821,34.04,-118.33,2.511
1.8333,47.0,3.832369942196532,1.02504816955684,1430.0,2.7552986512524087,34.04,-118.32,1.511
2.0259,42.0,4.811989100817439,1.100817438692098,1117.0,3.043596730245232,34.04,-118.32,1.688
2.8654,44.0,4.520179372197309,1.0,544.0,2.439461883408072,34.04,-118.32,1.768
1.9018,39.0,4.127906976744186,1.2005813953488371,1911.0,2.7776162790697674,34.03,-118.33,1.375
3.0132,47.0,5.606217616580311,1.0259067357512954,455.0,2.357512953367876,34.03,-118.32,2.232
2.8971,50.0,5.507462686567164,1.0417910447761194,1109.0,3.31044776119403,34.03,-118.32,1.278
3.1731,47.0,3.958904109589041,1.0342465753424657,1272.0,2.904109589041096,34.03,-118.32,1.215
2.6098,52.0,4.5989010989010985,1.075091575091575,1660.0,3.04029304029304,34.02,-118.32,1.271
2.0304,51.0,4.64203233256351,1.0623556581986142,1355.0,3.1293302540415704,34.02,-118.32,1.334
2.1979,46.0,4.174863387978142,1.0683060109289615,933.0,2.5491803278688523,34.02,-118.33,1.257
1.6429,46.0,3.8341625207296848,1.0364842454394694,1552.0,2.57379767827529,34.03,-118.33,1.25
4.2218,48.0,5.075471698113208,1.0062893081761006,684.0,2.150943396226415,34.02,-118.34,1.81
3.5357,44.0,4.687074829931973,0.873015873015873,1046.0,2.3718820861678003,34.02,-118.34,1.569
1.89,49.0,5.221476510067114,1.185682326621924,1334.0,2.984340044742729,34.03,-118.35,1.24
2.2273,43.0,4.86697247706422,1.201834862385321,1510.0,3.463302752293578,34.03,-118.35,1.233
3.25,52.0,3.681034482758621,0.7931034482758621,233.0,2.0086206896551726,34.02,-118.35,1.347
1.9928,42.0,4.077844311377246,1.0219560878243512,1634.0,3.261477045908184,34.03,-118.35,1.254
2.1324,36.0,3.671186440677966,1.159322033898305,1023.0,3.467796610169492,34.03,-118.36,1.438
2.2368,38.0,4.444444444444445,1.1936507936507936,1139.0,3.615873015873016,34.03,-118.36,1.2
1.6452,35.0,3.7738589211618256,1.0352697095435686,1666.0,3.4564315352697097,34.03,-118.36,1.259
2.0879,38.0,3.896210873146623,1.0510708401976936,2259.0,3.721581548599671,34.03,-118.36,1.207
3.3636,43.0,4.397394136807818,0.9348534201954396,811.0,2.6416938110749184,34.03,-118.37,1.409
2.4444,46.0,5.109014675052411,1.0524109014675052,1151.0,2.4129979035639413,34.03,-118.34,1.341
2.5156,49.0,4.136246786632391,0.9537275064267352,896.0,2.303341902313625,34.02,-118.34,1.366
3.1442,50.0,4.507692307692308,1.0038461538461538,685.0,2.6346153846153846,34.02,-118.34,1.303
3.4306,49.0,4.886792452830188,1.041509433962264,765.0,2.8867924528301887,34.03,-118.34,1.302
1.3444,47.0,3.793307086614173,1.1043307086614174,1349.0,2.655511811023622,34.03,-118.34,1.25
1.7159,43.0,4.121580547112462,1.012158054711246,796.0,2.419452887537994,34.02,-118.36,1.897
3.9732,41.0,4.8141891891891895,0.9628378378378378,838.0,2.831081081081081,34.03,-118.37,1.884
2.6154,44.0,5.156498673740053,1.2148541114058355,981.0,2.6021220159151195,34.02,-118.37,1.932
1.5565,35.0,2.056890012642225,1.059418457648546,3013.0,3.809102402022756,34.05,-118.28,1.525
2.1696,39.0,2.724056603773585,1.0212264150943395,1857.0,4.379716981132075,34.04,-118.28,1.534
2.0817,41.0,2.2724137931034485,1.0034482758620689,1224.0,4.220689655172414,34.04,-118.29,1.325
1.8571,40.0,2.808049535603715,1.0804953560371515,1426.0,4.414860681114551,34.05,-118.29,1.438
2.4359,48.0,2.7782340862423,1.002053388090349,1945.0,3.9938398357289526,34.04,-118.29,1.237
1.7225,50.0,3.6004098360655736,1.069672131147541,2080.0,4.262295081967213,34.04,-118.3,1.8
2.4297,51.0,3.284313725490196,1.026143790849673,1227.0,4.009803921568627,34.05,-118.3,1.625
1.2786,39.0,2.140086206896552,1.0905172413793105,1765.0,3.8038793103448274,34.05,-118.3,1.219
1.9336,38.0,4.246013667425968,1.173120728929385,1768.0,4.027334851936219,34.05,-118.31,1.906
2.1162,35.0,3.622743682310469,1.030685920577617,1513.0,2.7310469314079424,34.05,-118.31,2.292
2.4048,33.0,3.951541850220264,1.066079295154185,2390.0,3.509544787077827,34.04,-118.31,2.083
2.0658,29.0,3.575438596491228,1.0140350877192983,2070.0,3.631578947368421,34.04,-118.31,2.146
0.8351,29.0,3.237715803452855,1.151394422310757,2114.0,2.807436918990704,34.03,-118.31,1.5
1.9531,31.0,5.071264367816092,1.1517241379310346,1194.0,2.7448275862068967,34.03,-118.32,2.278
2.5833,52.0,3.8233532934131738,0.8532934131736527,954.0,2.856287425149701,34.04,-118.31,2.346
1.7109,24.0,3.888475836431226,1.087360594795539,1757.0,3.265799256505576,34.04,-118.3,1.75
2.006,37.0,3.769230769230769,1.023076923076923,1579.0,4.0487179487179485,34.04,-118.3,1.5
1.767,37.0,3.7111111111111112,1.0888888888888888,2376.0,3.7714285714285714,34.04,-118.31,1.703
2.0405,44.0,3.62803738317757,1.0822429906542057,2049.0,3.829906542056075,34.04,-118.29,1.43
1.78,41.0,4.206106870229007,1.083969465648855,1868.0,4.753180661577608,34.03,-118.3,1.625
2.1518,35.0,3.303030303030303,1.0454545454545454,1605.0,4.863636363636363,34.04,-118.3,1.528
2.1542,31.0,2.348993288590604,1.0033557046979866,1272.0,4.268456375838926,34.04,-118.29,1.281
2.1471,32.0,2.3225806451612905,0.978494623655914,702.0,3.774193548387097,34.04,-118.29,1.25
1.9167,42.0,3.193916349809886,1.05893536121673,2099.0,3.990494296577946,34.03,-118.29,1.364
2.0673,45.0,3.96218487394958,1.2142857142857142,953.0,4.004201680672269,34.03,-118.28,1.516
1.2875,42.0,3.149305555555556,1.3125,822.0,2.8541666666666665,34.03,-118.29,1.792
1.0219,29.0,2.921681780708986,1.1409727947238253,3323.0,2.7394888705688376,34.03,-118.29,2.583
2.0848,38.0,3.4036281179138324,0.9909297052154196,1777.0,4.029478458049887,34.03,-118.29,1.352
0.7473,22.0,3.116650987770461,1.1618062088428975,2381.0,2.239887111947319,34.03,-118.29,1.688
2.025,46.0,4.565126050420168,1.0714285714285714,1343.0,2.821428571428572,34.03,-118.31,1.355
2.8295,52.0,4.94025974025974,1.0545454545454545,1233.0,3.2025974025974024,34.03,-118.31,1.322
2.1571,47.0,4.446428571428571,1.1091269841269842,1775.0,3.5218253968253967,34.03,-118.3,1.479
2.7125,40.0,4.7478991596638656,1.0476190476190477,1138.0,3.1876750700280114,34.03,-118.3,1.5
1.23,47.0,5.36734693877551,1.0081632653061223,785.0,3.204081632653061,34.03,-118.31,1.384
1.8564,37.0,3.814814814814815,1.0507544581618655,2586.0,3.5473251028806585,34.03,-118.3,1.875
2.1173,34.0,4.123232323232323,1.0444444444444445,1479.0,2.987878787878788,34.03,-118.31,1.566
1.3187,23.0,4.717451523545706,1.0997229916897506,1333.0,3.6925207756232687,34.02,-118.31,1.271
2.087,21.0,3.622516556291391,1.0838852097130245,1526.0,3.368653421633554,34.02,-118.29,1.413
1.631,34.0,4.516312056737589,1.0950354609929078,2474.0,3.5092198581560283,34.02,-118.3,1.375
1.7546,50.0,1.625514403292181,0.9547325102880658,948.0,3.9012345679012346,34.03,-118.27,1.75
1.7115,51.0,3.3595800524934383,1.1076115485564304,1560.0,4.094488188976378,34.03,-118.27,1.25
1.6089,19.0,2.0087336244541483,1.0524017467248907,890.0,3.88646288209607,34.04,-118.28,1.625
1.2969,24.0,2.486434108527132,1.056201550387597,1932.0,3.744186046511628,34.04,-118.28,1.602
1.4167,25.0,2.200278164116829,1.0848400556328233,2390.0,3.3240611961057023,34.04,-118.28,2.0
2.1806,20.0,2.6335540838852096,1.0022075055187638,1880.0,4.150110375275938,34.04,-118.28,1.8
1.8539,41.0,2.6884561891515992,1.1001390820584145,3121.0,4.340751043115438,34.03,-118.28,1.475
1.7976,40.0,3.2188449848024314,1.209726443768997,2195.0,3.335866261398176,34.03,-118.28,1.646
2.2232,48.0,3.3209606986899565,1.1200873362445414,1772.0,3.868995633187773,34.04,-118.28,1.625
1.875,39.0,3.2270531400966185,1.0193236714975846,3050.0,4.911433172302737,34.02,-118.27,1.273
0.9234,40.0,2.7365853658536587,1.3853658536585365,662.0,3.229268292682927,34.02,-118.27,1.875
1.2989,25.0,2.9809322033898304,1.1652542372881356,1193.0,2.527542372881356,34.03,-118.28,2.25
2.1944,50.0,2.3684210526315788,1.1710526315789471,356.0,4.684210526315789,34.02,-118.25,1.583
2.1905,52.0,3.4619565217391304,1.1358695652173914,1655.0,4.497282608695652,34.03,-118.25,1.24
1.6302,32.0,3.1828703703703702,1.037037037037037,1698.0,3.9305555555555554,34.02,-118.25,1.307
1.5652,38.0,3.161290322580645,0.9193548387096774,1308.0,4.219354838709678,34.02,-118.26,1.231
2.131,38.0,3.208823529411765,1.026470588235294,1786.0,5.252941176470588,34.02,-118.26,1.365
1.8382,40.0,3.850152905198777,1.107033639143731,1499.0,4.584097859327217,34.02,-118.26,1.264
2.3304,32.0,3.310606060606061,1.0353535353535352,1792.0,4.525252525252525,34.02,-118.25,1.199
1.7813,30.0,5.955882352941177,1.2647058823529411,376.0,5.529411764705882,34.01,-118.24,1.275
1.4524,42.0,3.5231316725978647,1.0284697508896796,1167.0,4.153024911032029,34.01,-118.27,1.268
1.2206,35.0,3.2215799614643545,1.071290944123314,2106.0,4.057803468208093,34.01,-118.27,1.292
1.8824,46.0,3.0625,1.1597222222222223,621.0,4.3125,34.01,-118.28,1.625
2.1382,46.0,2.935828877005348,1.13903743315508,1510.0,4.037433155080214,34.02,-118.28,1.563
1.1667,40.0,4.004524886877828,1.411764705882353,799.0,3.615384615384616,34.01,-118.29,1.438
1.9152,48.0,4.443624868282402,1.1538461538461535,3298.0,3.475237091675448,34.01,-118.3,1.223
2.5263,48.0,5.108433734939759,1.068273092369478,1357.0,2.7248995983935744,34.01,-118.31,1.21
1.8214,52.0,5.736486486486487,1.06981981981982,1417.0,3.1914414414414414,34.01,-118.31,1.232
3.0759,52.0,4.898907103825136,0.9562841530054644,1303.0,3.560109289617486,34.01,-118.31,1.237
2.3942,42.0,4.329787234042553,1.1861702127659577,511.0,2.7180851063829787,34.01,-118.29,1.232
1.6505,50.0,3.8387650085763294,1.1543739279588336,2247.0,3.8542024013722127,34.01,-118.29,1.25
2.5885,52.0,4.842639593908629,1.0862944162436547,1271.0,3.2258883248730963,34.01,-118.3,1.362
2.0625,52.0,4.323353293413174,1.026946107784431,1154.0,3.455089820359281,34.01,-118.3,1.344
1.7143,34.0,3.114864864864865,1.0472972972972974,2450.0,3.310810810810811,34.01,-118.28,1.32
1.6036,39.0,3.2510822510822512,0.8961038961038961,1010.0,4.372294372294372,34.01,-118.29,1.375
1.0539,30.0,2.934322033898305,1.097457627118644,1730.0,3.665254237288136,34.01,-118.29,1.425
1.8656,50.0,3.377922077922078,1.0311688311688312,3080.0,4.0,34.01,-118.28,1.229
1.2175,52.0,2.890909090909091,1.12,1118.0,4.065454545454545,34.01,-118.28,1.313
2.3309,48.0,2.5691489361702127,1.0106382978723405,775.0,4.122340425531915,34.01,-118.28,1.266
1.432,44.0,4.04915514592934,1.1136712749615976,2182.0,3.351766513056836,34.0,-118.28,1.24
2.7727,52.0,4.867158671586716,1.088560885608856,898.0,3.3136531365313653,34.0,-118.29,1.286
1.1806,40.0,4.917391304347826,1.2217391304347829,859.0,3.734782608695652,34.0,-118.3,1.346
1.6892,52.0,5.586956521739131,1.1195652173913044,939.0,3.402173913043478,34.0,-118.31,1.291
2.0,52.0,5.506410256410256,1.1346153846153846,1026.0,3.2884615384615383,34.0,-118.3,1.28
1.933,52.0,4.024691358024692,0.9358024691358025,1413.0,3.488888888888889,34.0,-118.31,1.2
2.1116,52.0,4.419249592169657,1.0473083197389883,1751.0,2.856443719412724,34.0,-118.31,1.225
2.0915,47.0,4.57957957957958,1.078078078078078,982.0,2.948948948948949,33.99,-118.31,1.266
2.6667,52.0,5.342512908777969,1.1101549053356283,1498.0,2.5783132530120483,34.01,-118.32,1.28
4.2554,50.0,6.365384615384615,0.9846153846153848,672.0,2.5846153846153848,34.02,-118.32,1.943
3.3906,48.0,5.732352941176471,0.9058823529411764,823.0,2.420588235294117,34.02,-118.32,1.897
3.1548,50.0,5.4017595307917885,1.1055718475073313,817.0,2.3958944281524928,34.01,-118.32,1.577
2.4022,47.0,4.741847826086956,1.0081521739130437,1079.0,2.932065217391304,34.01,-118.32,1.234
4.26,46.0,5.959785522788204,0.967828418230563,968.0,2.5951742627345844,34.02,-118.33,1.826
3.7727,47.0,4.536082474226804,0.8900343642611683,653.0,2.2439862542955327,34.01,-118.33,1.93
3.5,42.0,4.9110576923076925,0.908653846153846,869.0,2.0889423076923075,34.02,-118.33,1.811
2.4934,44.0,4.754716981132075,1.0766509433962264,1622.0,1.912735849056604,34.01,-118.32,1.658
2.0217,43.0,4.718220338983051,1.194915254237288,956.0,2.0254237288135597,34.01,-118.33,1.875
1.9231,44.0,3.959550561797753,1.0404494382022471,786.0,1.7662921348314606,34.01,-118.33,1.885
1.9631,44.0,4.425963488843814,0.9979716024340772,878.0,1.7809330628803246,34.01,-118.33,1.813
2.4583,50.0,4.667377398720682,0.9808102345415778,1097.0,2.3390191897654584,34.0,-118.32,1.209
2.2054,47.0,5.271293375394322,1.22397476340694,895.0,2.823343848580442,34.0,-118.33,1.215
2.3333,47.0,4.76878612716763,1.0809248554913296,416.0,2.4046242774566475,34.0,-118.33,1.333
0.9304,24.0,2.8344155844155843,1.0389610389610389,529.0,1.7175324675324677,34.0,-118.33,1.516
2.8542,44.0,5.269230769230769,1.0631868131868132,1041.0,2.85989010989011,33.99,-118.33,1.265
3.2083,46.0,5.531468531468532,1.1013986013986017,777.0,2.7167832167832167,33.99,-118.33,1.496
4.8125,48.0,6.764309764309765,1.127946127946128,919.0,3.0942760942760943,33.99,-118.34,1.705
2.8274,43.0,4.080733944954129,1.0091743119266054,1598.0,2.932110091743119,33.99,-118.33,1.225
3.1731,46.0,3.9901639344262296,1.0557377049180328,662.0,2.1704918032786886,33.99,-118.34,1.403
1.8472,38.0,4.2482662968099865,1.104022191400832,2153.0,2.986130374479889,33.98,-118.33,1.491
2.9643,48.0,5.548628428927681,1.0798004987531171,1170.0,2.917705735660848,33.99,-118.34,1.404
2.9315,46.0,5.135265700483092,0.9879227053140096,1292.0,3.1207729468599035,33.98,-118.34,1.49
4.9531,47.0,5.884097035040432,1.0242587601078168,927.0,2.498652291105121,33.99,-118.35,1.801
3.8235,47.0,5.896713615023474,1.0821596244131455,1082.0,2.539906103286385,33.98,-118.35,2.076
1.675,34.0,3.28099173553719,1.0909090909090908,250.0,2.066115702479338,33.99,-118.34,1.667
3.5114,52.0,6.372759856630824,1.146953405017921,795.0,2.849462365591398,33.97,-118.32,1.388
2.5363,44.0,4.408376963350785,1.0104712041884816,1423.0,2.4834205933682374,33.97,-118.33,1.588
4.1635,47.0,4.854111405835544,0.9787798408488064,922.0,2.4456233421750664,33.97,-118.33,1.564
3.8643,46.0,4.63490099009901,0.9876237623762376,1502.0,1.858910891089109,34.02,-118.36,1.958
4.4028,33.0,5.924083769633508,1.12565445026178,900.0,2.356020942408377,34.02,-118.37,2.468
4.3077,31.0,4.443661971830986,1.056338028169014,819.0,1.9225352112676055,34.02,-118.38,1.406
0.8702,11.0,3.7172619047619047,0.9315476190476192,625.0,1.860119047619048,34.02,-118.33,1.705
4.0357,44.0,6.2326530612244895,1.0040816326530613,608.0,2.4816326530612245,34.02,-118.34,1.878
1.7622,34.0,3.843478260869565,1.0367149758454106,2725.0,2.632850241545894,34.02,-118.35,1.679
2.2138,49.0,5.058375634517766,1.131979695431472,1052.0,2.67005076142132,33.98,-118.32,1.198
0.9809,19.0,3.187725631768953,1.1299638989169676,726.0,2.6209386281588447,33.98,-118.28,1.214
2.6311,42.0,4.968421052631579,1.0526315789473684,567.0,2.9842105263157896,33.97,-118.3,1.241
3.2188,52.0,5.281456953642384,1.076158940397351,823.0,2.725165562913907,33.97,-118.31,1.242
2.7917,47.0,5.436842105263158,1.1105263157894736,1156.0,3.042105263157895,33.97,-118.31,1.258
3.725,52.0,5.65625,0.9618055555555556,819.0,2.84375,33.97,-118.31,1.426
3.0917,48.0,4.939102564102564,1.0064102564102564,819.0,2.625,33.97,-118.31,1.361
2.7401,41.0,5.412,1.144,751.0,3.004,33.94,-118.31,1.317
3.1346,50.0,5.869426751592357,1.038216560509554,892.0,2.840764331210191,33.95,-118.3,1.2
3.2708,43.0,5.330409356725146,1.046783625730994,1065.0,3.1140350877192984,33.95,-118.31,1.31
4.0043,44.0,4.930379746835443,1.0537974683544304,1095.0,3.4651898734177213,33.95,-118.31,1.335
4.8295,44.0,6.0583941605839415,1.0462287104622872,1305.0,3.1751824817518246,33.95,-118.31,1.496
3.0682,43.0,5.340101522842639,0.9974619289340102,1132.0,2.873096446700508,33.94,-118.31,1.42
1.747,43.0,4.236,1.138,1266.0,2.532,33.96,-118.31,1.21
1.528,43.0,4.651515151515151,1.067099567099567,1316.0,2.8484848484848486,33.96,-118.31,1.318
3.4643,46.0,5.26875,0.946875,870.0,2.71875,33.96,-118.31,1.363
4.0625,48.0,5.961538461538462,1.0532544378698223,1020.0,3.0177514792899407,33.96,-118.31,1.387
3.5208,48.0,6.203557312252965,1.1600790513833992,1319.0,2.6067193675889326,33.97,-118.29,1.342
2.6518,39.0,5.296786389413989,1.168241965973535,1524.0,2.880907372400756,33.96,-118.3,1.363
3.0625,52.0,6.108958837772397,1.1138014527845037,1167.0,2.8256658595641646,33.96,-118.31,1.274
4.4861,47.0,4.678466076696165,0.9498525073746312,1077.0,3.1769911504424777,33.96,-118.31,1.404
3.7143,47.0,4.831325301204819,0.944578313253012,1134.0,2.732530120481928,33.96,-118.31,1.403
3.3836,43.0,5.7414772727272725,1.0767045454545454,1051.0,2.9857954545454546,33.93,-118.29,1.299
2.0313,41.0,4.141592920353983,1.1371681415929205,913.0,4.039823008849558,33.93,-118.28,1.226
2.875,40.0,4.468822170900693,1.0646651270207852,1616.0,3.7321016166281753,33.92,-118.29,1.202
2.2778,41.0,5.333333333333333,1.1785714285714286,605.0,3.6011904761904763,33.93,-118.29,1.281
2.1875,28.0,1.9729064039408868,0.9827586206896552,936.0,2.3054187192118225,34.05,-118.45,1.813
2.1875,49.0,4.571428571428571,1.0,14.0,2.0,34.04,-118.44,2.25
2.2961,35.0,4.119705340699816,1.0902394106813995,1794.0,3.303867403314917,34.04,-118.38,2.077
2.7226,31.0,4.235119047619048,1.081845238095238,2120.0,3.1547619047619047,34.04,-118.38,2.542
4.125,41.0,3.3666666666666667,0.7666666666666667,85.0,2.833333333333333,34.04,-118.39,2.375
3.2228,28.0,3.58004158004158,1.1143451143451144,1161.0,2.413721413721414,34.03,-118.39,2.325
2.4135,27.0,2.258771929824561,0.881578947368421,397.0,1.7412280701754386,34.02,-118.4,1.844
2.9344,36.0,3.9867172675521823,1.079696394686907,1756.0,3.332068311195446,34.03,-118.38,2.221
3.7206,39.0,3.691891891891892,1.0135135135135136,1237.0,3.343243243243243,34.03,-118.39,2.309
3.1827,43.0,5.515527950310559,1.0559006211180124,514.0,3.192546583850932,34.04,-118.37,2.028
2.767,42.0,4.735602094240837,1.1099476439790577,1094.0,2.863874345549738,34.04,-118.37,1.43
2.6402,43.0,3.707317073170732,1.0365853658536586,705.0,2.865853658536585,34.03,-118.38,1.857
3.3955,19.0,3.524737631184408,1.103448275862069,2636.0,1.9760119940029983,34.02,-118.41,2.25
3.1579,22.0,3.673186119873817,1.0769716088328076,3335.0,2.1041009463722395,34.0,-118.44,2.431
2.288,41.0,4.340782122905028,1.1843575418994414,1839.0,3.4245810055865924,34.0,-118.47,2.635
2.3542,39.0,3.861635220125786,1.0943396226415094,538.0,3.3836477987421385,34.0,-118.46,2.357
2.1471,33.0,4.313131313131313,1.1868686868686869,645.0,3.257575757575758,33.99,-118.47,2.393
1.1985,39.0,3.879021879021879,1.057915057915058,3212.0,4.133848133848134,33.99,-118.41,2.15
4.0893,38.0,3.814432989690722,0.8814432989690721,599.0,3.0876288659793816,33.99,-118.42,2.489
4.5521,35.0,4.375634517766497,1.0634517766497462,1079.0,2.738578680203046,33.99,-118.42,2.638
2.5833,29.0,3.481835564053537,1.124282982791587,1397.0,2.6711281070745696,33.95,-118.38,1.875
3.111,5.0,4.44125159642401,1.3167305236270754,3591.0,2.293103448275862,33.95,-118.37,2.476
2.1875,37.0,4.932773109243698,1.145658263305322,1309.0,3.6666666666666665,33.92,-118.28,1.759
2.6546,41.0,3.8271604938271606,0.8209876543209876,642.0,3.962962962962963,33.91,-118.28,1.596
4.4636,42.0,3.6580459770114944,0.8879310344827587,1203.0,3.456896551724138,33.9,-118.29,1.62
3.8372,41.0,5.26595744680851,1.1319148936170214,1416.0,3.0127659574468084,33.91,-118.29,1.564
2.4741,31.0,3.414839797639123,1.042158516020236,2231.0,3.762225969645869,33.91,-118.29,1.512
2.7368,23.0,4.956435643564356,1.0534653465346535,1735.0,3.435643564356436,33.92,-118.29,1.628
2.6618,19.0,4.666666666666667,1.1421319796954317,2047.0,3.463620981387479,33.88,-118.28,1.797
4.317,32.0,4.369318181818182,0.9337121212121212,1754.0,3.321969696969697,33.88,-118.29,2.328
2.9063,27.0,3.7992700729927007,1.1167883211678833,2009.0,3.666058394160584,33.88,-118.29,1.841
3.59,35.0,4.675540765391015,1.021630615640599,1578.0,2.625623960066556,33.89,-118.29,2.006
4.381,32.0,5.3627760252365935,1.0725552050473186,864.0,2.725552050473186,33.87,-118.29,2.387
5.1727,35.0,5.463414634146342,0.989159891598916,1083.0,2.934959349593496,33.86,-118.3,2.302
4.9792,35.0,4.905844155844156,0.8896103896103896,853.0,2.76948051948052,33.86,-118.3,2.513
1.9049,10.0,3.689655172413793,1.1140583554376655,1378.0,3.655172413793104,33.85,-118.29,2.222
2.6491,5.0,4.482367758186398,1.0944584382871536,2965.0,3.734256926952141,33.84,-118.31,2.167
4.7222,36.0,5.712,1.072,825.0,3.3,33.84,-118.3,2.396
4.9196,37.0,4.866666666666666,0.8862745098039215,621.0,2.4352941176470586,33.84,-118.3,2.324
2.3942,38.0,3.075,0.9,142.0,3.55,33.85,-118.3,2.0
3.1851,31.0,4.357605177993528,1.06957928802589,1598.0,2.585760517799353,33.83,-118.3,2.402
3.5473,33.0,4.1089258698941,0.9984871406959152,1807.0,2.7337367624810893,33.83,-118.3,2.263
2.9619,27.0,3.961485557083906,1.1031636863823937,2083.0,2.8651994497936726,33.83,-118.31,2.234
2.6136,35.0,4.598159509202454,1.0429447852760736,1141.0,3.5,33.82,-118.3,2.136
2.8106,26.0,4.1106719367588935,1.1067193675889329,2096.0,4.142292490118577,33.82,-118.3,1.844
2.6368,25.0,3.662534435261708,1.0537190082644627,2629.0,3.621212121212121,33.82,-118.3,1.759
3.125,30.0,4.3977272727272725,1.0752840909090908,2048.0,2.909090909090909,33.8,-118.31,2.333
3.0057,35.0,4.095307917888563,1.0058651026392962,2255.0,3.306451612903226,33.79,-118.3,2.353
2.9154,9.0,3.719251336898396,1.181818181818182,1790.0,2.393048128342246,33.79,-118.3,2.033
3.163,13.0,4.055681818181818,1.05,2159.0,2.453409090909091,33.79,-118.3,2.242
3.1779,41.0,4.394736842105263,1.0548245614035088,1658.0,3.6359649122807016,33.8,-118.26,1.711
3.35,36.0,4.285353535353536,0.9949494949494948,1274.0,3.217171717171717,33.8,-118.25,1.631
5.5,30.0,6.004651162790697,1.069767441860465,835.0,3.883720930232558,33.79,-118.26,1.815
2.375,32.0,3.256756756756757,0.918918918918919,1799.0,4.8621621621621625,33.79,-118.25,1.28
3.6161,28.0,4.447552447552448,1.181818181818182,788.0,5.510489510489511,33.8,-118.24,1.313
1.3333,26.0,2.133928571428572,1.2053571428571428,165.0,1.4732142857142858,33.8,-118.23,1.875
3.35,38.0,4.532915360501567,1.025078369905956,980.0,3.072100313479624,33.8,-118.27,1.777
3.1613,36.0,4.208728652751423,1.064516129032258,1789.0,3.3946869070208727,33.79,-118.27,1.823
3.3929,39.0,4.2740112994350286,1.0310734463276836,1227.0,3.4661016949152543,33.79,-118.27,1.846
4.0,38.0,4.391044776119403,0.982089552238806,1207.0,3.6029850746268655,33.8,-118.28,1.655
4.3816,28.0,4.87146529562982,1.0796915167095116,1422.0,3.6555269922879177,33.79,-118.28,1.913
3.3009,36.0,4.371428571428571,1.0065934065934066,1668.0,3.665934065934066,33.79,-118.28,1.68
3.2011,20.0,4.00179211469534,1.0591397849462365,1915.0,3.431899641577061,33.78,-118.28,1.691
2.0,10.0,3.911392405063291,1.0717299578059072,2855.0,3.011603375527426,33.79,-118.29,1.654
3.3427,16.0,3.748995983935743,1.1465863453815262,951.0,1.9096385542168677,33.79,-118.29,1.542
2.5,21.0,3.897810218978102,1.032846715328467,1180.0,4.306569343065694,33.79,-118.3,1.575
3.1392,8.0,2.8156565656565657,1.0404040404040404,1472.0,3.717171717171717,33.8,-118.3,1.462
2.9375,31.0,4.514705882352941,1.0852941176470587,1291.0,3.797058823529412,33.79,-118.27,1.74
2.0458,27.0,3.619047619047619,1.0627705627705628,1723.0,3.7294372294372296,33.78,-118.26,1.745
2.1447,26.0,3.4859504132231405,1.0760330578512396,2120.0,3.5041322314049586,33.79,-118.27,1.587
2.8462,39.0,3.861035422343324,0.9782016348773842,1450.0,3.9509536784741135,33.79,-118.27,1.72
2.7143,34.0,3.55,0.9763157894736842,1716.0,4.515789473684211,33.79,-118.25,1.381
2.7308,38.0,4.080188679245283,1.0849056603773586,1724.0,4.066037735849057,33.79,-118.25,1.504
1.9208,39.0,3.291946308724832,0.959731543624161,1183.0,3.969798657718121,33.79,-118.25,1.398
1.9923,21.0,3.355828220858896,1.0828220858895703,2265.0,3.473926380368098,33.78,-118.26,1.647
3.5488,42.0,4.821576763485477,1.095435684647303,1044.0,4.331950207468879,33.79,-118.26,2.056
2.0956,35.0,3.201550387596899,1.2222222222222223,1524.0,3.937984496124031,33.78,-118.26,1.547
1.4444,32.0,2.225563909774436,1.045112781954887,511.0,3.842105263157895,33.78,-118.25,1.821
2.25,24.0,3.54320987654321,1.067901234567901,784.0,4.839506172839506,33.78,-118.24,1.523
2.1311,36.0,3.1661849710982657,1.067919075144509,2931.0,4.235549132947977,33.78,-118.26,1.631
2.4545,36.0,4.045662100456621,1.1552511415525115,809.0,3.6940639269406392,33.77,-118.26,1.642
1.9964,26.0,3.818487394957984,1.1663865546218488,2567.0,4.314285714285714,33.77,-118.27,1.506
2.5262,21.0,3.0216216216216214,1.0576576576576575,4426.0,3.987387387387388,33.78,-118.27,1.673
3.2115,37.0,4.136518771331058,1.0375426621160408,1076.0,3.6723549488054608,33.78,-118.28,1.601
1.5369,39.0,3.6213389121338913,1.0146443514644352,2115.0,4.424686192468619,33.77,-118.27,1.413
2.9063,47.0,4.723076923076923,1.0615384615384615,374.0,5.753846153846154,33.77,-118.28,1.469
2.45,41.0,3.5365853658536586,1.032520325203252,1384.0,3.750677506775068,33.75,-118.28,1.868
1.8393,18.0,2.0904255319148937,1.00531914893617,429.0,2.2819148936170213,33.75,-118.28,1.875
1.5394,40.0,3.481113320079523,1.0178926441351888,1939.0,3.854870775347913,33.74,-118.28,2.0
1.2276,21.0,3.780185758513932,1.1130030959752322,1916.0,2.9659442724458205,33.75,-118.28,2.083
2.5795,27.0,4.274611398963731,1.1476683937823835,1359.0,3.5207253886010363,33.75,-118.29,1.924
3.5056,23.0,3.720532319391635,0.9828897338403042,1454.0,2.76425855513308,33.75,-118.3,2.031
2.7031,37.0,4.628070175438596,1.024561403508772,766.0,2.687719298245614,33.75,-118.29,2.189
2.1473,29.0,3.853846153846154,1.053846153846154,1368.0,3.507692307692308,33.74,-118.29,1.953
2.75,41.0,4.017441860465116,1.0494186046511629,905.0,2.630813953488372,33.74,-118.29,2.383
2.0329,30.0,3.9058380414312617,1.0037664783427496,1311.0,2.468926553672316,33.74,-118.29,2.258
2.5759,43.0,3.814814814814815,1.067901234567901,1151.0,2.3683127572016462,33.73,-118.29,2.25
2.1382,21.0,3.7083333333333335,1.0580357142857142,1699.0,2.5282738095238093,33.73,-118.29,2.423
2.7451,42.0,4.295285359801489,1.0794044665012408,866.0,2.1488833746898264,33.73,-118.3,2.554
2.9386,23.0,3.815136476426799,1.066997518610422,1584.0,1.965260545905707,33.74,-118.3,2.605
1.8584,44.0,3.437847866419295,1.0315398886827458,2090.0,3.877551020408163,33.74,-118.28,2.481
2.0469,39.0,3.530529172320217,1.088195386702849,2178.0,2.955223880597015,33.73,-118.28,2.345
2.1935,52.0,4.040697674418604,1.1395348837209305,1767.0,3.4244186046511627,33.73,-118.28,2.432
1.9167,45.0,4.039697542533081,1.056710775047259,1550.0,2.9300567107750477,33.73,-118.28,2.272
2.7139,30.0,4.099870298313878,1.0544747081712065,1865.0,2.4189364461738,33.73,-118.29,2.317
3.1932,25.0,4.614953271028037,1.091588785046729,1253.0,2.3420560747663552,33.72,-118.29,2.575
3.4474,28.0,4.44873949579832,1.1058823529411763,1459.0,2.452100840336134,33.72,-118.3,2.534
3.274,39.0,5.218503937007874,1.1614173228346456,1103.0,2.171259842519685,33.72,-118.29,2.543
3.5109,21.0,3.715639810426541,1.0710900473933649,801.0,1.8981042654028435,33.72,-118.29,2.25
6.01,43.0,5.100961538461538,1.0,514.0,2.4711538461538463,34.23,-118.24,2.542
4.4083,41.0,4.311546840958606,1.0806100217864925,1157.0,2.520697167755991,34.23,-118.25,2.177
5.0862,37.0,5.281081081081081,0.9945945945945946,967.0,2.6135135135135137,34.23,-118.25,2.613
4.5759,43.0,4.728476821192053,1.076158940397351,836.0,2.7682119205298013,34.23,-118.26,2.092
7.5582,38.0,5.676923076923077,0.9948717948717948,518.0,2.6564102564102563,34.23,-118.26,2.637
2.5463,32.0,3.852631578947368,1.068421052631579,693.0,1.823684210526316,34.21,-118.23,2.0
3.4148,38.0,3.6243523316062176,1.0103626943005182,859.0,2.2253886010362693,34.21,-118.23,2.348
3.4531,41.0,5.105154639175257,1.043298969072165,1271.0,2.620618556701031,34.22,-118.24,2.639
4.1523,34.0,4.6415094339622645,1.0943396226415094,926.0,2.495956873315364,34.22,-118.24,2.52
3.5777,32.0,4.604342581423402,1.06875753920386,1888.0,2.277442702050664,34.21,-118.24,2.456
5.529,36.0,5.334042553191489,1.1,1232.0,2.6212765957446806,34.22,-118.24,2.413
3.1004,26.0,3.4140786749482404,1.0807453416149069,1332.0,2.7577639751552794,34.15,-118.23,2.571
3.1484,17.0,4.486280487804878,1.1722560975609757,1312.0,2.0,34.16,-118.26,1.875
3.1733,19.0,3.599260172626387,1.0567200986436498,1866.0,2.300863131935881,34.16,-118.26,2.063
2.9148,15.0,4.285957446808511,1.1055319148936171,3164.0,2.692765957446809,34.16,-118.27,2.387
3.6354,22.0,4.235294117647059,1.0349761526232115,1553.0,2.4689984101748808,34.17,-118.28,2.563
2.3482,17.0,3.879154078549849,1.0735146022155089,2986.0,3.0070493454179257,34.17,-118.29,2.554
3.7083,31.0,3.8012048192771086,1.0180722891566265,1019.0,3.069277108433735,34.16,-118.29,2.419
4.3438,42.0,3.8598130841121496,1.0,349.0,3.2616822429906542,34.16,-118.29,1.898
2.9,12.0,3.662847790507365,1.11620294599018,1882.0,3.0801963993453354,34.17,-118.29,2.083
2.6016,17.0,3.6177260519247993,1.0465532676812892,3309.0,2.962399283795882,34.17,-118.3,2.224
5.0056,30.0,3.0,0.875,74.0,4.625,34.17,-118.3,1.625
3.2083,35.0,3.940438871473354,0.9968652037617556,764.0,2.394984326018809,34.16,-118.29,2.38
3.2321,40.0,4.280821917808219,1.0502283105022832,869.0,1.9840182648401827,34.16,-118.3,2.436
2.8342,35.0,3.923076923076923,1.0671550671550671,2401.0,2.9316239316239314,34.16,-118.3,2.568
3.0114,47.0,4.211594202898551,1.0318840579710145,787.0,2.281159420289855,34.16,-118.27,2.555
2.6729,22.0,4.037433155080214,1.1354723707664884,1684.0,3.001782531194296,34.15,-118.27,2.171
3.0199,25.0,4.067385444743936,1.0862533692722371,2205.0,2.9716981132075477,34.15,-118.27,2.202
3.2171,14.0,3.284369114877589,1.009416195856874,1494.0,2.8135593220338984,34.15,-118.27,2.308
3.1397,52.0,4.636871508379889,1.0223463687150838,479.0,2.6759776536312847,34.16,-118.27,2.537
4.3438,48.0,5.003846153846154,0.9730769230769232,637.0,2.45,34.16,-118.27,2.527
2.9491,49.0,4.939716312056738,1.0283687943262412,605.0,2.145390070921986,34.16,-118.28,2.574
3.5417,18.0,3.400383141762452,1.0057471264367817,950.0,1.8199233716475096,34.16,-118.26,1.771
3.0,14.0,3.45422943221321,1.0359212050984936,1941.0,2.249130938586327,34.15,-118.26,1.786
2.8884,6.0,3.9479905437352247,1.1170212765957446,2315.0,2.7364066193853427,34.15,-118.26,2.523
2.8088,18.0,3.675555555555556,1.12,1763.0,2.611851851851852,34.15,-118.26,2.475
3.6875,15.0,4.170786516853933,1.1292134831460674,1888.0,2.121348314606742,34.15,-118.25,2.096
3.9054,14.0,4.088397790055248,1.0441988950276244,1681.0,1.8574585635359115,34.16,-118.25,2.0
3.052,17.0,3.355781448538755,1.0196950444726811,4116.0,2.614993646759848,34.15,-118.24,2.098
2.5924,19.0,3.6426426426426426,1.09984984984985,3171.0,2.380630630630631,34.15,-118.24,1.929
2.8478,31.0,3.740181268882176,1.0211480362537764,605.0,1.8277945619335347,34.15,-118.25,2.281
2.2621,32.0,3.2630331753554502,1.052132701421801,768.0,1.819905213270142,34.15,-118.25,1.875
3.0441,20.0,4.049079754601227,1.0501022494887526,1729.0,1.7678936605316973,34.15,-118.25,1.938
2.6268,33.0,3.626582278481013,1.0936708860759494,2061.0,2.608860759493671,34.14,-118.23,2.013
3.0206,20.0,3.2512716174974567,1.0111902339776195,2929.0,2.979654120040692,34.14,-118.24,2.195
2.1444,27.0,3.1112299465240643,1.0919786096256685,2614.0,2.79572192513369,34.14,-118.24,2.29
3.0288,19.0,3.373529411764706,1.0529411764705885,1686.0,2.4794117647058824,34.15,-118.23,2.583
2.9167,25.0,3.566625155666252,1.0510585305105853,1745.0,2.1731008717310085,34.14,-118.23,2.243
2.462,28.0,3.599609375,1.08203125,1402.0,2.73828125,34.14,-118.24,2.54
1.9125,36.0,3.332720588235294,1.0294117647058822,1501.0,2.7591911764705883,34.14,-118.24,2.38
3.3636,37.0,4.29242819843342,1.031331592689295,959.0,2.503916449086162,34.13,-118.24,2.577
1.7301,7.0,3.208398133748056,1.04199066874028,1892.0,2.942457231726283,34.15,-118.24,2.023
2.4421,9.0,3.3449931412894376,1.0205761316872428,4486.0,3.07681755829904,34.14,-118.24,2.221
1.8929,30.0,2.96875,1.0477941176470589,1245.0,2.2886029411764706,34.14,-118.25,1.969
0.8185,13.0,2.4988713318284423,1.0812641083521444,616.0,1.3905191873589164,34.15,-118.25,1.875
2.2614,29.0,2.8473029045643155,1.0141078838174271,4094.0,3.3975103734439838,34.14,-118.26,2.481
3.0074,10.0,3.6805555555555554,1.1527777777777777,1025.0,3.5590277777777777,34.14,-118.27,1.75
4.1083,6.0,3.933940774487472,1.152619589977221,1200.0,2.733485193621868,34.14,-118.26,2.107
3.008,7.0,3.854619565217391,1.0543478260869563,2287.0,3.1073369565217392,34.15,-118.27,2.29
2.6673,25.0,3.192039800995025,1.1054726368159205,2843.0,2.828855721393035,34.13,-118.26,2.181
2.5,37.0,3.066518847006652,1.042128603104213,1185.0,2.6274944567627494,34.13,-118.26,2.071
1.2188,37.0,2.8823529411764706,1.088235294117647,194.0,2.8529411764705883,34.13,-118.26,2.188
2.5388,23.0,3.721448467966574,1.1030640668523677,1255.0,3.4958217270194987,34.14,-118.26,2.05
2.1602,13.0,3.2527985074626864,1.055037313432836,3749.0,3.4972014925373136,34.14,-118.25,2.219
2.506,25.0,3.374717832957111,1.0474040632054176,5217.0,2.944130925507901,34.14,-118.25,1.845
2.5417,22.0,3.103448275862069,1.0251989389920424,2226.0,2.952254641909814,34.13,-118.25,2.175
4.0272,45.0,4.583720930232558,1.0209302325581395,1245.0,2.895348837209302,34.13,-118.24,2.605
2.125,52.0,3.617977528089888,0.9887640449438202,229.0,2.5730337078651684,34.13,-118.25,2.438
2.2244,36.0,3.2302631578947367,1.1239035087719298,2542.0,2.787280701754386,34.13,-118.25,2.559
2.4856,21.0,3.0040650406504064,1.0772357723577235,861.0,3.5,34.12,-118.25,1.813
3.0431,41.0,4.605475040257649,1.0982286634460547,1516.0,2.4412238325281805,34.2,-118.34,2.629
2.875,41.0,4.064,1.048,1176.0,3.136,34.19,-118.34,1.924
2.5267,14.0,3.3595706618962438,1.0983899821109124,1874.0,3.3524150268336315,34.2,-118.36,2.318
3.3897,37.0,4.827868852459017,0.9754098360655736,375.0,3.0737704918032787,34.19,-118.32,2.227
3.1051,23.0,3.731288981288981,1.0317047817047815,4757.0,2.4724532224532223,34.2,-118.33,2.065
3.0973,13.0,3.832264957264957,1.0667735042735045,4293.0,2.293269230769231,34.18,-118.3,2.519
3.0687,37.0,3.1531531531531534,1.036036036036036,342.0,3.081081081081081,34.17,-118.3,2.0
3.3205,5.0,3.908896797153025,1.102491103202847,2997.0,2.1330960854092527,34.18,-118.3,1.721
3.1587,11.0,3.656874265569918,1.045828437132785,1700.0,1.9976498237367804,34.18,-118.31,1.813
2.0875,13.0,3.5259740259740258,1.0352504638218925,1986.0,1.842300556586271,34.19,-118.31,2.227
3.4,44.0,4.688235294117647,1.1441176470588237,832.0,2.447058823529412,34.18,-118.32,2.121
3.5875,39.0,3.667279411764706,1.036764705882353,1202.0,2.209558823529412,34.17,-118.32,2.5
5.1008,47.0,5.338144329896907,0.9587628865979382,1284.0,2.647422680412371,34.17,-118.32,2.471
4.2396,48.0,5.62962962962963,1.0522875816993464,1118.0,2.435729847494553,34.17,-118.33,2.451
3.7344,46.0,4.817767653758542,1.0546697038724373,1133.0,2.580865603644647,34.19,-118.33,2.22
4.6898,45.0,5.03921568627451,1.0137254901960784,1256.0,2.462745098039216,34.18,-118.33,2.26
3.138,45.0,4.717868338557993,1.0877742946708464,799.0,2.504702194357366,34.19,-118.33,2.17
3.1406,48.0,4.625,0.9375,490.0,2.784090909090909,34.19,-118.34,2.231
3.7411,45.0,4.911392405063292,0.9968354430379748,785.0,2.4841772151898733,34.18,-118.33,2.355
3.8462,49.0,5.365122615803815,1.0272479564032695,977.0,2.662125340599455,34.18,-118.33,2.313
5.6975,48.0,5.861878453038674,1.0635359116022098,926.0,2.5580110497237567,34.18,-118.33,2.314
2.6827,43.0,4.035294117647059,0.9882352941176472,613.0,2.403921568627451,34.19,-118.34,2.199
4.1923,47.0,5.152694610778443,1.026946107784431,834.0,2.497005988023952,34.19,-118.34,2.312
3.24,45.0,5.085141903171953,1.0567612687813022,1448.0,2.417362270450752,34.18,-118.34,2.269
2.8125,46.0,4.722033898305085,1.0203389830508474,714.0,2.4203389830508475,34.18,-118.34,2.299
4.0313,45.0,4.426470588235294,0.931372549019608,557.0,2.730392156862745,34.19,-118.35,2.091
5.1814,46.0,5.68135593220339,1.0915254237288134,846.0,2.867796610169492,34.19,-118.36,2.095
4.282,46.0,5.53265306122449,1.0020408163265306,1277.0,2.606122448979592,34.18,-118.35,2.247
3.3056,46.0,5.111111111111111,1.0527777777777778,866.0,2.4055555555555554,34.18,-118.35,2.304
3.5583,44.0,4.512280701754386,1.075438596491228,1280.0,2.245614035087719,34.17,-118.35,2.32
2.0385,47.0,5.017543859649122,0.9941520467836256,365.0,2.134502923976608,34.17,-118.35,2.25
4.4408,42.0,4.875379939209727,0.9908814589665652,814.0,2.474164133738602,34.17,-118.35,2.16
4.0742,46.0,5.305439330543933,1.00418410041841,661.0,2.765690376569037,34.17,-118.36,2.291
3.875,45.0,4.595155709342561,1.0034602076124568,720.0,2.491349480968858,34.18,-118.34,2.269
3.8668,45.0,5.460949464012251,1.0735068912710566,1601.0,2.451761102603369,34.18,-118.34,2.32
4.1161,49.0,5.406417112299465,1.0338680926916222,1284.0,2.288770053475936,34.17,-118.34,2.325
3.2015,42.0,4.949781659388647,1.0436681222707425,1083.0,2.3646288209606987,34.16,-118.35,2.5
2.473,44.0,5.298630136986302,1.0273972602739727,750.0,2.054794520547945,34.17,-118.33,2.518
3.7941,37.0,4.771543086172345,1.1523046092184368,1235.0,2.4749498997996,34.16,-118.33,2.478
3.2125,46.0,5.008746355685132,1.0029154518950438,756.0,2.204081632653061,34.17,-118.34,2.47
4.875,52.0,5.103603603603603,0.954954954954955,545.0,2.454954954954955,34.17,-118.34,2.495
3.6111,44.0,4.864022662889519,1.1076487252124645,848.0,2.4022662889518416,34.16,-118.34,2.545
3.692,46.0,5.67479674796748,1.195121951219512,608.0,2.4715447154471546,34.16,-118.34,2.445
3.4286,44.0,4.136085626911315,0.992354740061162,1676.0,2.562691131498471,34.16,-118.33,2.479
3.6486,25.0,3.699513381995134,1.0723844282238444,2616.0,1.5912408759124088,34.16,-118.34,2.469
4.0648,45.0,5.362363919129082,1.073094867807154,1562.0,2.4292379471228616,34.17,-118.32,2.588
3.4016,23.0,3.5763157894736843,1.1263157894736842,770.0,2.026315789473684,34.16,-118.33,2.346
3.1551,16.0,3.7899159663865545,1.1148459383753502,1211.0,3.392156862745098,34.17,-118.3,2.05
3.1823,12.0,3.7505882352941176,1.0952941176470588,2118.0,2.491764705882353,34.17,-118.31,2.183
2.4074,24.0,3.333333333333333,1.050400916380298,2522.0,2.888888888888889,34.17,-118.31,2.194
4.0223,33.0,5.047520661157025,1.0289256198347108,1601.0,3.307851239669421,34.3,-118.43,1.46
3.6023,37.0,4.2629969418960245,0.9571865443425076,1111.0,3.397553516819572,34.3,-118.43,1.618
3.1212,39.0,4.535897435897436,1.051282051282051,1499.0,3.843589743589744,34.29,-118.43,1.535
3.4821,34.0,4.757188498402556,1.0415335463258786,1389.0,4.437699680511182,34.29,-118.42,1.603
1.7062,28.0,4.370967741935484,0.9838709677419356,246.0,3.967741935483871,34.3,-118.43,1.646
4.6864,35.0,6.450495049504951,1.1064356435643563,1555.0,3.849009900990099,34.29,-118.44,1.938
2.865,38.0,4.55614973262032,0.927807486631016,1384.0,3.700534759358289,34.29,-118.43,1.555
3.6726,38.0,4.221843003412969,1.0170648464163825,1073.0,3.662116040955632,34.29,-118.43,1.546
3.2095,50.0,4.390334572490707,0.9851301115241636,1196.0,4.446096654275093,34.29,-118.43,1.67
2.3724,27.0,3.2284644194756558,1.048689138576779,1243.0,4.655430711610487,34.28,-118.43,1.542
2.0286,32.0,3.684210526315789,1.1169590643274854,1434.0,4.192982456140351,34.29,-118.44,1.229
3.1588,30.0,4.069825436408977,1.0,1357.0,3.3840399002493764,34.29,-118.44,1.601
2.3375,30.0,3.371681415929204,1.008849557522124,840.0,3.7168141592920354,34.29,-118.45,1.542
1.7708,32.0,3.685314685314685,1.020979020979021,582.0,4.06993006993007,34.28,-118.44,1.388
2.875,46.0,0.8461538461538461,0.8461538461538461,24.0,1.8461538461538465,34.28,-118.44,1.625
1.9688,37.0,4.017021276595744,1.0382978723404257,1107.0,4.7106382978723405,34.28,-118.44,1.441
3.3687,47.0,4.683333333333334,1.0777777777777775,800.0,4.444444444444445,34.28,-118.44,1.517
2.5147,38.0,4.0,1.055363321799308,1359.0,4.70242214532872,34.28,-118.44,1.371
2.7155,36.0,4.196774193548387,1.029032258064516,2780.0,4.483870967741935,34.28,-118.45,1.498
5.8819,18.0,6.355338223308883,0.9462102689486552,3710.0,3.0236348818255907,34.13,-117.78,2.605
5.5423,14.0,6.7779690189328745,1.0783132530120485,3699.0,3.183304647160069,34.15,-117.8,2.487
4.7969,25.0,6.283042394014963,1.0236907730673317,2654.0,3.309226932668329,34.11,-117.8,2.117
3.5603,17.0,4.758079409048938,1.074792243767313,2949.0,2.7229916897506925,34.1,-117.8,1.746
6.2456,13.0,6.456896551724138,1.0668103448275863,1187.0,2.5581896551724137,34.1,-117.8,1.617
4.8125,16.0,5.439461883408072,0.9551569506726456,1319.0,2.957399103139013,34.12,-117.79,2.245
4.4722,18.0,5.511560693641618,1.0419075144508672,1881.0,2.718208092485549,34.11,-117.79,2.156
4.6937,26.0,5.484011627906977,1.0087209302325582,2103.0,3.056686046511628,34.13,-117.84,1.98
4.0393,14.0,5.039328788673309,1.0513896171997903,4723.0,2.476664918720503,34.15,-117.93,1.568
3.3942,21.0,4.792540792540793,1.0745920745920745,1332.0,3.104895104895105,34.15,-117.9,2.128
3.8365,29.0,5.503685503685504,1.1228501228501229,1187.0,2.9164619164619165,34.14,-117.9,1.842
3.3043,35.0,4.43811394891945,0.9921414538310412,1561.0,3.0667976424361494,34.14,-117.9,1.555
2.2442,42.0,4.795258620689655,1.0452586206896552,1544.0,3.327586206896552,34.14,-117.91,1.667
3.3654,15.0,5.356401384083045,1.1153402537485582,2855.0,3.292964244521338,34.14,-117.89,2.221
3.875,32.0,5.361702127659575,1.1094224924012157,924.0,2.8085106382978724,34.14,-117.88,1.867
4.0023,33.0,5.156944444444444,0.9972222222222222,2106.0,2.925,34.13,-117.88,1.855
3.1905,36.0,4.884858044164038,1.0520504731861198,1484.0,2.3406940063091484,34.14,-117.86,2.353
2.9375,30.0,4.463327370304114,1.0483005366726297,1139.0,2.037567084078712,34.14,-117.87,2.092
4.3145,31.0,6.465346534653466,1.0495049504950495,1021.0,3.3696369636963697,34.13,-117.85,2.33
3.0448,30.0,4.577568134171908,1.0828092243186582,2524.0,2.6457023060796647,34.12,-117.85,1.921
4.636,33.0,5.660332541567696,1.0166270783847982,1269.0,3.014251781472684,34.13,-117.86,2.455
2.588,40.0,5.09375,1.09375,607.0,2.37109375,34.13,-117.86,2.095
3.4107,29.0,4.256756756756757,0.9797297297297296,378.0,2.554054054054054,34.13,-117.86,1.708
3.4219,32.0,5.228228228228228,1.12012012012012,872.0,2.6186186186186187,34.13,-117.87,1.945
3.12,29.0,4.1925,1.0325,873.0,2.1825,34.13,-117.87,1.943
5.27,26.0,5.721100917431193,0.9688073394495412,1546.0,2.836697247706422,34.12,-117.82,2.094
4.8304,25.0,6.46455223880597,1.0559701492537314,1722.0,3.212686567164179,34.12,-117.84,2.289
4.9844,29.0,6.002247191011236,0.9820224719101124,1484.0,3.3348314606741574,34.11,-117.83,2.03
4.8894,17.0,5.634460547504026,1.0,1911.0,3.077294685990338,34.11,-117.84,1.917
4.392,34.0,6.102409638554217,1.039156626506024,1142.0,3.4397590361445785,34.12,-117.84,1.876
4.5708,25.0,5.6883835279655806,1.0196681007990165,4944.0,3.038721573448064,34.11,-117.85,2.23
4.8229,23.0,6.351618705035971,1.0575539568345325,3100.0,2.787769784172662,34.12,-117.81,1.926
3.6201,21.0,4.666219839142091,1.0831099195710456,1866.0,2.5013404825737267,34.11,-117.81,1.504
3.8929,19.0,4.974293059125964,1.025706940874036,1126.0,2.8946015424164524,34.1,-117.81,1.446
4.075,18.0,5.733749349973999,1.028601144045762,5407.0,2.811752470098804,34.1,-117.83,2.311
2.621,28.0,4.790152403282533,1.0211019929660023,1973.0,2.313012895662368,34.1,-117.76,2.022
3.7177,32.0,5.52928870292887,1.0794979079497908,1862.0,3.8953974895397487,34.09,-117.78,1.772
3.5192,26.0,4.908554572271386,1.0147492625368733,1024.0,3.0206489675516224,34.1,-117.79,1.905
4.4609,15.0,6.129496402877698,1.1079136690647482,2007.0,2.887769784172662,34.12,-117.77,2.3
3.9825,22.0,5.2611940298507465,1.0170575692963753,2874.0,3.0639658848614078,34.11,-117.76,1.805
2.8818,50.0,5.202614379084968,1.0762527233115469,1241.0,2.703703703703704,34.1,-117.77,1.672
3.75,28.0,5.136246786632391,1.06426735218509,1124.0,2.8894601542416454,34.11,-117.77,1.809
3.0735,23.0,5.334589299171062,1.0406932931424264,3205.0,2.4152223059532782,34.11,-117.78,2.123
5.3637,28.0,6.693486590038314,1.0842911877394636,1391.0,2.664750957854406,34.11,-117.74,2.147
4.3148,25.0,5.310107948969578,0.9793915603532876,2243.0,2.201177625122669,34.12,-117.75,2.407
2.6779,26.0,5.467871485943775,1.21285140562249,1847.0,3.708835341365462,34.1,-117.74,1.36
3.5072,29.0,5.154135338345864,0.9172932330827068,2477.0,4.656015037593985,34.1,-117.74,1.219
3.2756,21.0,3.963163064833006,1.067779960707269,4369.0,2.145874263261297,34.1,-117.75,1.568
5.6785,20.0,6.051640667025282,1.0182894029047875,4952.0,2.6637977407208178,34.12,-117.71,2.395
6.2089,26.0,7.298305084745762,1.0101694915254238,2487.0,2.810169491525424,34.12,-117.73,2.618
2.2813,41.0,4.512195121951219,1.056910569105691,1492.0,12.130081300813009,34.1,-117.71,1.25
1.875,52.0,4.5,1.2063492063492065,2688.0,21.33333333333333,34.1,-117.71,2.125
2.4952,32.0,4.001234567901235,1.1049382716049383,1592.0,1.965432098765432,34.1,-117.72,1.818
5.8891,37.0,6.522641509433963,1.0264150943396226,1344.0,2.535849056603773,34.1,-117.73,2.26
4.1739,36.0,5.459627329192546,0.9855072463768116,1385.0,2.867494824016563,34.09,-117.71,1.587
4.2639,26.0,5.901075268817205,1.0623655913978494,1411.0,3.034408602150537,34.08,-117.71,1.542
3.2566,36.0,4.926421404682274,1.096989966555184,785.0,2.6254180602006687,34.09,-117.72,1.518
3.7958,33.0,5.696796338672769,1.068649885583524,2575.0,2.946224256292906,34.09,-117.72,1.525
3.4871,30.0,5.682060390763765,1.0497335701598578,2192.0,3.8934280639431615,34.09,-117.74,1.364
3.6359,33.0,5.728194726166328,1.0608519269776877,1797.0,3.6450304259634887,34.08,-117.75,1.351
4.0368,33.0,5.308457711442786,0.965174129353234,600.0,2.985074626865672,34.08,-117.75,1.391
4.2143,36.0,5.677064220183486,1.0201834862385322,1672.0,3.067889908256881,34.09,-117.75,1.469
2.9388,37.0,4.335249042145594,0.9616858237547892,1677.0,3.21264367816092,34.08,-117.76,1.392
6.0434,27.0,7.160628019323672,1.1256038647342994,2817.0,3.402173913043478,34.08,-117.77,2.148
2.8661,36.0,4.645468998410175,1.0365659777424483,2392.0,3.8028616852146255,34.07,-117.77,1.24
2.63,52.0,4.513119533527697,1.0145772594752187,1131.0,3.2973760932944605,34.07,-117.75,1.273
2.8594,48.0,5.307339449541284,1.1330275229357798,677.0,3.1055045871559632,34.07,-117.76,1.272
2.4464,33.0,3.52,0.9066666666666666,964.0,3.2133333333333334,34.06,-117.78,1.287
3.9224,39.0,5.332727272727273,1.0727272727272728,1886.0,3.429090909090909,34.05,-117.78,1.313
4.1118,5.0,4.99009900990099,1.295929592959296,2485.0,2.7337733773377337,34.05,-117.8,1.259
3.4398,35.0,5.505119453924915,1.0170648464163825,911.0,3.1092150170648463,34.08,-117.74,1.343
3.0294,42.0,4.919449901768173,1.0864440078585462,1550.0,3.045186640471513,34.07,-117.74,1.357
2.8983,48.0,4.448905109489052,1.0930656934306568,1508.0,2.7518248175182483,34.06,-117.74,1.292
4.2415,52.0,5.695121951219512,0.9634146341463414,947.0,2.8871951219512195,34.07,-117.74,1.401
5.2269,52.0,6.269607843137255,1.0441176470588236,444.0,2.176470588235294,34.07,-117.75,1.61
1.6006,52.0,4.427083333333333,1.0173611111111112,1246.0,2.1631944444444446,34.07,-117.75,1.462
3.2481,34.0,5.528225806451613,0.9899193548387096,1761.0,3.5504032258064515,34.08,-117.72,1.288
3.7321,33.0,5.616438356164384,1.0136986301369864,2580.0,3.5342465753424657,34.07,-117.72,1.342
3.8438,28.0,5.422431865828092,1.120545073375262,3502.0,3.6708595387840672,34.08,-117.73,1.308
4.1339,34.0,5.320158102766799,0.9552042160737813,2716.0,3.578392621870883,34.07,-117.73,1.35
2.3406,33.0,4.113490364025696,1.0471092077087794,1430.0,3.062098501070664,34.07,-117.73,1.226
3.15,26.0,4.724691358024692,1.0049382716049382,3367.0,4.156790123456791,34.04,-117.73,1.297
3.0429,27.0,4.933184855233853,0.979955456570156,1987.0,4.425389755011136,34.04,-117.74,1.296
3.4609,27.0,4.805039787798409,1.072944297082228,3712.0,4.923076923076923,34.03,-117.74,1.233
5.6513,26.0,7.1936339522546415,1.06631299734748,1389.0,3.684350132625995,34.0,-117.85,2.279
6.2384,25.0,6.656200941915228,1.0094191522762952,1885.0,2.959183673469388,34.03,-117.8,2.476
6.0191,8.0,6.347326732673268,1.0475247524752476,15507.0,3.0706930693069308,34.03,-117.78,2.539
5.0111,16.0,6.157757496740548,1.075619295958279,4911.0,3.201434159061278,34.01,-117.83,2.129
5.0869,23.0,6.419540229885057,1.132183908045977,1535.0,2.9406130268199235,34.02,-117.8,2.306
6.8758,26.0,6.991228070175438,1.0263157894736843,383.0,3.3596491228070176,34.0,-117.84,2.538
6.1076,26.0,6.134907251264756,0.93929173693086,1993.0,3.360876897133221,33.98,-117.84,2.212
5.9716,19.0,6.680805938494167,0.9936373276776246,3671.0,3.8928950159066806,34.02,-117.86,2.621
5.1762,16.0,6.371389270976616,1.046767537826685,3038.0,4.178817056396149,34.01,-117.86,2.644
3.8167,21.0,6.149739583333333,1.1484375,2210.0,2.8776041666666665,34.07,-117.87,2.587
4.51,22.0,5.858597285067873,1.0678733031674208,2315.0,2.6187782805429864,34.1,-117.85,1.899
5.5496,29.0,6.330049261083744,0.9605911330049262,2205.0,3.6206896551724137,34.09,-117.86,2.182
6.4667,16.0,6.998463901689708,0.9815668202764976,2066.0,3.17357910906298,34.09,-117.85,2.639
6.1498,26.0,6.276243093922652,0.998158379373849,1664.0,3.0644567219152856,34.09,-117.86,2.391
3.775,25.0,5.2075471698113205,1.125,1084.0,2.556603773584906,34.1,-117.87,1.917
3.6484,31.0,4.681388012618297,1.0315457413249212,927.0,2.9242902208201893,34.09,-117.87,1.896
4.2685,32.0,5.55794701986755,1.0281456953642385,1696.0,2.80794701986755,34.1,-117.88,2.166
5.5629,36.0,5.454819277108434,0.963855421686747,1005.0,3.02710843373494,34.09,-117.89,1.883
5.2405,36.0,6.335,0.955,640.0,3.2,34.09,-117.87,2.2
3.2469,33.0,4.560301507537688,1.0050251256281406,2257.0,2.835427135678392,34.08,-117.87,2.069
3.5109,29.0,4.6923076923076925,1.085164835164835,2223.0,3.0535714285714284,34.09,-117.88,1.86
3.5977,23.0,5.439914163090129,1.0515021459227467,1327.0,2.847639484978541,34.1,-117.86,1.806
5.0832,29.0,6.045918367346939,1.0051020408163265,588.0,3.0,34.1,-117.86,1.969
3.875,15.0,5.058405682715075,1.0757695343330702,3359.0,2.6511444356748224,34.1,-117.87,1.733
3.8465,17.0,5.134993446920053,1.0642201834862386,4419.0,2.895806028833552,34.1,-117.84,1.807
3.1133,27.0,4.201923076923077,0.96875,985.0,2.3677884615384617,34.11,-117.85,1.806
4.2454,33.0,6.073746312684365,1.064896755162242,1073.0,3.1651917404129795,34.12,-117.87,1.838
5.1708,33.0,5.755813953488372,1.062015503875969,1006.0,3.89922480620155,34.12,-117.88,1.585
4.0417,34.0,6.08,1.1,522.0,3.48,34.12,-117.88,1.78
3.8571,34.0,4.626728110599078,1.0138248847926268,772.0,3.557603686635945,34.12,-117.87,1.745
4.6556,23.0,5.5169606512890095,1.1112618724559022,2105.0,2.8561736770691994,34.11,-117.87,1.996
4.5234,34.0,5.807017543859649,0.925438596491228,799.0,3.504385964912281,34.11,-117.87,1.922
4.1411,30.0,4.978998384491114,0.9725363489499192,2008.0,3.243941841680129,34.11,-117.88,1.827
4.9239,35.0,5.975609756097561,0.9796747967479674,885.0,3.597560975609756,34.12,-117.89,1.688
4.0938,35.0,5.446366782006921,0.9550173010380624,1088.0,3.764705882352941,34.12,-117.88,1.653
4.5221,36.0,5.26797385620915,0.9607843137254902,446.0,2.915032679738562,34.11,-117.89,1.513
3.2383,18.0,4.4557926829268295,1.021341463414634,1751.0,2.669207317073171,34.11,-117.88,1.57
3.9934,35.0,5.399253731343284,1.0149253731343284,1224.0,4.567164179104478,34.12,-117.89,1.419
4.05,35.0,4.94006309148265,1.0126182965299684,1396.0,4.403785488958991,34.12,-117.89,1.413
3.6875,27.0,4.887550200803213,1.07429718875502,1623.0,3.2590361445783134,34.11,-117.89,1.402
4.2019,37.0,5.164658634538153,1.0240963855421688,1047.0,4.204819277108434,34.11,-117.9,1.401
2.8547,25.0,4.107544141252006,1.0497592295345104,1674.0,2.686998394863564,34.13,-117.88,1.556
4.1836,36.0,5.574175824175824,0.9642857142857144,1327.0,3.645604395604396,34.12,-117.88,1.643
4.1995,34.0,5.607792207792208,1.0025974025974025,1443.0,3.748051948051948,34.13,-117.89,1.474
2.6292,32.0,4.581005586592179,1.0921787709497206,1312.0,3.664804469273743,34.13,-117.9,1.361
1.5,5.0,3.620578778135048,1.0160771704180065,819.0,2.633440514469453,34.13,-117.9,1.398
3.1597,37.0,4.237647058823529,0.9929411764705882,1564.0,3.68,34.13,-117.9,1.33
2.6629,33.0,4.9529085872576175,1.263157894736842,1787.0,4.950138504155125,34.12,-117.9,1.241
4.0529,33.0,4.028497409326425,0.9352331606217616,1571.0,4.069948186528498,34.12,-117.9,1.382
3.3322,35.0,4.330316742081448,0.8778280542986425,804.0,3.638009049773756,34.12,-117.9,1.514
2.2132,34.0,4.858044164037855,1.0347003154574133,1037.0,3.271293375394322,34.13,-117.91,1.385
2.8643,42.0,4.8273972602739725,1.0904109589041096,1526.0,4.18082191780822,34.13,-117.92,1.326
3.7846,41.0,4.515202702702703,0.9763513513513512,2259.0,3.8158783783783785,34.12,-117.91,1.455
4.1944,33.0,4.667785234899329,1.0369127516778522,1038.0,3.4832214765100677,34.12,-117.91,1.495
2.9459,32.0,4.656934306569343,1.051094890510949,2161.0,3.9434306569343063,34.12,-117.92,1.444
3.5385,36.0,3.675,0.8375,266.0,3.325,34.12,-117.93,1.344
2.1667,23.0,4.023588879528222,1.1086773378264532,4797.0,4.041280539174389,34.11,-117.9,1.426
3.525,20.0,4.429172510518934,0.9593267882187938,2396.0,3.360448807854137,34.11,-117.91,1.53
3.2202,24.0,4.4,1.0775193798449612,2151.0,3.3348837209302324,34.11,-117.92,1.262
3.3625,31.0,5.077868852459017,1.040983606557377,929.0,3.807377049180328,34.1,-117.94,1.534
3.0417,18.0,4.730769230769231,1.0769230769230769,121.0,4.653846153846154,34.11,-117.97,1.375
3.5625,11.0,4.517890772128061,0.992467043314501,2307.0,4.344632768361582,34.08,-117.99,1.41
3.4327,31.0,4.342939481268012,1.063400576368876,1548.0,4.461095100864553,34.07,-117.99,1.472
3.0184,15.0,4.30498177399757,1.0789793438639126,3131.0,3.804374240583232,34.07,-117.98,1.394
2.9107,28.0,4.083333333333333,0.9814814814814816,504.0,4.666666666666667,34.07,-117.98,1.525
2.564,32.0,4.18655462184874,1.035294117647059,2660.0,4.470588235294118,34.06,-117.99,1.458
2.25,34.0,3.981220657276996,1.0704225352112675,1609.0,3.776995305164319,34.07,-118.0,1.385
2.4911,35.0,4.506702412868632,0.96514745308311,1648.0,4.418230563002681,34.07,-117.99,1.459
2.8906,35.0,5.403141361256544,1.0837696335078535,954.0,4.994764397905759,34.08,-117.99,1.348
3.0806,8.0,4.534675615212528,1.0738255033557047,1781.0,3.9843400447427295,34.08,-117.97,1.424
3.3261,30.0,4.62993762993763,0.9854469854469856,1961.0,4.076923076923077,34.08,-117.97,1.641
3.7736,32.0,4.343283582089552,1.0582089552238807,2583.0,3.855223880597015,34.07,-117.96,1.584
3.2,20.0,4.408119658119658,1.0598290598290598,1573.0,3.361111111111111,34.07,-117.97,1.571
2.7802,22.0,4.292537313432836,1.0865671641791044,1325.0,3.955223880597015,34.07,-117.97,1.625
3.4784,17.0,4.510532837670384,1.0285006195786863,3537.0,4.382899628252788,34.08,-117.98,1.522
3.7727,22.0,4.805602716468591,1.0263157894736843,5389.0,4.574702886247878,34.1,-117.98,1.597
3.5,31.0,5.173400673400673,1.0387205387205387,2640.0,4.444444444444445,34.09,-117.98,1.613
4.1304,27.0,4.683727034120735,0.9986876640419948,3339.0,4.381889763779528,34.09,-117.97,1.605
3.1034,29.0,4.597222222222222,1.037037037037037,2013.0,4.659722222222222,34.11,-117.95,1.408
3.2957,35.0,4.7706855791962175,1.0685579196217494,3878.0,4.583924349881797,34.1,-117.96,1.416
2.9712,33.0,4.609467455621302,0.9349112426035504,1600.0,4.733727810650888,34.1,-117.97,1.439
4.0,26.0,5.068840579710145,1.0036231884057971,1285.0,4.655797101449275,34.1,-117.97,1.601
3.4427,30.0,4.68760907504363,1.0698080279232112,2477.0,4.322862129144852,34.09,-117.96,1.608
3.1621,6.0,3.939516129032258,1.0766129032258065,1584.0,3.193548387096774,34.09,-117.96,1.31
3.2266,30.0,4.322429906542056,1.0233644859813085,2847.0,4.434579439252336,34.1,-117.96,1.418
3.4032,31.0,4.147761194029851,0.953731343283582,2259.0,3.371641791044776,34.09,-117.97,1.434
2.8375,21.0,5.286396181384248,1.1551312649164678,1792.0,4.276849642004773,34.09,-117.95,1.665
3.125,34.0,5.084821428571429,1.0625,1728.0,3.857142857142857,34.08,-117.95,1.541
2.851,18.0,3.5619335347432024,0.9788519637462236,1296.0,3.915407854984894,34.09,-117.95,1.406
2.2679,39.0,3.240963855421686,1.0180722891566265,1242.0,3.740963855421687,34.08,-117.96,1.518
3.1912,33.0,4.8950471698113205,1.0023584905660377,3563.0,4.201650943396227,34.08,-117.96,1.599
3.9741,28.0,5.082585278276481,0.9910233393177738,2330.0,4.183123877917415,34.08,-117.96,1.731
2.1062,21.0,4.324281150159744,1.0782747603833869,1742.0,2.7827476038338657,34.09,-117.94,1.767
4.4653,32.0,5.440643863179075,1.03420523138833,1669.0,3.358148893360161,34.08,-117.94,1.954
4.064,34.0,4.852216748768473,1.1724137931034482,1269.0,3.125615763546798,34.08,-117.94,2.012
4.87,35.0,5.72488038277512,0.9976076555023924,1336.0,3.196172248803828,34.08,-117.94,1.877
3.2969,37.0,5.030973451327434,0.8982300884955752,672.0,2.9734513274336285,34.08,-117.95,1.89
4.1172,37.0,5.256613756613756,1.0555555555555556,1279.0,3.383597883597884,34.07,-117.95,1.765
3.9861,34.0,5.121495327102804,1.0070093457943925,1376.0,3.2149532710280373,34.09,-117.93,1.639
4.2062,35.0,4.7975460122699385,0.9386503067484664,499.0,3.061349693251534,34.09,-117.93,1.613
4.0167,35.0,4.950261780104712,0.9240837696335078,1093.0,2.8612565445026177,34.09,-117.93,1.655
4.4625,37.0,5.042553191489362,0.9574468085106383,769.0,3.272340425531915,34.09,-117.93,1.542
3.8705,36.0,5.562770562770563,0.987012987012987,679.0,2.9393939393939394,34.08,-117.92,1.919
4.1312,35.0,5.091787439613527,0.9855072463768116,1257.0,3.036231884057971,34.08,-117.92,1.852
3.3977,34.0,5.1611721611721615,1.1172161172161172,819.0,3.0,34.07,-117.93,1.888
4.5078,36.0,5.6887966804979255,1.020746887966805,806.0,3.3443983402489628,34.08,-117.93,1.871
3.9583,35.0,5.3828125,1.0,379.0,2.9609375,34.08,-117.93,2.06
4.3947,36.0,5.8713235294117645,1.0477941176470589,901.0,3.3125,34.08,-117.93,1.97
4.125,36.0,5.5875,0.990625,1139.0,3.559375,34.08,-117.93,1.858
3.6625,33.0,5.224719101123595,1.0157303370786517,1170.0,2.629213483146068,34.08,-117.91,2.171
3.5795,35.0,5.50763358778626,1.015267175572519,861.0,3.286259541984733,34.08,-117.91,1.869
4.2986,36.0,6.036734693877551,1.0244897959183674,741.0,3.024489795918367,34.08,-117.92,1.896
3.5536,35.0,6.098360655737705,1.0590163934426229,1011.0,3.314754098360656,34.08,-117.92,2.07
5.7039,35.0,5.8730650154798765,0.9628482972136224,965.0,2.9876160990712077,34.08,-117.92,1.994
3.2813,28.0,5.144846796657381,1.0055710306406684,1999.0,2.784122562674095,34.1,-117.91,1.811
3.0441,20.0,4.4932502596054,1.0768431983385254,2296.0,2.3842159916926278,34.09,-117.91,1.854
5.0123,35.0,5.451807228915663,0.9578313253012049,1164.0,3.5060240963855422,34.09,-117.92,1.657
4.375,33.0,4.888040712468193,1.010178117048346,1492.0,3.796437659033079,34.1,-117.92,1.505
3.7083,31.0,4.8814935064935066,1.0600649350649352,1766.0,2.866883116883117,34.1,-117.9,1.66
4.25,35.0,5.481037924151696,0.9540918163672656,1779.0,3.5508982035928143,34.1,-117.91,1.667
4.0052,35.0,5.336898395721925,1.074866310160428,1933.0,3.445632798573975,34.1,-117.92,1.607
2.9437,27.0,4.920471281296024,1.0721649484536082,1762.0,2.5949926362297497,34.1,-117.89,1.804
3.8304,35.0,5.647163120567376,0.9645390070921984,1858.0,3.294326241134752,34.1,-117.89,1.759
3.125,34.0,4.923076923076923,0.9879807692307692,1456.0,3.5,34.1,-117.89,1.686
4.5655,35.0,5.670807453416149,0.9834368530020704,1481.0,3.0662525879917184,34.1,-117.9,1.766
4.125,34.0,5.87218045112782,1.0225563909774436,825.0,3.101503759398496,34.09,-117.9,2.208
5.212,32.0,5.589189189189189,0.9621621621621622,976.0,2.637837837837838,34.08,-117.9,2.012
2.4167,37.0,5.121359223300971,1.3592233009708738,538.0,2.6116504854368934,34.09,-117.89,1.813
2.3971,35.0,3.77742946708464,1.0344827586206895,583.0,1.827586206896552,34.09,-117.89,1.889
3.4453,37.0,4.834666666666666,1.0506666666666666,1100.0,2.933333333333333,34.09,-117.89,1.767
4.3409,39.0,5.152238805970149,0.9940298507462688,892.0,2.662686567164179,34.09,-117.9,1.918
2.7763,30.0,4.231884057971015,1.0614216701173222,3147.0,2.17184265010352,34.08,-117.88,1.878
3.5,35.0,4.806179775280899,0.9410112359550562,825.0,2.317415730337079,34.08,-117.89,2.156
3.1949,25.0,4.433962264150943,1.0251572327044025,1107.0,2.320754716981132,34.08,-117.89,2.074
3.8837,32.0,5.559718969555036,1.053864168618267,1580.0,3.700234192037471,34.07,-117.89,2.003
3.2943,32.0,4.907788719785139,1.1199641897940913,3426.0,3.0671441360787823,34.08,-117.9,2.044
3.9808,35.0,5.3099630996309966,0.96309963099631,804.0,2.9667896678966788,34.07,-117.89,1.886
3.055,35.0,5.878571428571429,1.05,1056.0,3.7714285714285714,34.07,-117.9,1.72
4.5179,35.0,6.780487804878049,1.113821138211382,392.0,3.186991869918699,34.07,-117.89,2.188
5.8519,36.0,6.771812080536913,1.1006711409395973,466.0,3.12751677852349,34.07,-117.9,2.494
5.0897,36.0,5.225563909774436,1.0150375939849623,887.0,3.3345864661654137,34.07,-117.91,1.89
4.5594,33.0,5.351548269581056,1.0218579234972678,1519.0,2.766848816029144,34.07,-117.91,2.042
3.5547,34.0,5.051971326164875,1.0913978494623655,1718.0,3.078853046594982,34.06,-117.92,1.976
4.7708,36.0,5.106280193236715,1.0,658.0,3.178743961352657,34.07,-117.92,1.917
3.2122,29.0,4.133819951338199,0.9708029197080292,1052.0,2.559610705596107,34.07,-117.92,1.955
5.112,29.0,6.3352826510721245,1.0155945419103314,1382.0,2.6939571150097468,34.06,-117.91,2.183
5.0758,35.0,6.378,1.054,1727.0,3.454,34.05,-117.91,2.111
5.184,35.0,6.041753653444676,0.974947807933194,1420.0,2.964509394572025,34.06,-117.92,2.249
5.4635,37.0,5.8108108108108105,1.0115830115830116,798.0,3.081081081081081,34.06,-117.93,2.021
3.9375,35.0,5.46524064171123,0.9786096256684492,628.0,3.358288770053476,34.06,-117.93,1.875
4.1731,36.0,5.491803278688525,0.9057377049180328,848.0,3.4754098360655736,34.05,-117.93,2.051
4.2926,32.0,5.407079646017699,1.1026548672566372,1902.0,3.366371681415929,34.05,-117.93,1.907
9.7066,38.0,8.75,1.1,129.0,6.45,34.07,-117.92,1.825
3.4596,28.0,5.165378670788254,1.063369397217929,2210.0,3.4157650695517776,34.06,-117.93,2.028
5.8722,34.0,5.734939759036145,0.9116465863453816,890.0,3.57429718875502,34.05,-117.95,2.048
4.0333,32.0,5.495176848874598,1.0643086816720255,2003.0,3.220257234726688,34.06,-117.94,2.102
3.6648,34.0,4.297539149888143,0.9440715883668904,1230.0,2.751677852348993,34.06,-117.94,1.939
5.3559,36.0,5.666666666666667,0.9812206572769951,683.0,3.2065727699530515,34.07,-117.93,2.073
3.3523,25.0,4.997245179063361,1.1129476584022038,1187.0,3.269972451790633,34.07,-117.94,1.708
3.2083,37.0,5.055147058823529,0.9558823529411764,951.0,3.4963235294117645,34.07,-117.95,1.952
4.6312,32.0,5.479318734793187,1.0097323600973236,1370.0,3.333333333333333,34.06,-117.95,1.848
4.6118,35.0,5.812371134020618,1.090721649484536,1508.0,3.109278350515464,34.07,-117.96,1.917
4.4102,34.0,6.098630136986301,1.0438356164383562,1464.0,4.010958904109589,34.06,-117.96,1.832
2.067,31.0,4.413566739606127,1.0109409190371992,1462.0,3.199124726477024,34.06,-117.96,1.673
3.6563,33.0,5.223021582733813,0.9640287769784172,1274.0,4.58273381294964,34.05,-117.97,1.627
4.0469,34.0,5.628930817610063,1.0754716981132075,2786.0,4.380503144654088,34.06,-117.97,1.668
4.5417,33.0,5.708860759493671,0.9620253164556962,1079.0,4.552742616033755,34.06,-117.98,1.603
3.2413,31.0,5.062374245472837,1.0583501006036218,2194.0,4.414486921529175,34.06,-117.97,1.555
4.0274,36.0,6.007537688442211,1.0226130653266332,1967.0,4.942211055276382,34.06,-117.98,1.607
3.7454,35.0,5.6298076923076925,1.0240384615384617,2176.0,5.230769230769231,34.05,-117.98,1.569
3.7917,35.0,5.856209150326797,1.0359477124183007,1441.0,4.709150326797386,34.05,-117.99,1.511
2.8438,33.0,5.466307277628032,1.137466307277628,1727.0,4.654986522911051,34.05,-117.97,1.576
3.1667,36.0,4.6318407960199,0.7960199004975125,746.0,3.711442786069652,34.05,-117.97,1.58
3.5179,36.0,6.013888888888889,0.9537037037037036,763.0,3.5324074074074074,34.05,-117.97,1.614
2.8333,34.0,4.408602150537634,1.064516129032258,1832.0,3.9397849462365593,34.05,-117.97,1.557
4.1429,33.0,4.984025559105431,1.0063897763578276,1467.0,4.686900958466453,34.05,-117.98,1.598
3.4722,34.0,5.114457831325301,1.0783132530120485,2108.0,4.232931726907631,34.04,-117.98,1.546
4.119,32.0,4.651234567901234,0.910493827160494,1326.0,4.092592592592593,34.04,-117.97,1.633
2.5192,28.0,4.345360824742268,1.074742268041237,1355.0,3.492268041237113,34.04,-117.97,1.573
3.4115,35.0,5.193548387096774,1.0099255583126552,1755.0,4.354838709677419,34.03,-117.96,1.504
3.9803,35.0,5.201923076923077,1.060897435897436,1462.0,4.685897435897436,34.03,-117.96,1.526
3.7578,33.0,4.554858934169279,1.0219435736677116,1609.0,5.043887147335423,34.03,-117.95,1.558
2.7361,35.0,4.491620111731844,0.888268156424581,727.0,4.06145251396648,34.03,-117.95,1.457
4.6364,35.0,4.67910447761194,0.9813432835820896,1092.0,4.074626865671642,34.05,-117.96,1.631
3.0904,36.0,5.193661971830986,0.9507042253521126,1149.0,4.045774647887324,34.05,-117.96,1.586
4.375,35.0,5.173913043478261,1.0909090909090908,1113.0,4.399209486166008,34.05,-117.95,1.565
4.7679,36.0,5.092682926829268,0.975609756097561,982.0,4.790243902439024,34.04,-117.95,1.539
3.1591,35.0,5.382075471698113,1.0,924.0,4.358490566037736,34.04,-117.96,1.483
4.7955,33.0,5.673151750972763,1.0428015564202335,1115.0,4.33852140077821,34.04,-117.96,1.581
4.025,34.0,5.152985074626866,0.9888059701492538,1020.0,3.805970149253731,34.04,-117.96,1.469
3.7258,32.0,5.244736842105263,1.0210526315789474,1385.0,3.6447368421052633,34.05,-117.96,1.819
3.7708,34.0,5.33641975308642,1.0,1341.0,4.138888888888889,34.05,-117.94,1.635
3.5592,36.0,4.284431137724551,1.059880239520958,1367.0,4.092814371257485,34.04,-117.94,1.602
3.8409,34.0,5.459143968871596,1.066147859922179,977.0,3.801556420233463,34.04,-117.94,1.63
3.3409,34.0,5.0633333333333335,1.0133333333333334,1262.0,4.206666666666667,34.05,-117.94,1.612
3.494,31.0,4.508637236084453,1.034548944337812,2028.0,3.892514395393474,34.05,-117.95,1.545
3.8864,33.0,4.2175141242937855,0.9350282485875706,1571.0,4.437853107344632,34.04,-117.94,1.589
2.274,27.0,3.48,1.128,2296.0,3.061333333333333,34.04,-117.95,1.508
3.83,35.0,5.593283582089552,1.078358208955224,1112.0,4.149253731343284,34.03,-117.94,1.49
4.0521,35.0,5.753138075313808,1.0418410041841004,1015.0,4.2468619246861925,34.03,-117.94,1.518
3.3389,33.0,4.73936170212766,1.047872340425532,1517.0,4.034574468085107,34.03,-117.95,1.579
2.1863,23.0,3.795238095238095,0.9952380952380953,3883.0,4.622619047619048,34.01,-117.93,1.576
4.2266,33.0,4.621333333333333,0.9626666666666668,1757.0,4.685333333333333,34.01,-117.93,1.538
3.871,27.0,5.404301075268817,1.0268817204301075,3899.0,4.19247311827957,34.02,-117.94,1.629
3.875,19.0,4.951754385964913,1.131578947368421,900.0,3.947368421052632,34.02,-117.95,1.356
4.2578,22.0,5.2865013774104685,1.1322314049586777,1203.0,3.31404958677686,34.02,-117.95,1.441
4.1118,35.0,6.208333333333333,1.0787037037037035,898.0,4.157407407407407,34.03,-117.92,1.573
3.975,32.0,4.850666666666666,1.0,1728.0,4.608,34.03,-117.92,1.624
3.9219,35.0,4.76948051948052,0.9935064935064936,1285.0,4.172077922077922,34.03,-117.92,1.595
3.8581,35.0,5.359801488833747,0.9900744416873448,1694.0,4.20347394540943,34.03,-117.93,1.631
4.7917,30.0,5.211136890951276,1.034802784222738,1837.0,4.262180974477959,34.03,-117.93,1.645
4.9342,23.0,5.735798016230839,1.053201082055906,4580.0,4.129846708746618,34.04,-117.93,1.81
4.8854,30.0,5.280632411067193,0.9446640316205532,905.0,3.577075098814229,34.04,-117.93,1.781
4.6324,15.0,5.173861620342993,1.0413956238911886,5278.0,3.121230041395624,34.04,-117.91,1.688
4.6587,36.0,5.002232142857143,0.9352678571428572,1743.0,3.890625,34.05,-117.92,1.619
4.7589,16.0,5.200923787528868,1.02540415704388,4429.0,3.409545804464973,34.01,-117.88,1.782
3.6308,21.0,5.022079116835327,0.999080036798528,3394.0,3.1223551057957684,34.0,-117.88,1.921
3.6275,23.0,4.876344086021505,1.0268817204301075,3881.0,4.173118279569892,34.01,-117.89,1.541
3.7917,27.0,4.8352272727272725,1.0823863636363635,2091.0,5.940340909090909,34.01,-117.9,1.311
3.9702,27.0,4.823886639676114,0.9554655870445344,2079.0,4.208502024291498,34.01,-117.9,1.414
3.2799,17.0,4.860048820179007,1.1261187957689178,4349.0,3.5386493083807973,34.02,-117.91,1.993
5.0704,15.0,5.629955947136564,0.9955947136563876,8997.0,3.6031237484981977,34.02,-117.9,2.262
3.8201,22.0,5.01119104716227,1.0223820943245403,5587.0,4.466027178257394,34.02,-117.91,1.362
3.375,35.0,4.967479674796748,1.0308943089430895,3738.0,6.078048780487805,34.01,-117.92,1.272
3.75,29.0,5.318840579710145,1.1231884057971016,1390.0,5.036231884057971,34.04,-117.98,1.906
2.375,33.0,4.204819277108434,1.4939759036144578,460.0,5.542168674698795,34.02,-117.96,1.333
2.625,21.0,4.801204819277109,0.9759036144578314,484.0,2.915662650602409,34.03,-117.98,1.911
3.443,18.0,4.731107205623902,1.0480374926772116,5325.0,3.1195079086115998,33.99,-117.9,1.719
3.8125,36.0,3.3142857142857145,0.8571428571428571,193.0,5.514285714285714,34.0,-117.92,1.363
3.9375,32.0,5.3,1.02,170.0,3.4,34.0,-117.88,1.875
4.0324,22.0,5.5363790186125215,1.0456852791878173,1784.0,3.018612521150592,33.99,-117.89,2.113
4.9271,21.0,5.111711711711712,0.927927927927928,2031.0,3.6594594594594594,33.99,-117.87,2.097
3.8125,37.0,3.942196531791907,0.9942196531791908,813.0,4.699421965317919,34.05,-118.01,1.38
3.185,30.0,4.7633262260127935,1.0223880597014925,4027.0,4.29317697228145,34.04,-117.99,1.683
5.065,27.0,5.766871165644171,1.023517382413088,3538.0,3.61758691206544,34.04,-118.02,2.154
5.257,25.0,6.163247100802854,1.0294380017841214,3912.0,3.489741302408564,34.03,-118.0,2.261
3.1979,32.0,4.516871165644171,0.9984662576687116,2044.0,3.1349693251533743,34.02,-117.98,1.839
4.4653,33.0,5.872909698996655,1.05685618729097,1971.0,3.2959866220735785,34.02,-117.98,1.932
5.7057,27.0,6.937007874015748,1.0971128608923884,1344.0,3.52755905511811,34.01,-117.98,2.621
3.7459,33.0,5.198821796759941,1.0309278350515465,2959.0,4.357879234167894,34.01,-117.97,1.529
3.7083,33.0,5.797687861271676,1.1011560693641618,1410.0,4.07514450867052,34.01,-117.97,1.655
3.8319,28.0,5.4032697547683926,1.021798365122616,1407.0,3.833787465940055,34.0,-117.97,1.79
4.1328,34.0,5.291759465478842,1.042316258351893,1858.0,4.138084632516704,34.0,-117.95,1.763
4.4038,33.0,5.975929978118162,1.0415754923413567,3527.0,3.858862144420131,34.0,-117.96,1.867
4.5163,34.0,5.319923371647509,1.0344827586206895,1954.0,3.743295019157088,34.0,-117.96,1.838
2.5125,5.0,4.817472698907956,1.109204368174727,1415.0,2.207488299531981,33.98,-117.89,1.845
3.253,20.0,4.582213987957387,1.0574339972209357,7228.0,3.347846225104215,33.98,-117.9,1.867
5.4155,23.0,6.541814946619217,1.1165480427046264,4014.0,3.5711743772241995,33.97,-117.9,2.132
1.4722,4.0,3.769647696476965,1.3712737127371273,727.0,1.970189701897019,34.06,-117.74,1.375
4.4821,33.0,6.22463768115942,1.0434782608695652,421.0,3.050724637681159,34.15,-117.94,2.201
5.411,33.0,5.890909090909091,1.029090909090909,868.0,3.1563636363636363,34.14,-117.94,2.194
4.5594,13.0,5.084321475625823,0.9354413702239788,2283.0,3.007905138339921,34.14,-117.95,1.845
3.038,33.0,5.504249291784703,1.246458923512748,1526.0,4.3229461756373935,34.14,-117.95,1.375
2.5275,27.0,4.246653919694072,1.036328871892925,1328.0,2.539196940726577,34.14,-117.96,1.517
3.766,33.0,4.947890818858561,1.0049627791563276,993.0,2.464019851116625,34.14,-117.96,1.639
3.9464,9.0,4.675257731958763,1.0670103092783505,619.0,3.1907216494845363,34.14,-117.96,1.796
2.6014,15.0,4.099201824401368,1.0992018244013684,1839.0,2.096921322690992,34.14,-117.97,1.503
3.1094,33.0,4.036474164133739,1.0577507598784197,903.0,2.74468085106383,34.14,-117.97,1.36
3.4375,42.0,4.949275362318841,0.9202898550724636,541.0,3.920289855072464,34.13,-117.97,1.517
3.0417,24.0,4.534090909090909,1.1022727272727273,1329.0,3.7755681818181817,34.14,-117.98,1.48
3.4777,33.0,4.345415778251599,1.0085287846481876,1546.0,3.29637526652452,34.13,-117.97,1.445
4.0083,37.0,4.989655172413793,1.0655172413793104,1279.0,4.410344827586207,34.13,-117.98,1.429
3.6806,29.0,4.709821428571429,1.0267857142857142,1890.0,4.21875,34.13,-117.98,1.305
4.2407,40.0,5.6943620178041545,1.032640949554896,1851.0,2.746290801186944,34.16,-117.99,2.62
4.275,48.0,5.302469135802469,1.0385802469135803,1540.0,2.376543209876543,34.15,-118.0,2.568
3.735,23.0,4.88622754491018,1.091317365269461,1475.0,2.2080838323353293,34.13,-118.05,2.183
3.292,28.0,4.444891980959356,1.0519956060051263,5359.0,1.9622848773343096,34.13,-118.06,2.273
2.6316,34.0,5.4120603015075375,1.2914572864321607,478.0,2.402010050251256,34.14,-118.02,2.528
3.0727,31.0,4.197685631629701,1.077145612343298,2338.0,2.2545805207328837,34.14,-118.03,2.426
2.8352,20.0,4.502688172043011,1.1169354838709675,1816.0,2.4408602150537635,34.14,-118.01,1.617
3.52,23.0,4.698216735253772,1.0342935528120714,2202.0,3.0205761316872426,34.14,-118.01,1.873
3.5878,31.0,4.497375328083989,1.0354330708661417,4131.0,2.7106299212598426,34.14,-118.02,2.228
3.1304,44.0,4.181208053691275,1.0251677852348993,1951.0,3.273489932885906,34.15,-117.99,1.856
2.5417,43.0,4.186385737439222,1.0259319286871962,1544.0,2.502431118314425,34.15,-118.0,1.783
3.2377,32.0,4.521590130226183,1.0822481151473613,3689.0,2.528444139821796,34.15,-118.01,1.841
3.6336,27.0,5.319630872483222,1.0813758389261745,2899.0,2.432046979865772,34.14,-117.98,2.352
2.5625,30.0,4.949367088607595,1.1962025316455696,1988.0,4.194092827004219,34.14,-117.99,1.53
3.2841,24.0,5.137176938369781,1.0337972166998013,1869.0,3.7157057654075545,34.13,-118.0,1.67
1.0548,31.0,3.054117647058824,1.0141176470588236,1131.0,2.6611764705882357,34.14,-118.0,1.781
3.2723,39.0,4.474226804123711,1.041237113402062,800.0,2.7491408934707904,34.14,-118.0,1.669
3.5481,35.0,4.547511312217194,1.013574660633484,742.0,3.3574660633484164,34.13,-118.0,1.581
2.9605,37.0,4.48,1.06,1618.0,4.622857142857143,34.13,-117.99,1.294
3.2857,37.0,4.712962962962963,1.021604938271605,1504.0,4.641975308641976,34.12,-117.99,1.301
2.5395,35.0,4.297520661157025,0.9545454545454546,1040.0,4.297520661157025,34.12,-117.99,1.392
3.9219,37.0,4.024024024024024,0.975975975975976,928.0,2.7867867867867866,34.12,-118.0,1.75
4.625,42.0,5.304878048780488,1.0365853658536586,546.0,3.3292682926829267,34.12,-118.0,1.738
4.0729,38.0,5.271875,1.0484375,1906.0,2.978125,34.13,-118.01,2.123
4.5491,43.0,5.984848484848484,1.0454545454545454,657.0,3.3181818181818183,34.12,-118.01,2.148
2.5114,32.0,4.208510638297873,1.1404255319148937,826.0,1.7574468085106385,34.11,-118.01,2.122
3.5625,43.0,5.64741641337386,1.0486322188449848,1054.0,3.2036474164133737,34.11,-118.01,2.116
4.2132,36.0,5.3478260869565215,0.9937888198757764,794.0,2.4658385093167703,34.11,-118.01,2.122
4.733,36.0,5.239130434782608,0.9809782608695652,1008.0,2.739130434782609,34.1,-118.02,2.337
1.9688,36.0,5.445783132530121,0.963855421686747,248.0,2.9879518072289155,34.1,-118.02,2.26
4.625,39.0,5.762452107279693,1.0727969348659003,718.0,2.7509578544061304,34.11,-118.02,2.19
4.4236,38.0,5.78140703517588,1.0452261306532664,1079.0,2.7110552763819094,34.1,-118.03,2.336
2.7857,30.0,5.135185185185185,1.174074074074074,1376.0,2.5481481481481483,34.1,-118.03,2.017
3.94,31.0,5.090384615384616,1.0365384615384616,1473.0,2.832692307692308,34.1,-118.03,2.239
2.9422,32.0,4.931608133086876,1.1256931608133087,1512.0,2.7948243992606283,34.1,-118.03,2.331
3.6639,25.0,5.126482213438735,1.1172595520421609,1848.0,2.4347826086956523,34.12,-118.06,2.481
2.7656,36.0,5.286407766990291,1.1771844660194175,914.0,2.218446601941748,34.11,-118.06,2.395
3.0854,39.0,5.344969199178645,1.1232032854209446,1196.0,2.455852156057495,34.11,-118.06,2.487
3.8646,38.0,5.302134646962233,1.0443349753694582,1599.0,2.625615763546798,34.1,-118.06,2.571
3.5761,43.0,5.4880239520958085,1.062874251497006,786.0,2.3532934131736525,34.1,-118.06,2.567
3.6995,38.0,5.288503253796096,0.9587852494577006,1308.0,2.837310195227765,34.1,-118.06,2.601
4.1488,38.0,5.438967136150235,1.0586854460093895,1155.0,2.711267605633803,34.1,-118.04,2.353
4.6211,34.0,5.525531914893617,0.9808510638297872,1542.0,3.2808510638297874,34.09,-118.04,2.489
4.2321,30.0,5.151442307692308,1.0264423076923077,1107.0,2.6610576923076925,34.1,-118.05,2.522
4.0625,38.0,5.487870619946092,1.045822102425876,1096.0,2.954177897574124,34.09,-118.06,2.625
3.244,36.0,5.227848101265823,1.0042194092827004,717.0,3.0253164556962027,34.09,-118.06,2.581
4.2898,40.0,5.224867724867725,1.029100529100529,1116.0,2.952380952380953,34.09,-118.06,2.516
2.5474,40.0,4.8879551820728295,1.0364145658263306,1293.0,3.6218487394957983,34.09,-118.07,1.981
4.0987,35.0,4.434782608695652,0.967391304347826,887.0,3.213768115942029,34.09,-118.07,2.024
2.9196,33.0,4.824528301886793,1.090566037735849,1715.0,3.2358490566037736,34.09,-118.08,2.088
3.7222,34.0,4.546134663341646,1.139650872817955,1485.0,3.703241895261845,34.09,-118.08,2.072
3.7066,32.0,4.279627163781624,0.9560585885486018,2316.0,3.0838881491344874,34.09,-118.08,2.068
3.8304,34.0,5.040302267002519,0.9773299748110832,1461.0,3.6801007556675054,34.09,-118.04,1.83
4.037,35.0,4.537549407114624,1.0197628458498025,975.0,3.8537549407114624,34.08,-118.04,1.733
2.8333,32.0,3.836676217765043,0.9570200573065902,817.0,2.340974212034384,34.09,-118.04,1.86
3.5268,23.0,4.894308943089431,1.0975609756097562,409.0,3.3252032520325203,34.09,-118.05,1.464
3.4286,32.0,4.345771144278607,0.9925373134328358,1199.0,2.982587064676617,34.09,-118.02,1.918
3.6944,29.0,4.048744460856721,0.9852289512555392,2449.0,3.617429837518464,34.08,-118.02,1.752
2.6917,24.0,4.351464435146443,1.0753138075313808,1976.0,4.133891213389122,34.09,-118.02,1.7
2.8029,29.0,3.773993808049536,1.0464396284829722,1152.0,3.56656346749226,34.09,-118.03,1.809
2.4464,32.0,3.920704845814978,1.066079295154185,1732.0,3.814977973568282,34.08,-118.03,1.696
3.4005,34.0,5.099773242630386,1.0430839002267571,1544.0,3.5011337868480727,34.1,-118.0,1.763
3.6094,29.0,4.930434782608696,1.082608695652174,2331.0,3.378260869565217,34.09,-118.01,1.792
3.8085,27.0,4.351885098743267,0.9730700179533214,1713.0,3.0754039497307,34.1,-118.01,1.814
3.4609,35.0,5.234567901234568,1.017283950617284,1375.0,3.3950617283950617,34.1,-118.01,1.663
3.994,29.0,5.502747252747253,1.1016483516483515,1520.0,4.175824175824176,34.08,-118.0,1.953
3.6531,30.0,4.562,1.044,1969.0,3.938,34.08,-118.01,1.663
2.6071,28.0,4.76592082616179,1.0860585197934596,2452.0,4.220309810671257,34.08,-118.02,1.759
4.275,35.0,5.337175792507205,1.031700288184438,1414.0,4.07492795389049,34.08,-118.01,1.736
3.1944,32.0,3.992574257425743,0.8935643564356436,1283.0,3.1757425742574257,34.09,-118.01,1.817
4.6467,23.0,5.629757785467128,1.1003460207612457,1279.0,4.42560553633218,34.08,-118.0,1.851
2.3333,31.0,3.983416252072968,1.0480928689883913,2830.0,4.693200663349917,34.08,-118.02,1.642
3.25,37.0,4.2349726775956285,0.9781420765027322,726.0,3.9672131147540974,34.08,-118.03,1.592
2.9688,42.0,4.536931818181818,1.0596590909090908,1311.0,3.7244318181818175,34.08,-118.03,1.628
2.3611,52.0,2.36,0.7866666666666666,269.0,3.5866666666666664,34.07,-118.04,1.313
2.0433,34.0,3.142857142857143,0.8461538461538461,752.0,4.131868131868132,34.08,-118.05,1.388
2.7254,25.0,3.796597061098221,1.099767981438515,4983.0,3.853828306264501,34.08,-118.05,1.435
2.4914,30.0,3.6728971962616814,0.9976635514018692,1857.0,4.338785046728972,34.08,-118.05,1.592
2.5119,37.0,3.9292929292929295,1.0353535353535352,850.0,4.292929292929293,34.08,-118.06,1.805
3.4202,34.0,4.885714285714286,1.0612244897959184,942.0,3.8448979591836734,34.08,-118.06,1.891
3.2569,42.0,4.945273631840796,1.0,1239.0,3.082089552238806,34.08,-118.06,2.015
3.2312,38.0,4.5762081784386615,1.0278810408921932,1843.0,3.425650557620818,34.08,-118.07,2.119
3.125,19.0,4.2,1.0621621621621622,1427.0,3.8567567567567567,34.07,-118.07,2.071
2.806,37.0,4.979423868312757,1.037037037037037,733.0,3.016460905349794,34.08,-118.07,2.146
3.2373,32.0,4.340096618357488,1.038647342995169,4119.0,3.979710144927536,34.07,-118.05,1.831
2.3929,30.0,3.340086830680174,0.975397973950796,3034.0,4.3907380607814765,34.07,-118.06,1.844
3.1042,37.0,4.508264462809917,1.1115702479338845,905.0,3.739669421487603,34.07,-118.03,1.52
2.1453,36.0,3.4863013698630136,1.0445205479452055,1307.0,4.476027397260274,34.06,-118.03,1.621
3.8125,39.0,4.487012987012987,1.0227272727272727,1090.0,3.538961038961039,34.07,-118.04,1.74
2.3098,39.0,3.782407407407408,1.001543209876543,2536.0,3.91358024691358,34.07,-118.04,1.731
2.9334,22.0,4.334478021978022,1.0796703296703296,6666.0,4.578296703296704,34.07,-118.01,1.826
2.7721,26.0,2.841836734693877,0.7806122448979592,455.0,2.321428571428572,34.06,-118.01,1.554
2.2559,24.0,3.837947332883187,1.0027008777852802,6626.0,4.474004051316678,34.07,-118.01,1.668
2.3236,21.0,3.6583990980834273,1.0811724915445322,3528.0,3.9774520856820734,34.07,-118.02,1.563
2.4706,31.0,4.156593406593407,1.0686813186813189,1396.0,3.8351648351648353,34.06,-118.03,1.706
2.1094,24.0,2.843446601941748,1.0121359223300972,3537.0,4.29247572815534,34.06,-118.03,1.352
2.4875,27.0,3.4573002754820936,1.078512396694215,3481.0,4.794765840220386,34.06,-118.03,1.578
2.1383,31.0,3.334494773519164,1.0278745644599303,1300.0,4.529616724738676,34.06,-118.04,1.534
3.1875,30.0,4.171487603305785,1.1384297520661155,2481.0,5.12603305785124,34.06,-118.04,1.542
3.2132,39.0,5.517543859649122,1.0745614035087718,988.0,4.333333333333333,34.06,-118.04,1.761
2.1781,32.0,3.4900763358778626,0.998473282442748,2991.0,4.566412213740458,34.06,-118.05,1.745
2.1406,45.0,3.198795180722892,0.9879518072289156,722.0,4.349397590361446,34.06,-118.05,1.625
3.023,25.0,3.441077441077441,0.9797979797979798,1570.0,5.286195286195286,34.06,-118.05,1.42
2.5763,28.0,3.4306451612903226,1.0080645161290325,3160.0,5.096774193548387,34.06,-118.06,1.739
1.9189,28.0,3.097560975609756,1.0540069686411149,2184.0,3.804878048780488,34.06,-118.06,1.659
3.5156,31.0,4.945848375451264,1.0252707581227436,1062.0,3.833935018050541,34.07,-118.07,1.993
3.29,32.0,4.281675392670157,1.0209424083769634,3775.0,3.952879581151832,34.07,-118.08,2.055
2.5985,34.0,4.110157367668097,1.0271816881258942,2758.0,3.945636623748212,34.06,-118.07,1.686
2.6579,32.0,4.760456273764259,1.038022813688213,1337.0,5.083650190114068,34.05,-118.04,1.568
3.7279,36.0,5.447236180904523,1.015075376884422,920.0,4.623115577889447,34.05,-118.05,1.622
2.6288,28.0,4.406976744186046,1.055232558139535,1011.0,2.938953488372093,34.04,-118.06,1.603
2.5445,24.0,3.467696629213483,1.026685393258427,3818.0,5.362359550561798,34.06,-118.03,1.514
3.0536,34.0,4.620087336244541,1.004366812227074,1043.0,4.554585152838428,34.05,-118.04,1.375
3.0,35.0,5.040697674418604,1.055232558139535,1527.0,4.438953488372093,34.04,-118.04,1.606
3.5,32.0,4.733918128654971,0.9444444444444444,1492.0,4.362573099415204,34.04,-118.04,1.651
4.2917,33.0,5.245136186770428,1.0116731517509727,1098.0,4.272373540856031,34.04,-118.05,1.612
2.375,36.0,2.333333333333333,0.7777777777777778,21.0,2.333333333333333,34.03,-118.06,1.75
2.2577,26.0,3.5850673194614444,1.1872705018359853,3792.0,4.641370869033048,34.06,-118.02,1.738
2.5562,34.0,3.1692913385826773,1.0098425196850394,2050.0,4.035433070866142,34.05,-118.02,1.563
2.7955,36.0,3.672972972972973,0.8567567567567568,1557.0,4.208108108108108,34.05,-118.03,1.575
3.5129,36.0,4.352750809061488,1.0711974110032365,1511.0,4.889967637540453,34.05,-118.03,1.423
2.1602,31.0,3.0842391304347827,0.9646739130434784,1717.0,4.665760869565218,34.05,-118.01,1.617
2.3611,28.0,3.739622641509434,0.9622641509433962,1145.0,4.320754716981132,34.05,-118.02,1.67
3.0625,33.0,4.338028169014085,1.1038732394366195,2932.0,5.161971830985915,34.05,-118.02,1.658
2.8821,28.0,4.385653409090909,1.029119318181818,5041.0,3.5802556818181817,34.04,-118.02,1.581
5.6629,45.0,5.251082251082251,0.8917748917748918,529.0,2.29004329004329,34.2,-118.13,2.34
4.9312,46.0,6.052380952380952,1.1238095238095238,573.0,2.7285714285714286,34.2,-118.13,2.402
2.92,43.0,4.927051671732523,1.1094224924012157,1015.0,3.0851063829787235,34.19,-118.13,2.422
4.73,45.0,5.922570016474465,1.0197693574958815,1686.0,2.7775947281713345,34.19,-118.14,2.01
5.0953,39.0,5.94675925925926,0.9861111111111112,1282.0,2.967592592592593,34.2,-118.14,2.074
3.7932,37.0,5.50137741046832,0.9944903581267218,1037.0,2.8567493112947657,34.2,-118.15,2.103
4.1518,52.0,5.546583850931677,0.9503105590062112,1018.0,3.1614906832298137,34.2,-118.15,1.821
4.5,46.0,5.594795539033457,0.9702602230483272,857.0,3.1858736059479558,34.2,-118.15,1.842
5.4727,34.0,6.312785388127854,1.1757990867579908,1422.0,3.246575342465753,34.21,-118.15,2.389
3.2216,48.0,4.853403141361256,0.9424083769633508,1126.0,2.947643979057592,34.19,-118.15,1.616
3.6094,47.0,5.820338983050847,1.064406779661017,868.0,2.942372881355932,34.19,-118.15,1.607
4.25,40.0,5.302593659942363,1.031700288184438,1218.0,3.510086455331412,34.19,-118.16,1.779
3.8203,43.0,5.895765472312704,1.1172638436482083,988.0,3.218241042345277,34.2,-118.16,1.76
5.9845,40.0,7.317343173431734,1.099630996309963,853.0,3.1476014760147604,34.22,-118.18,2.417
2.2328,46.0,4.890350877192983,1.0701754385964912,1985.0,4.353070175438597,34.18,-118.15,1.421
2.0278,46.0,5.189024390243903,1.1341463414634143,1740.0,3.5365853658536586,34.17,-118.15,1.275
1.8932,44.0,4.782608695652174,0.9948849104859336,1345.0,3.4398976982097187,34.18,-118.16,1.361
2.4135,48.0,4.207407407407407,1.0740740740740742,559.0,4.140740740740741,34.18,-118.16,1.357
3.1741,52.0,5.398190045248869,1.0316742081447965,703.0,3.180995475113122,34.17,-118.16,1.638
2.8472,44.0,5.169741697416974,0.9077490774907748,607.0,2.2398523985239853,34.18,-118.17,2.188
3.3125,42.0,4.890675241157556,1.0289389067524115,1118.0,3.594855305466238,34.18,-118.15,1.549
2.2326,42.0,4.761467889908257,1.0596330275229358,1641.0,3.763761467889908,34.19,-118.16,1.492
3.5887,44.0,5.26378896882494,1.0767386091127098,1377.0,3.302158273381295,34.19,-118.16,1.535
4.375,38.0,5.40084388185654,0.9746835443037974,828.0,3.4936708860759493,34.18,-118.17,1.667
4.0985,45.0,5.737179487179487,1.0128205128205128,1035.0,3.3173076923076925,34.19,-118.17,1.731
4.0714,42.0,5.843501326259947,1.0928381962864722,1012.0,2.684350132625995,34.19,-118.13,2.34
3.5164,47.0,5.970639032815199,1.07426597582038,1700.0,2.936096718480138,34.18,-118.14,2.265
3.7222,49.0,5.846689895470384,0.9651567944250872,737.0,2.56794425087108,34.19,-118.14,2.37
2.3967,38.0,4.278728606356968,1.0048899755501222,1398.0,3.4180929095354524,34.19,-118.15,1.631
4.99,50.0,5.929701230228471,1.0509666080843585,1484.0,2.6080843585237257,34.17,-118.11,2.616
3.1115,46.0,5.167577413479052,1.0783242258652097,1453.0,2.6466302367941714,34.17,-118.11,2.346
3.4777,47.0,4.873180873180873,1.0665280665280663,1537.0,3.1954261954261955,34.18,-118.12,2.306
2.2692,37.0,4.449013157894737,1.111842105263158,1551.0,2.5509868421052637,34.17,-118.12,2.25
3.6094,52.0,5.171014492753623,1.0666666666666669,966.0,2.8,34.17,-118.13,2.615
3.9688,52.0,5.167173252279635,0.9635258358662614,996.0,3.027355623100304,34.18,-118.14,1.75
4.0524,52.0,5.291666666666667,0.9642857142857144,1681.0,3.3353174603174605,34.17,-118.14,1.731
2.7148,42.0,4.222052067381317,1.0918836140888208,2112.0,3.2343032159264933,34.17,-118.14,1.668
3.3068,50.0,4.622291021671827,1.0092879256965943,1000.0,3.095975232198142,34.18,-118.14,1.544
2.3,40.0,3.818840579710145,0.9094202898550724,1056.0,3.8260869565217392,34.17,-118.14,1.467
2.3029,45.0,4.472602739726027,1.1369863013698631,3117.0,5.337328767123288,34.18,-118.15,1.488
1.2891,18.0,4.12289156626506,0.9228915662650602,1474.0,3.5518072289156626,34.16,-118.15,1.813
2.2765,38.0,5.603174603174603,1.199546485260771,1661.0,3.766439909297052,34.16,-118.15,1.466
1.7321,44.0,4.919540229885057,1.0651340996168583,925.0,3.5440613026819925,34.16,-118.16,1.784
3.5909,46.0,5.913725490196079,1.0235294117647058,674.0,2.6431372549019607,34.17,-118.16,1.554
4.1518,43.0,6.105263157894737,1.0813397129186604,545.0,2.6076555023923444,34.16,-118.16,2.307
6.07,52.0,6.329317269076305,0.9598393574297188,696.0,2.7951807228915664,34.16,-118.16,2.618
7.3715,17.0,5.0060975609756095,0.9939024390243902,229.0,1.396341463414634,34.15,-118.16,2.63
2.575,39.0,3.591203104786546,1.0866752910737387,2546.0,3.2936610608020698,34.16,-118.14,1.535
1.5156,52.0,2.75,1.0810810810810811,227.0,1.5337837837837838,34.15,-118.14,1.875
1.6921,52.0,3.240740740740741,1.005050505050505,2258.0,3.8013468013468015,34.16,-118.15,1.625
2.3654,49.0,4.686046511627907,1.1569767441860466,698.0,4.058139534883721,34.15,-118.15,1.375
2.3062,34.0,4.414814814814815,1.1185185185185185,2073.0,3.838888888888889,34.17,-118.14,1.58
2.1377,30.0,3.3784135240572173,0.9843953185955788,2869.0,3.730819245773732,34.16,-118.14,1.423
1.6887,20.0,4.16955017301038,1.0934256055363325,2135.0,3.6937716262975777,34.16,-118.15,1.486
1.0846,36.0,3.1,0.9333333333333332,1024.0,3.4133333333333336,34.17,-118.15,1.464
3.2898,49.0,4.293216630196937,0.9518599562363238,1329.0,2.9080962800875274,34.17,-118.13,2.0
2.6217,36.0,3.792091836734694,1.0293367346938775,2846.0,3.630102040816327,34.16,-118.14,1.563
2.7201,52.0,4.939338235294118,1.1029411764705883,1716.0,3.1544117647058822,34.17,-118.14,2.057
2.2095,36.0,3.664406779661017,1.1152542372881356,1337.0,2.266101694915254,34.16,-118.13,1.767
2.8125,24.0,3.504672897196261,1.0623052959501558,579.0,1.8037383177570092,34.15,-118.13,1.417
0.8438,17.0,2.9079754601226995,1.0337423312883436,971.0,1.4892638036809815,34.15,-118.14,1.75
2.2174,38.0,3.517175572519084,1.0782442748091603,1449.0,2.765267175572519,34.16,-118.14,2.154
2.8631,30.0,4.42713567839196,1.0452261306532664,940.0,2.3618090452261304,34.16,-118.12,1.886
2.4817,33.0,3.875722543352601,1.0346820809248556,2050.0,2.96242774566474,34.16,-118.13,1.695
2.6038,18.0,4.269230769230769,1.2230769230769232,1095.0,2.8076923076923075,34.15,-118.13,1.556
2.1763,19.0,2.6273584905660377,1.018867924528302,673.0,3.1745283018867925,34.15,-118.12,1.688
3.0119,22.0,3.772009029345373,1.0835214446952597,1005.0,2.2686230248307,34.15,-118.12,1.714
3.1875,9.0,3.788808664259928,1.128158844765343,1252.0,2.259927797833935,34.15,-118.13,1.731
2.5903,28.0,3.4643962848297214,1.0340557275541795,739.0,2.2879256965944275,34.15,-118.13,1.25
4.0,52.0,5.142857142857143,0.9807692307692308,984.0,2.7032967032967035,34.16,-118.13,2.504
3.6719,52.0,5.465753424657534,1.0753424657534247,1024.0,3.506849315068493,34.16,-118.13,2.279
2.5664,52.0,4.3585365853658535,1.0414634146341464,1107.0,2.7,34.16,-118.13,2.15
3.0417,52.0,4.638115631691649,1.0342612419700214,1308.0,2.8008565310492504,34.17,-118.12,2.226
3.4583,52.0,4.421568627450981,0.8954248366013072,852.0,2.784313725490196,34.16,-118.11,2.399
2.6172,40.0,4.452054794520548,1.1621004566210045,1038.0,2.3698630136986303,34.15,-118.11,1.961
3.6474,26.0,3.923076923076923,0.998211091234347,1186.0,2.1216457960644006,34.15,-118.11,1.841
3.4167,35.0,4.583333333333333,1.1640625,984.0,2.5625,34.15,-118.12,1.982
5.0237,52.0,5.2559241706161135,1.0355450236966826,1211.0,2.8696682464454977,34.16,-118.12,2.419
3.0096,32.0,4.6350710900473935,1.0758293838862558,543.0,2.5734597156398102,34.15,-118.1,1.99
2.7431,14.0,4.204081632653061,1.075801749271137,782.0,2.2798833819241984,34.15,-118.1,1.775
4.5461,42.0,5.629032258064516,1.0725806451612905,1713.0,2.7629032258064514,34.16,-118.08,2.424
2.2321,46.0,4.927272727272728,1.3454545454545457,150.0,2.727272727272727,34.15,-118.09,2.375
3.5568,52.0,6.090909090909091,1.2818181818181815,268.0,2.4363636363636365,34.15,-118.09,2.05
4.3452,49.0,5.642307692307693,0.9961538461538462,688.0,2.646153846153846,34.15,-118.09,2.601
3.4087,45.0,4.67948717948718,1.0128205128205128,672.0,2.871794871794872,34.15,-118.07,2.092
3.375,42.0,5.095541401273885,1.0907643312101911,1668.0,2.656050955414013,34.14,-118.07,2.604
3.1729,45.0,5.2196428571428575,1.0785714285714283,1903.0,3.398214285714286,34.14,-118.08,2.187
2.8007,45.0,4.113149847094801,1.08868501529052,749.0,2.290519877675841,34.15,-118.09,2.109
3.6572,26.0,4.160797342192691,1.0930232558139534,3001.0,1.9940199335548168,34.14,-118.1,2.132
3.1033,25.0,3.6114044350580783,1.0316789862724394,1718.0,1.814149947201689,34.14,-118.12,2.179
3.4531,23.0,4.021339220014717,1.099337748344371,2511.0,1.847682119205298,34.14,-118.13,2.109
3.2643,29.0,3.688082901554404,1.0715025906735751,1658.0,1.7181347150259068,34.14,-118.13,1.639
3.6997,24.0,3.991812865497076,1.1005847953216374,4210.0,1.6413255360623782,34.14,-118.14,2.25
3.875,27.0,3.620772946859904,1.0289855072463767,755.0,1.8236714975845407,34.14,-118.15,2.583
1.625,52.0,3.8380952380952382,1.1142857142857143,361.0,3.4380952380952383,34.14,-118.15,1.875
4.9167,16.0,4.558109833971903,1.0485312899106003,1505.0,1.922094508301405,34.13,-118.14,2.511
3.6389,34.0,3.868544600938967,1.051643192488263,430.0,2.0187793427230045,34.13,-118.15,2.15
3.301,27.0,4.439624853458382,1.0703399765533412,1992.0,2.335287221570926,34.13,-118.07,2.512
3.5671,28.0,4.704952581664911,1.0379346680716544,2273.0,2.3951527924130662,34.13,-118.08,2.285
3.6827,34.0,5.197508896797153,1.1405693950177935,1541.0,2.7419928825622777,34.12,-118.08,2.641
3.1576,47.0,5.333333333333333,1.2435897435897436,419.0,2.685897435897436,34.11,-118.07,2.25
3.9464,42.0,5.024856596558317,1.0038240917782026,1494.0,2.8565965583174,34.11,-118.08,2.572
3.0819,32.0,5.370018975332068,1.223908918406072,1500.0,2.846299810246679,34.1,-118.08,2.146
2.5663,19.0,3.9004267425320056,1.0753911806543386,1396.0,1.985775248933144,34.1,-118.13,1.975
2.7816,21.0,3.50453720508167,1.0762250453720508,2773.0,2.516333938294011,34.09,-118.13,1.882
3.1103,26.0,3.9507772020725382,1.0686528497409329,2153.0,2.788860103626943,34.1,-118.13,2.141
2.918,20.0,3.690578158458244,1.0781584582441113,2622.0,2.807280513918629,34.09,-118.14,2.087
3.1975,24.0,4.218608852755194,1.070460704607046,2478.0,2.238482384823848,34.1,-118.13,2.524
2.8919,52.0,5.140506329113924,1.089873417721519,2290.0,2.8987341772151898,34.1,-118.14,2.584
3.4018,52.0,5.128378378378378,1.162162162162162,725.0,2.449324324324324,34.12,-118.15,2.045
3.7235,48.0,4.662393162393163,1.0085470085470083,632.0,2.700854700854701,34.11,-118.16,2.636
3.108,27.0,4.365487674169346,1.0857449088960345,2411.0,2.584137191854233,34.1,-118.14,2.31
2.8062,27.0,5.06544502617801,1.2041884816753927,1456.0,3.81151832460733,34.09,-118.15,1.928
4.4306,52.0,5.4665012406947895,1.066997518610422,1238.0,3.0719602977667493,34.09,-118.15,2.258
3.1204,52.0,4.051764705882353,1.0541176470588236,1122.0,2.64,34.09,-118.16,2.24
3.1211,36.0,4.243961352657005,0.9879227053140096,2277.0,2.75,34.1,-118.15,2.293
3.125,44.0,4.11328125,0.98046875,941.0,3.67578125,34.08,-118.15,2.056
3.3988,48.0,4.697585768742059,1.036848792884371,2446.0,3.108005082592122,34.08,-118.15,1.992
2.7483,28.0,4.106508875739645,1.111439842209073,2934.0,2.893491124260355,34.09,-118.14,2.188
2.85,38.0,3.793478260869565,0.9934782608695653,1547.0,3.3630434782608694,34.09,-118.14,2.19
2.7036,24.0,3.8568665377176017,1.0618955512572534,2909.0,2.8133462282398454,34.08,-118.14,1.7
2.3464,30.0,4.141618497109826,1.1473988439306355,1110.0,3.208092485549133,34.08,-118.14,1.917
2.9405,24.0,3.7675879396984926,0.9874371859296482,2937.0,3.689698492462312,34.08,-118.14,2.178
3.665,52.0,4.088235294117647,0.8529411764705882,523.0,3.0764705882352943,34.07,-118.14,2.204
3.3229,44.0,4.412280701754386,0.9539473684210528,1454.0,3.18859649122807,34.1,-118.11,2.266
3.2307,25.0,3.757716049382716,1.0578703703703705,3518.0,2.7145061728395063,34.09,-118.12,1.884
3.0078,42.0,3.333333333333333,1.0095238095238095,662.0,3.1523809523809523,34.09,-118.13,1.917
2.2214,42.0,3.729257641921397,1.1368267831149927,1936.0,2.8180494905385736,34.09,-118.13,2.19
2.575,40.0,4.329596412556054,1.006726457399103,1367.0,3.0650224215246635,34.08,-118.13,2.284
2.7436,27.0,4.159169550173011,1.0602076124567474,3620.0,2.5051903114186853,34.1,-118.09,2.017
2.6553,41.0,4.462783171521036,1.019417475728155,1249.0,4.042071197411003,34.1,-118.1,1.831
2.3462,36.0,4.272,0.984,949.0,3.796,34.09,-118.09,1.885
4.2833,44.0,5.079913606911447,1.0453563714902807,1517.0,3.2764578833693303,34.09,-118.1,2.58
3.81,29.0,4.4734411085450345,1.0346420323325636,1352.0,3.1224018475750577,34.1,-118.1,2.346
3.3801,20.0,4.186991869918699,1.086720867208672,2109.0,2.8577235772357725,34.1,-118.11,1.925
2.34,34.0,4.178282009724473,1.0453808752025933,1628.0,2.6385737439222043,34.1,-118.1,2.109
3.4375,34.0,4.409001956947162,1.0215264187866928,1262.0,2.4696673189823874,34.1,-118.07,2.598
3.6083,33.0,5.445,1.1125,1153.0,2.8825,34.09,-118.07,2.12
3.2361,28.0,3.654054054054054,0.9567567567567568,543.0,2.935135135135136,34.1,-118.07,1.875
3.3512,32.0,4.224308300395257,1.048418972332016,2812.0,2.7786561264822134,34.1,-118.07,2.141
3.5313,36.0,5.026266416510319,1.0281425891181988,1605.0,3.0112570356472794,34.1,-118.08,2.132
3.6696,40.0,5.230769230769231,1.0796703296703296,1183.0,3.25,34.1,-118.09,2.104
3.9219,38.0,4.77020202020202,1.0277777777777777,1330.0,3.3585858585858586,34.08,-118.08,2.052
2.9688,43.0,4.44559585492228,1.0414507772020725,1343.0,3.479274611398964,34.08,-118.08,2.114
3.0125,40.0,3.8513513513513513,0.9369369369369368,745.0,3.355855855855856,34.09,-118.09,2.24
2.6901,34.0,4.502976190476191,1.1428571428571428,986.0,2.9345238095238093,34.08,-118.09,2.356
3.0357,33.0,4.359756097560975,1.048780487804878,1165.0,3.551829268292683,34.08,-118.09,2.06
3.1607,42.0,4.341991341991342,1.0216450216450217,769.0,3.329004329004329,34.08,-118.09,2.183
4.875,42.0,5.347985347985348,1.0586080586080586,829.0,3.0366300366300365,34.09,-118.1,2.273
2.543,37.0,4.550314465408805,1.0361635220125789,1977.0,3.108490566037736,34.08,-118.1,2.081
2.6884,24.0,3.637096774193549,1.0451612903225806,3985.0,3.213709677419355,34.08,-118.1,2.046
3.8906,46.0,5.426923076923077,1.0096153846153846,1434.0,2.757692307692308,34.09,-118.1,2.383
3.3966,42.0,4.940809968847352,1.0031152647975077,1829.0,2.8489096573208723,34.08,-118.11,2.432
3.3421,30.0,5.032119914346895,1.0107066381156318,945.0,2.02355460385439,34.08,-118.11,2.01
4.5446,45.0,5.3951219512195125,1.102439024390244,779.0,3.8,34.08,-118.11,2.448
5.2719,46.0,5.406698564593301,1.0956937799043065,698.0,3.339712918660287,34.07,-118.11,2.444
2.6981,25.0,3.946330777656079,1.098576122672508,2719.0,2.978094194961665,34.09,-118.12,2.08
5.3032,52.0,5.095744680851064,1.0283687943262412,980.0,3.475177304964539,34.08,-118.12,2.457
2.6716,34.0,3.9588477366255135,1.0195473251028806,2814.0,2.8950617283950617,34.08,-118.13,2.271
3.0,35.0,3.6141479099678455,0.9887459807073956,1762.0,2.832797427652733,34.08,-118.12,2.539
2.5787,35.0,4.14662273476112,1.0906095551894563,1883.0,3.102141680395387,34.08,-118.13,2.23
3.2344,36.0,4.321492007104796,1.0390763765541742,1565.0,2.7797513321492007,34.08,-118.12,2.349
3.085,32.0,4.433962264150943,1.009433962264151,1404.0,3.311320754716981,34.07,-118.13,2.205
3.0592,45.0,4.5501285347043705,1.0874035989717223,1410.0,3.6246786632390746,34.07,-118.12,2.125
2.025,43.0,4.30327868852459,1.0327868852459017,820.0,3.360655737704918,34.07,-118.12,2.156
2.2261,23.0,3.63914373088685,1.0611620795107033,965.0,2.951070336391437,34.06,-118.12,2.118
1.1875,17.0,3.017605633802817,1.0070422535211268,1590.0,2.7992957746478875,34.06,-118.13,1.839
2.3664,20.0,3.685121107266436,1.1314878892733564,1870.0,3.235294117647059,34.07,-118.13,1.922
2.4599,17.0,3.3465798045602604,1.0514657980456026,4945.0,3.221498371335505,34.06,-118.12,1.816
2.3393,19.0,3.695402298850575,1.042528735632184,3072.0,3.5310344827586206,34.07,-118.11,2.023
2.3224,18.0,3.711237553342817,1.0256045519203414,2221.0,3.159317211948791,34.06,-118.11,1.923
4.1902,42.0,4.818604651162791,0.9255813953488372,656.0,3.0511627906976746,34.07,-118.14,2.35
3.7857,39.0,5.66350710900474,1.052132701421801,1246.0,2.9526066350710902,34.06,-118.14,2.457
4.7569,37.0,5.626050420168068,1.084033613445378,706.0,2.966386554621849,34.06,-118.14,2.538
3.2875,52.0,5.990936555891238,1.039274924471299,887.0,2.6797583081570995,34.07,-118.15,2.344
2.4348,44.0,4.868263473053892,1.1467065868263473,1063.0,3.182634730538922,34.07,-118.15,2.207
3.8644,47.0,5.336898395721925,0.9679144385026738,1651.0,2.942959001782531,34.07,-118.16,2.415
3.6364,42.0,5.087533156498674,1.030503978779841,2118.0,2.8090185676392574,34.07,-118.16,2.546
3.125,40.0,5.36,1.02,940.0,4.7,34.07,-118.15,2.427
3.505,28.0,4.410755148741419,1.0549199084668193,2517.0,2.879862700228833,34.06,-118.15,2.043
2.8672,30.0,4.635616438356164,1.0904109589041096,1130.0,3.095890410958904,34.06,-118.13,1.985
3.3906,27.0,5.074324324324325,1.0444015444015444,3496.0,3.3745173745173744,34.06,-118.14,2.372
3.875,39.0,5.386819484240688,1.0515759312320916,954.0,2.7335243553008595,34.05,-118.14,2.364
2.5321,35.0,4.196601941747573,1.0631067961165048,1308.0,3.174757281553398,34.06,-118.12,1.972
2.4286,25.0,4.0462633451957295,1.0427046263345197,800.0,2.846975088967972,34.06,-118.12,2.333
3.1892,25.0,4.037037037037037,1.0264550264550265,1304.0,3.4497354497354498,34.06,-118.12,2.147
2.1061,32.0,3.4592391304347827,0.9347826086956522,1148.0,3.119565217391304,34.06,-118.11,2.147
2.8229,16.0,4.700389105058366,1.0992217898832686,1750.0,3.404669260700389,34.06,-118.11,1.637
2.9764,14.0,4.578397212543554,1.1637630662020906,2208.0,3.846689895470383,34.06,-118.11,1.603
2.5938,45.0,4.6328125,1.0390625,481.0,3.7578125,34.07,-118.09,1.993
3.2578,38.0,4.408510638297872,0.9617021276595744,1058.0,4.502127659574468,34.07,-118.09,1.842
2.5,21.0,4.087878787878788,1.0666666666666669,1188.0,3.6,34.08,-118.1,1.821
2.5964,29.0,3.8279220779220777,1.0162337662337662,1255.0,4.074675324675325,34.07,-118.1,1.768
3.3088,39.0,4.568345323741007,1.0755395683453235,1073.0,3.8597122302158273,34.07,-118.11,1.866
2.4931,36.0,3.668639053254438,1.032544378698225,1383.0,4.091715976331361,34.07,-118.1,1.703
2.5104,36.0,3.932330827067669,1.0268528464017186,3816.0,4.098818474758325,34.07,-118.1,1.85
3.175,26.0,4.670588235294118,1.0705882352941176,709.0,4.170588235294118,34.07,-118.09,1.708
2.25,33.0,3.298464491362764,1.0374280230326296,3817.0,3.663147792706334,34.07,-118.1,2.037
3.0347,45.0,4.5375,0.9125,568.0,3.55,34.07,-118.09,1.832
2.3424,31.0,4.0852713178294575,0.9767441860465116,1032.0,4.0,34.07,-118.09,1.885
2.6094,30.0,3.8747553816046967,1.0802348336594911,2264.0,4.430528375733855,34.06,-118.09,1.794
2.629,38.0,3.905683192261185,1.0157194679564692,3485.0,4.214026602176542,34.06,-118.09,1.716
4.7222,20.0,5.164456233421751,1.013262599469496,3273.0,2.893899204244032,34.04,-118.08,1.851
2.2083,31.0,4.441860465116279,1.12015503875969,1163.0,4.507751937984496,34.06,-118.09,1.856
2.9524,31.0,3.933793103448276,1.0206896551724138,3100.0,4.275862068965517,34.06,-118.1,1.788
3.25,36.0,3.9972677595628414,1.0081967213114753,1492.0,4.076502732240437,34.06,-118.1,1.792
2.5488,30.0,3.773170731707317,1.0634146341463415,1700.0,4.146341463414634,34.06,-118.11,1.875
3.5357,22.0,4.859504132231405,0.9834710743801652,1379.0,3.798898071625344,34.05,-118.09,1.99
3.756,31.0,4.977622377622378,1.0265734265734263,2975.0,4.160839160839161,34.05,-118.1,1.833
2.913,26.0,4.917763157894737,1.0789473684210529,1296.0,4.2631578947368425,34.05,-118.1,1.523
3.6512,18.0,4.3730407523510975,1.072884012539185,3842.0,3.010971786833856,34.04,-118.09,1.685
5.2446,28.0,5.6140602582496415,0.9985652797704448,2264.0,3.248206599713056,34.04,-118.11,2.58
3.6625,32.0,4.766414141414141,0.9924242424242424,2416.0,3.0505050505050506,34.05,-118.12,2.476
5.9214,35.0,5.463157894736842,1.1,598.0,3.147368421052632,34.04,-118.12,2.549
3.5833,36.0,5.181818181818182,0.9732620320855616,1118.0,2.989304812834225,34.04,-118.13,2.273
3.1083,40.0,4.765676567656766,1.0297029702970295,881.0,2.907590759075908,34.04,-118.13,2.205
4.1375,38.0,5.095070422535211,1.0316901408450705,1042.0,3.6690140845070425,34.03,-118.14,2.115
2.1944,33.0,4.131313131313132,0.9848484848484848,664.0,3.3535353535353534,34.04,-118.15,2.033
3.3214,43.0,4.264770240700219,1.0153172866520788,1216.0,2.660831509846827,34.04,-118.14,2.093
3.7109,40.0,5.430939226519337,1.080110497237569,1120.0,3.0939226519337018,34.04,-118.14,1.988
2.6146,37.0,5.589108910891089,1.0495049504950495,509.0,2.51980198019802,34.04,-118.14,2.432
3.5272,36.0,5.09556313993174,1.0784982935153584,989.0,3.3754266211604094,34.03,-118.11,2.137
4.3646,42.0,5.212765957446808,1.066193853427896,1392.0,3.2907801418439715,34.04,-118.13,2.114
4.5795,34.0,4.845622119815668,0.9838709677419356,1355.0,3.122119815668203,34.04,-118.12,2.353
4.0938,35.0,5.293532338308458,1.0099502487562189,608.0,3.0248756218905477,34.04,-118.12,2.469
5.2851,36.0,6.138571428571429,1.0242857142857142,2038.0,2.9114285714285715,33.94,-117.98,2.588
5.2557,25.0,5.343373493975903,0.9623493975903614,2653.0,3.995481927710844,34.02,-118.06,1.888
3.9091,34.0,5.909638554216867,1.1927710843373494,1488.0,4.481927710843373,34.01,-118.06,1.551
3.7986,38.0,5.35799522673031,1.0596658711217184,1540.0,3.675417661097852,34.01,-118.07,1.71
3.2375,36.0,5.058181818181819,1.029090909090909,1025.0,3.727272727272727,34.01,-118.07,1.768
3.4861,32.0,5.11139896373057,1.038860103626943,1322.0,3.424870466321244,34.01,-118.08,1.581
2.63,42.0,4.0,1.0086206896551724,1471.0,4.227011494252873,34.0,-118.07,1.438
2.9107,35.0,3.5783132530120483,1.0301204819277108,1373.0,4.135542168674699,34.0,-118.08,1.509
2.5969,34.0,3.618147448015123,1.0378071833648392,2122.0,4.011342155009452,34.01,-118.08,1.502
2.9321,14.0,4.778058007566204,1.021437578814628,2551.0,3.2168978562421184,34.02,-118.08,1.442
2.7679,33.0,4.827433628318584,1.0309734513274336,890.0,3.938053097345133,34.01,-118.08,1.764
3.2031,36.0,3.8282208588957056,0.9877300613496932,1282.0,3.932515337423313,34.01,-118.08,1.476
3.5469,36.0,4.283625730994152,1.0614035087719298,1538.0,4.497076023391813,34.01,-118.09,1.506
4.3333,31.0,4.8384279475982535,1.039301310043668,1151.0,5.026200873362446,34.01,-118.09,1.495
3.045,36.0,5.140298507462687,1.0537313432835822,1174.0,3.5044776119402985,34.0,-118.09,1.606
4.1458,35.0,4.674556213017752,0.9792899408284024,1290.0,3.8165680473372783,34.0,-118.09,1.625
3.692,34.0,5.033088235294118,0.9926470588235294,1005.0,3.694852941176471,33.99,-118.09,1.726
3.6875,36.0,5.327526132404182,1.0104529616724738,1271.0,4.428571428571429,33.99,-118.1,1.752
3.4306,35.0,4.966292134831461,1.0187265917602997,933.0,3.49438202247191,33.99,-118.1,1.625
2.7202,31.0,4.684466019417476,1.0533980582524272,599.0,2.907766990291262,33.99,-118.1,1.903
4.0677,36.0,5.525925925925926,1.0444444444444445,1041.0,3.855555555555556,33.98,-118.08,1.658
3.6033,39.0,4.5701754385964914,0.9692982456140352,863.0,3.7850877192982457,33.98,-118.08,1.578
3.5,37.0,4.635036496350365,0.9927007299270072,1092.0,3.9854014598540144,33.98,-118.09,1.607
3.5757,35.0,4.539087947882736,1.0407166123778502,1923.0,3.1319218241042344,33.99,-118.09,1.779
3.6196,38.0,4.964601769911504,0.967551622418879,1369.0,4.038348082595871,33.99,-118.08,1.707
2.5,37.0,4.793918918918919,1.0472972972972974,1125.0,3.800675675675676,33.99,-118.08,1.62
2.8152,36.0,3.532286212914485,1.029668411867365,2028.0,3.5392670157068062,33.99,-118.08,1.639
0.9817,32.0,3.227146814404432,0.9916897506925209,997.0,2.761772853185596,34.0,-118.08,1.663
4.5595,35.0,5.642361111111111,1.0486111111111112,1134.0,3.9375,33.99,-118.07,1.649
3.0577,41.0,4.854838709677419,1.0161290322580645,1002.0,4.040322580645161,33.99,-118.07,1.633
3.25,39.0,3.2857142857142856,0.8988095238095238,807.0,4.803571428571429,33.99,-118.07,1.533
3.3562,40.0,4.6567567567567565,1.0,1221.0,3.3,33.98,-118.06,1.692
4.2206,40.0,5.164835164835165,0.934065934065934,932.0,3.413919413919414,33.98,-118.06,1.78
5.4381,42.0,6.451923076923077,1.1682692307692308,615.0,2.956730769230769,33.98,-118.06,1.869
2.9583,50.0,5.380281690140845,1.1173708920187793,579.0,2.718309859154929,33.98,-118.06,1.726
4.7266,38.0,6.104918032786885,1.0459016393442624,975.0,3.19672131147541,33.98,-118.06,1.776
3.9243,34.0,5.601343784994401,1.026875699888018,2597.0,2.908174692049272,34.0,-118.06,2.198
4.1058,37.0,4.976588628762542,1.0635451505016722,2117.0,3.540133779264214,34.0,-118.07,1.673
5.193,42.0,5.662100456621005,0.9155251141552512,1085.0,2.4771689497716896,33.99,-118.05,2.634
3.2359,36.0,5.065997130559541,1.0817790530846485,1613.0,2.3142037302725966,33.99,-118.04,1.986
3.7328,38.0,4.535014005602241,1.061624649859944,886.0,2.481792717086835,33.99,-118.05,1.824
4.375,38.0,4.8977272727272725,1.0113636363636365,484.0,2.75,33.99,-118.06,1.862
3.7833,47.0,5.438356164383562,1.0582191780821917,827.0,2.8321917808219177,33.99,-118.06,1.661
3.3611,46.0,5.701421800947867,1.037914691943128,637.0,3.018957345971564,33.99,-118.06,1.744
4.5478,45.0,5.884,1.02,670.0,2.68,33.99,-118.06,1.88
3.0,50.0,4.297356828193832,1.0088105726872247,1362.0,3.0,33.98,-118.04,1.632
2.0147,41.0,3.605128205128205,1.0974358974358975,1174.0,3.01025641025641,33.98,-118.05,1.375
2.8311,41.0,4.377260981912145,1.0671834625322998,1222.0,3.157622739018088,33.98,-118.05,1.553
3.4312,52.0,6.359908883826879,1.0501138952164009,1177.0,2.6810933940774486,33.99,-118.03,2.438
2.7578,46.0,4.476190476190476,1.054421768707483,880.0,1.9954648526077097,33.98,-118.03,2.368
2.625,43.0,3.534682080924856,1.1040462427745663,1699.0,2.4552023121387285,33.98,-118.04,1.633
1.9688,28.0,3.3271604938271606,1.0432098765432098,1158.0,2.382716049382716,33.98,-118.04,1.656
2.3182,25.0,4.136054421768708,1.1306122448979592,1580.0,2.1496598639455784,33.98,-118.04,1.821
3.6475,47.0,4.970530451866405,1.1100196463654224,1262.0,2.479371316306483,33.99,-118.04,1.971
3.8275,32.0,5.152400835073069,1.1524008350730688,1190.0,2.4843423799582465,33.97,-118.03,2.385
4.5446,36.0,6.437299035369775,1.1607717041800645,913.0,2.9356913183279745,33.96,-118.02,2.447
4.6226,36.0,5.126237623762377,0.9851485148514852,988.0,2.445544554455445,33.96,-118.02,2.197
4.8152,36.0,5.637323943661972,1.0211267605633805,715.0,2.517605633802817,33.97,-118.03,2.324
4.65,39.0,5.157622739018088,1.005167958656331,1029.0,2.6589147286821704,33.97,-118.03,2.243
3.2852,39.0,4.909930715935335,1.002309468822171,1103.0,2.547344110854504,33.97,-118.03,1.962
2.824,36.0,4.467775467775468,1.0956340956340955,1359.0,2.8253638253638256,33.97,-118.03,1.679
2.6082,29.0,3.494117647058824,1.0294117647058822,1968.0,2.8941176470588235,33.97,-118.04,1.625
2.5686,25.0,3.5396634615384617,1.0985576923076923,2313.0,2.780048076923077,33.97,-118.04,1.775
2.593,22.0,3.6056105610561056,1.028052805280528,1644.0,2.712871287128713,33.97,-118.03,1.92
4.2917,38.0,5.191747572815534,1.0339805825242718,1138.0,2.762135922330097,33.95,-118.02,1.689
4.108,36.0,5.405144694533762,1.0578778135048232,964.0,3.09967845659164,33.95,-118.02,1.812
4.0536,37.0,4.741847826086956,0.9918478260869564,1022.0,2.777173913043478,33.96,-118.03,1.714
3.117,37.0,4.87603305785124,1.0578512396694215,614.0,2.5371900826446283,33.96,-118.03,1.646
3.6509,34.0,5.018666666666666,1.1413333333333333,1034.0,2.7573333333333334,33.95,-118.03,1.732
4.1471,37.0,5.435582822085889,0.9846625766871164,934.0,2.8650306748466257,33.95,-118.03,1.778
3.8214,36.0,5.600823045267489,1.059670781893004,1390.0,2.860082304526749,33.95,-118.04,1.785
3.225,37.0,5.139841688654354,1.04221635883905,1163.0,3.0686015831134563,33.96,-118.04,1.54
3.3214,42.0,4.454828660436137,1.0529595015576323,1269.0,3.953271028037383,33.96,-118.04,1.488
2.9714,37.0,4.071428571428571,1.0124223602484472,2778.0,4.313664596273292,33.96,-118.05,1.603
3.0491,34.0,4.498721227621483,1.10230179028133,1282.0,3.278772378516624,33.97,-118.04,1.582
4.0379,34.0,5.275862068965517,0.9605911330049262,1305.0,3.2142857142857144,33.98,-118.05,1.728
3.6,36.0,4.240713224368499,1.0222882615156017,2816.0,4.184249628528975,33.97,-118.05,1.54
4.3203,37.0,5.140625,0.9625,1077.0,3.365625,33.97,-118.06,1.592
3.2093,32.0,4.788405797101449,1.0347826086956522,2032.0,2.944927536231884,33.98,-118.07,1.678
3.9688,41.0,5.259786476868327,0.9715302491103204,916.0,3.259786476868328,33.98,-118.07,1.698
3.9612,39.0,5.3042071197411005,0.970873786407767,988.0,3.197411003236246,33.97,-118.06,1.758
3.1554,36.0,5.735562310030395,1.1246200607902737,1006.0,3.0577507598784197,33.97,-118.07,1.707
4.2,38.0,5.316062176165803,0.9844559585492229,789.0,4.0880829015544045,33.97,-118.08,1.632
2.4607,32.0,4.287515762925599,1.0416141235813368,3017.0,3.8045397225725095,33.97,-118.07,1.556
2.6991,30.0,4.336448598130841,1.074766355140187,913.0,4.266355140186916,33.96,-118.07,1.471
4.8929,36.0,5.0,1.0790513833992097,1052.0,4.158102766798419,33.97,-118.07,1.562
3.9773,36.0,5.242718446601942,0.964401294498382,1258.0,4.0711974110032365,33.97,-118.08,1.667
4.6333,35.0,5.729166666666667,1.0763888888888888,590.0,4.097222222222222,33.97,-118.08,1.612
3.5481,36.0,4.767045454545454,0.9176136363636364,1380.0,3.9204545454545454,33.97,-118.08,1.633
3.6875,39.0,4.436018957345971,0.919431279620853,691.0,3.2748815165876777,33.98,-118.09,1.695
4.1389,39.0,5.010204081632653,1.010204081632653,1108.0,3.7687074829931975,33.97,-118.09,1.66
3.7326,35.0,5.425661914460285,1.1018329938900204,2033.0,4.1405295315682284,33.97,-118.09,1.643
2.9922,35.0,4.719844357976654,1.0291828793774318,2010.0,3.9105058365758754,33.97,-118.1,1.635
3.4083,34.0,4.72822299651568,1.0801393728222997,1042.0,3.6306620209059233,33.98,-118.1,1.567
3.1607,37.0,4.523985239852398,0.940959409594096,1068.0,3.940959409594096,33.98,-118.09,1.722
3.5268,33.0,4.022964509394572,1.0062630480167014,1623.0,3.3883089770354906,33.98,-118.1,1.52
3.6397,33.0,4.464285714285714,1.050420168067227,1672.0,3.5126050420168067,33.97,-118.11,1.666
3.3942,36.0,3.811965811965812,0.9230769230769232,410.0,3.5042735042735043,33.98,-118.11,1.472
3.3621,36.0,5.310064935064935,0.978896103896104,2593.0,4.209415584415584,33.96,-118.09,1.697
3.425,36.0,4.789699570815451,0.9828326180257512,719.0,3.0858369098712446,33.96,-118.09,1.632
4.5,36.0,4.94044665012407,0.9826302729528535,1306.0,3.240694789081886,33.95,-118.09,1.666
4.1711,38.0,5.362459546925567,1.0841423948220066,1195.0,3.867313915857605,33.96,-118.1,1.601
4.0357,36.0,5.103448275862069,1.0344827586206895,946.0,4.077586206896552,33.96,-118.1,1.625
2.9821,20.0,3.63953488372093,1.062015503875969,1461.0,2.831395348837209,33.97,-118.1,1.425
3.9549,36.0,4.237894736842105,0.9157894736842104,1476.0,3.107368421052632,33.96,-118.1,1.921
3.6667,40.0,5.989690721649485,1.127147766323024,981.0,3.3711340206185567,33.96,-118.1,1.731
4.8304,32.0,4.929648241206031,0.9723618090452262,1274.0,3.201005025125628,33.95,-118.08,1.606
3.0944,37.0,4.923728813559322,0.9830508474576272,1328.0,3.751412429378531,33.95,-118.08,1.628
4.0096,35.0,5.4366925064599485,1.0310077519379846,1659.0,4.286821705426356,33.96,-118.08,1.65
4.369,34.0,4.96875,1.0763888888888888,1162.0,4.034722222222222,33.96,-118.08,1.654
2.7647,20.0,4.109677419354838,1.0150537634408603,1407.0,3.0258064516129037,33.96,-118.09,1.63
3.5583,32.0,4.967889908256881,0.944954128440367,737.0,3.3807339449541285,33.95,-118.09,1.708
4.0846,36.0,5.602434077079107,0.9574036511156186,1576.0,3.1967545638945234,33.94,-118.09,1.834
4.5306,36.0,4.6209912536443145,0.9416909620991254,1205.0,3.513119533527697,33.93,-118.09,1.834
3.8542,33.0,5.00253164556962,1.0227848101265822,1379.0,3.491139240506329,33.94,-118.09,1.754
2.4926,21.0,4.796341463414634,1.1573170731707316,2219.0,2.7060975609756097,33.94,-118.08,1.714
5.2162,35.0,5.417827298050139,0.9944289693593314,1227.0,3.417827298050139,33.95,-118.04,1.719
4.625,31.0,5.7696969696969695,1.0151515151515151,2430.0,3.6818181818181817,33.94,-118.04,1.739
4.615,36.0,5.566197183098591,1.036619718309859,1236.0,3.4816901408450702,33.95,-118.04,1.74
3.6125,33.0,5.196808510638298,1.0372340425531914,1600.0,4.25531914893617,33.95,-118.05,1.708
1.9453,34.0,3.807692307692308,0.9230769230769232,527.0,4.053846153846154,33.94,-118.05,1.49
3.1979,36.0,4.543478260869565,1.0391304347826087,1165.0,5.065217391304348,33.93,-118.04,1.618
3.6771,31.0,4.705263157894737,1.068421052631579,883.0,4.647368421052631,33.93,-118.05,1.415
3.1513,35.0,4.756207674943567,1.0835214446952597,2241.0,5.058690744920993,33.93,-118.05,1.5
3.2371,33.0,4.289699570815451,1.0085836909871244,2170.0,4.656652360515022,33.92,-118.05,1.547
3.875,22.0,4.313775510204081,1.020408163265306,2688.0,3.4285714285714284,33.93,-118.03,1.647
3.7969,35.0,5.23989898989899,1.0707070707070707,1312.0,3.313131313131313,33.92,-118.02,1.648
3.0,30.0,4.488888888888889,1.053968253968254,1307.0,4.14920634920635,33.92,-118.03,1.583
3.6731,35.0,5.350253807106599,1.0279187817258884,1243.0,3.154822335025381,33.92,-118.03,1.67
4.1667,35.0,4.931693989071039,1.0573770491803278,1505.0,4.112021857923497,33.93,-118.04,1.519
3.4907,34.0,4.901719901719901,1.0245700245700249,1573.0,3.864864864864865,33.92,-118.04,1.535
4.3849,36.0,5.567741935483871,1.070967741935484,1293.0,4.170967741935484,33.93,-118.04,1.441
3.4219,35.0,4.597765363128492,0.9720670391061452,2151.0,4.005586592178771,33.92,-118.04,1.562
4.1312,35.0,5.882352941176471,0.9754901960784312,1218.0,2.985294117647059,33.93,-118.02,1.938
5.2736,35.0,6.009732360097324,1.0121654501216546,1386.0,3.372262773722628,33.93,-118.03,1.795
4.3542,37.0,6.269372693726937,1.1143911439114391,889.0,3.2804428044280445,33.94,-118.03,1.798
3.4861,30.0,5.13373253493014,1.039920159680639,1564.0,3.121756487025948,33.94,-118.03,1.772
4.2051,37.0,4.829090909090909,0.9927272727272728,1115.0,4.054545454545455,33.94,-118.04,1.644
3.4792,34.0,4.624338624338624,1.0211640211640212,917.0,2.425925925925926,33.94,-118.03,1.69
4.4318,36.0,5.721014492753623,1.0507246376811594,816.0,2.9565217391304346,33.95,-118.01,1.811
4.6184,36.0,5.760135135135135,1.010135135135135,871.0,2.9425675675675675,33.95,-118.02,1.798
4.2292,36.0,5.76678445229682,1.0424028268551238,797.0,2.8162544169611308,33.95,-118.02,1.795
4.6923,37.0,5.271493212669683,0.9502262443438914,627.0,2.83710407239819,33.95,-118.01,1.81
5.3016,33.0,6.123393316195373,1.038560411311054,1339.0,3.442159383033419,33.94,-118.02,1.922
3.488,23.0,4.7391732283464565,1.063976377952756,3232.0,3.1811023622047245,33.94,-118.02,1.918
3.4886,35.0,5.332480818414322,1.0230179028132993,1112.0,2.843989769820972,33.95,-118.02,1.739
4.0985,32.0,5.744394618834081,1.100896860986547,1222.0,2.739910313901345,33.94,-117.98,2.262
6.2924,27.0,6.246520874751491,1.0119284294234592,1520.0,3.021868787276342,33.93,-117.98,2.325
3.6458,33.0,5.143176733780761,0.96420581655481,1049.0,2.3467561521252795,33.93,-117.99,2.081
4.3125,34.0,4.996710526315789,0.9901315789473684,758.0,2.4934210526315788,33.94,-117.99,2.14
3.7045,30.0,4.596928982725528,1.0844529750479843,1214.0,2.330134357005758,33.94,-117.99,2.123
3.9543,35.0,5.134122287968442,0.95069033530572,1305.0,2.57396449704142,33.94,-118.0,2.144
5.1738,36.0,5.989711934156379,1.0987654320987654,1395.0,2.8703703703703702,33.94,-118.0,2.037
4.9191,36.0,5.874617737003058,1.0061162079510704,969.0,2.963302752293578,33.94,-118.01,1.887
4.2708,35.0,5.3562753036437245,0.951417004048583,807.0,3.2672064777327936,33.94,-118.01,1.748
4.4118,31.0,4.606512890094979,1.006784260515604,1886.0,2.559023066485753,33.93,-118.01,1.744
3.6028,33.0,5.06015037593985,1.0612244897959184,2984.0,3.20515574650913,33.93,-118.02,1.847
4.8523,36.0,5.620087336244541,1.017467248908297,779.0,3.4017467248908297,33.93,-117.99,1.758
4.9205,35.0,5.152,0.96,758.0,3.032,33.93,-118.0,1.739
3.275,34.0,5.45945945945946,1.054054054054054,1293.0,2.9121621621621623,33.93,-118.01,1.899
5.0077,35.0,5.346666666666667,1.02,445.0,2.966666666666667,33.93,-118.0,1.85
3.75,37.0,5.715189873417722,1.0,444.0,2.810126582278481,33.94,-118.0,1.744
5.2305,34.0,6.092006033182503,1.0467571644042233,2269.0,3.422322775263952,33.92,-118.01,2.051
5.273,35.0,5.882783882783883,1.0586080586080586,829.0,3.0366300366300365,33.92,-118.01,1.876
5.5238,34.0,5.335740072202166,0.9061371841155236,956.0,3.4512635379061374,33.92,-118.02,1.853
4.375,27.0,5.142857142857143,0.9958391123439668,1921.0,2.664355062413315,33.93,-117.99,2.104
3.9575,24.0,5.065921787709497,1.0804469273743016,2547.0,2.845810055865922,33.93,-118.0,2.154
5.3668,27.0,6.702898550724638,1.0289855072463767,1793.0,3.2481884057971016,33.92,-117.98,2.198
4.061,27.0,5.074300699300699,1.006993006993007,3106.0,2.715034965034965,33.92,-117.99,2.227
5.0923,16.0,7.176351351351351,1.204054054054054,3836.0,2.591891891891892,33.91,-117.98,2.572
5.6454,33.0,5.642297650130549,1.0,1235.0,3.224543080939948,33.9,-117.99,2.028
3.5859,30.0,5.051204819277109,1.120481927710843,1021.0,3.075301204819277,33.9,-117.99,1.997
5.0384,35.0,6.228070175438597,1.0292397660818713,574.0,3.3567251461988303,33.89,-118.0,2.008
5.1377,34.0,6.113924050632911,0.9968354430379748,1053.0,3.3322784810126582,33.89,-118.0,2.133
4.3831,35.0,5.201183431952662,0.9142011834319528,972.0,2.8757396449704142,33.9,-118.0,2.098
4.5144,35.0,5.975384615384615,1.0215384615384615,1127.0,3.467692307692308,33.9,-118.0,2.063
4.6094,26.0,4.726114649681529,1.0732484076433122,1655.0,2.6353503184713376,33.9,-118.01,2.01
4.6,34.0,5.332258064516129,0.9419354838709676,1003.0,3.235483870967742,33.89,-118.01,2.034
4.2292,33.0,6.39375,1.021875,1018.0,3.18125,33.89,-118.01,2.128
3.9861,35.0,5.912280701754386,1.0701754385964912,578.0,3.380116959064328,33.89,-118.0,1.887
5.5601,36.0,5.673708920187793,0.988262910798122,1276.0,2.995305164319249,33.9,-118.02,2.052
4.4954,34.0,5.388329979879276,1.028169014084507,1540.0,3.0985915492957745,33.9,-118.02,2.029
4.6354,36.0,5.841911764705882,0.9742647058823528,804.0,2.9558823529411766,33.89,-118.01,2.029
5.0839,36.0,6.221719457013575,1.0950226244343892,670.0,3.0316742081447963,33.89,-118.02,1.982
3.2222,34.0,5.342364532019705,1.0295566502463054,1169.0,2.8793103448275863,33.92,-118.02,2.187
4.2305,32.0,5.891774891774892,1.235930735930736,2541.0,5.5,33.91,-118.01,2.214
5.125,36.0,5.419607843137255,1.007843137254902,685.0,2.6862745098039214,33.9,-118.01,2.117
5.4236,35.0,5.468671679197995,0.9774436090225564,1248.0,3.1278195488721803,33.91,-118.02,2.167
3.5938,34.0,4.582633053221288,1.0028011204481793,977.0,2.7366946778711485,33.9,-118.02,2.099
3.7308,35.0,5.690476190476191,1.1071428571428572,744.0,2.952380952380953,33.9,-118.03,2.024
5.1155,35.0,5.68936170212766,0.9957446808510638,692.0,2.9446808510638296,33.91,-118.02,2.137
4.7861,34.0,5.980997624703088,1.0190023752969122,1309.0,3.109263657957245,33.91,-118.02,2.107
3.2143,32.0,5.06265664160401,1.0426065162907268,2526.0,3.1654135338345863,33.91,-118.03,1.601
4.2437,35.0,5.836683417085427,1.020100502512563,1741.0,4.374371859296482,33.91,-118.03,1.641
5.3184,36.0,6.079787234042553,1.0265957446808511,826.0,4.393617021276596,33.9,-118.03,1.711
0.4999,36.0,2.5,0.8333333333333334,15.0,2.5,33.9,-118.04,1.625
4.5526,28.0,5.784256559766764,0.912536443148688,1099.0,3.204081632653061,34.02,-118.09,2.502
3.2622,33.0,4.824055666003976,1.0984095427435387,2855.0,2.837972166998012,34.02,-118.09,2.086
2.66,29.0,3.825046040515654,1.0386740331491713,2087.0,3.843462246777164,34.01,-118.1,1.892
1.3365,23.0,3.180811808118081,1.062730627306273,1336.0,2.4649446494464944,34.01,-118.1,1.833
3.4297,42.0,4.818791946308725,1.0,1005.0,3.37248322147651,34.01,-118.1,1.958
3.0625,37.0,4.294117647058823,0.9747899159663864,653.0,2.7436974789915967,34.02,-118.1,1.894
3.95,40.0,5.517571884984026,0.987220447284345,932.0,2.977635782747604,34.02,-118.11,2.102
2.4605,43.0,4.082228116710875,1.023872679045093,1122.0,2.976127320954907,34.01,-118.11,1.96
2.4286,36.0,4.442896935933148,1.0668523676880224,1105.0,3.0779944289693595,34.02,-118.12,2.056
1.8906,32.0,3.460348162475822,1.0212765957446808,1429.0,2.7640232108317213,34.02,-118.12,2.245
3.0212,31.0,3.984126984126984,0.9990662931839402,3176.0,2.965452847805789,34.03,-118.13,2.082
2.5852,38.0,4.346153846153846,1.083916083916084,788.0,2.7552447552447554,34.02,-118.13,1.851
2.3359,40.0,4.47976011994003,1.0344827586206895,2144.0,3.214392803598201,34.02,-118.13,1.893
2.2813,41.0,3.842931937172775,0.9947643979057592,565.0,2.9581151832460733,34.02,-118.13,1.92
2.9044,43.0,5.424657534246576,1.2465753424657535,261.0,3.5753424657534247,34.02,-118.13,1.729
2.75,45.0,5.145669291338582,1.1141732283464567,967.0,3.807086614173228,34.02,-118.14,1.783
4.0625,44.0,5.10969387755102,0.9948979591836736,1291.0,3.2933673469387754,34.03,-118.14,2.011
2.8385,42.0,4.514344262295082,0.956967213114754,1470.0,3.012295081967213,34.03,-118.13,1.922
2.4612,45.0,4.370473537604457,1.0,1203.0,3.350974930362117,34.03,-118.14,1.805
2.8239,43.0,3.6381909547738696,1.0134003350083751,2386.0,3.996649916247906,34.02,-118.15,1.506
1.7991,43.0,4.332613390928726,1.019438444924406,1687.0,3.6436285097192234,34.03,-118.15,1.588
3.1724,41.0,5.0625,1.0772058823529411,1142.0,4.198529411764706,34.03,-118.16,1.416
2.0536,44.0,2.76605504587156,0.9495412844036696,588.0,2.697247706422018,34.03,-118.15,1.864
2.6806,42.0,3.7588832487309647,1.0431472081218274,1206.0,3.0609137055837565,34.03,-118.15,1.893
3.7794,39.0,4.08550185873606,0.9776951672862454,787.0,2.925650557620818,34.04,-118.15,1.946
3.6875,44.0,4.524475524475524,0.993006993006993,457.0,3.195804195804196,34.04,-118.15,1.625
3.1895,45.0,5.533333333333333,1.1666666666666667,302.0,5.033333333333333,34.04,-118.16,1.563
1.5078,22.0,3.96684350132626,1.0490716180371351,2486.0,3.297082228116711,34.04,-118.16,1.819
2.7026,38.0,3.331269349845201,0.8854489164086687,1535.0,4.752321981424148,34.04,-118.16,1.45
1.3971,11.0,4.217821782178218,1.0643564356435644,806.0,3.99009900990099,34.04,-118.16,1.344
2.4167,31.0,4.105263157894737,1.0202429149797572,1064.0,4.307692307692308,34.03,-118.17,1.255
1.625,38.0,4.052631578947368,1.0736842105263158,402.0,4.231578947368421,34.04,-118.17,1.297
3.5938,46.0,4.731543624161074,1.1208053691275168,655.0,4.395973154362416,34.04,-118.17,1.411
2.1845,36.0,4.8121546961325965,1.1104972375690607,2862.0,15.812154696132596,34.06,-118.17,1.238
3.1528,35.0,4.158940397350993,0.9735099337748344,2990.0,9.900662251655628,34.05,-118.17,1.218
2.5033,44.0,4.106194690265487,1.0199115044247788,1853.0,4.099557522123894,34.06,-118.17,1.319
2.475,43.0,3.8666666666666663,0.9666666666666668,416.0,3.466666666666667,34.06,-118.17,1.426
2.53,45.0,4.864583333333333,1.1875,893.0,4.651041666666667,34.06,-118.18,1.403
1.825,52.0,4.863636363636363,1.05,925.0,4.204545454545454,34.05,-118.18,1.33
2.7432,35.0,4.695652173913044,1.1123188405797102,1423.0,5.155797101449275,34.05,-118.19,1.352
2.4375,47.0,4.896153846153847,1.015384615384615,1193.0,4.588461538461538,34.05,-118.19,1.229
2.8295,38.0,4.506887052341598,1.0068870523415978,3299.0,4.5440771349862255,34.05,-118.18,1.265
3.75,41.0,4.329545454545454,0.8352272727272727,817.0,4.642045454545454,34.05,-118.18,1.231
1.55,36.0,2.701046337817638,0.9417040358744396,2118.0,3.1659192825112106,34.04,-118.18,1.29
3.0417,44.0,4.333333333333333,1.104417670682731,1249.0,5.016064257028113,34.04,-118.18,1.417
2.8542,34.0,3.8587786259541983,1.045801526717557,1164.0,4.442748091603053,34.04,-118.19,1.469
2.3015,39.0,3.487012987012987,1.0487012987012987,1613.0,5.237012987012987,34.04,-118.19,1.317
2.6964,29.0,5.059171597633136,1.1775147928994083,785.0,4.644970414201183,34.05,-118.19,1.222
1.9667,44.0,4.866197183098592,1.091549295774648,613.0,4.316901408450704,34.04,-118.17,1.339
2.75,39.0,4.109489051094891,1.0072992700729928,682.0,4.978102189781022,34.04,-118.17,1.5
2.9167,39.0,4.544776119402985,1.082089552238806,690.0,5.149253731343284,34.03,-118.18,1.458
1.75,43.0,4.053571428571429,1.0357142857142858,1005.0,4.486607142857143,34.04,-118.17,1.34
3.375,39.0,4.352941176470588,1.0361990950226243,999.0,4.520361990950226,34.05,-118.17,1.26
2.5962,45.0,4.442424242424242,1.0787878787878789,715.0,4.333333333333333,34.05,-118.17,1.241
2.788,42.0,3.6946902654867255,0.9601769911504424,1997.0,4.418141592920354,34.04,-118.18,1.505
1.1929,26.0,3.702586206896552,1.0991379310344829,835.0,3.5991379310344827,34.03,-118.18,1.438
1.7995,27.0,4.562711864406779,1.152542372881356,1177.0,3.989830508474576,34.03,-118.19,1.534
2.1774,40.0,3.8875379939209727,0.96048632218845,1438.0,4.37082066869301,34.04,-118.19,1.576
2.1029,43.0,4.112469437652812,1.0317848410757946,1706.0,4.171149144254279,34.04,-118.19,1.533
2.6964,31.0,3.6206896551724137,0.9379310344827586,627.0,4.324137931034483,34.03,-118.19,1.25
2.239,37.0,3.697552447552448,1.013986013986014,2842.0,4.968531468531468,34.03,-118.18,1.213
1.9719,42.0,3.6945812807881775,1.0328407224958949,2588.0,4.249589490968801,34.03,-118.19,1.342
2.0764,40.0,3.886262924667651,1.0310192023633675,2920.0,4.31314623338257,34.03,-118.18,1.456
1.7801,45.0,3.663484486873508,1.0310262529832936,1820.0,4.343675417661098,34.02,-118.19,1.428
2.2813,36.0,3.55625,0.925,1484.0,4.6375,34.02,-118.18,1.507
2.15,37.0,3.75320970042796,1.0470756062767477,3228.0,4.604850213980028,34.02,-118.18,1.322
2.3438,40.0,3.9173553719008254,1.024793388429752,546.0,4.512396694214876,34.02,-118.19,1.375
2.8977,35.0,4.622377622377623,0.993006993006993,720.0,5.034965034965035,34.02,-118.18,1.425
1.8875,34.0,4.247126436781609,1.0603448275862069,1735.0,4.985632183908046,34.02,-118.19,1.367
3.0972,33.0,3.7818181818181817,1.0272727272727271,987.0,4.486363636363636,34.02,-118.18,1.25
2.625,43.0,4.087557603686636,1.0092165898617511,965.0,4.447004608294931,34.02,-118.18,1.339
2.3462,42.0,3.75,1.0101626016260163,2191.0,4.453252032520325,34.01,-118.18,1.273
2.1979,41.0,3.975378787878788,1.003787878787879,2325.0,4.403409090909091,34.03,-118.17,1.408
2.2902,43.0,3.258964143426295,1.0079681274900398,1855.0,3.695219123505976,34.03,-118.17,1.524
2.761,42.0,3.1387900355871885,1.0391459074733096,1248.0,4.441281138790036,34.03,-118.17,1.2
2.2991,44.0,4.209302325581396,1.0852713178294573,1893.0,4.891472868217054,34.03,-118.18,1.375
2.3077,41.0,3.396984924623116,1.085427135678392,851.0,4.276381909547739,34.02,-118.17,1.406
1.7813,34.0,3.762376237623762,1.0841584158415842,968.0,4.792079207920792,34.02,-118.17,1.45
2.125,39.0,3.358407079646017,0.9513274336283186,883.0,3.9070796460176993,34.02,-118.17,1.438
2.6042,45.0,4.027027027027027,1.0405405405405406,925.0,4.166666666666667,34.03,-118.16,1.45
2.359,40.0,3.6991596638655455,1.06890756302521,2682.0,4.507563025210084,34.03,-118.16,1.434
2.1442,35.0,3.4133858267716537,0.970472440944882,2053.0,4.041338582677166,34.02,-118.16,1.492
1.7981,41.0,3.2965879265091864,1.026246719160105,1511.0,3.965879265091864,34.02,-118.16,1.66
2.6964,47.0,3.493377483443709,0.9867549668874172,1303.0,4.314569536423841,34.02,-118.16,1.388
2.45,42.0,3.624521072796935,1.0421455938697315,1191.0,4.563218390804598,34.02,-118.17,1.32
1.8715,34.0,2.942115768463074,1.0199600798403194,1962.0,3.9161676646706582,34.02,-118.16,1.396
2.3438,42.0,3.7797783933518008,1.0041551246537397,3004.0,4.160664819944598,34.02,-118.15,1.543
2.7022,37.0,3.842622950819672,1.0344262295081967,2195.0,3.598360655737705,34.02,-118.15,1.519
2.5313,42.0,3.9134615384615374,1.0384615384615383,773.0,3.7163461538461537,34.02,-118.16,1.569
1.6354,37.0,2.7058823529411766,1.0235294117647058,952.0,3.733333333333333,34.01,-118.16,1.589
2.2596,40.0,3.634660421545668,0.981264637002342,1919.0,4.494145199063232,34.01,-118.16,1.375
1.9688,44.0,3.56140350877193,1.0935672514619883,1175.0,3.435672514619883,34.02,-118.16,1.739
2.7019,44.0,4.054373522458629,1.0874704491725768,1740.0,4.113475177304965,34.02,-118.14,1.533
2.6,40.0,3.824,1.004,2077.0,4.154,34.02,-118.14,1.806
2.125,36.0,3.464788732394366,0.9683098591549296,1024.0,3.6056338028169015,34.02,-118.13,1.535
3.0179,42.0,3.757462686567164,1.0335820895522387,1060.0,3.955223880597015,34.01,-118.14,1.537
1.4178,42.0,3.0417582417582416,1.0065934065934066,1825.0,4.010989010989011,34.02,-118.14,1.455
2.3929,46.0,4.454081632653061,1.1403061224489797,1296.0,3.306122448979592,34.01,-118.14,1.568
2.5326,42.0,3.930278884462152,1.0159362549800797,1841.0,3.667330677290837,34.01,-118.14,1.565
2.7083,45.0,4.678571428571429,1.0634920634920637,736.0,2.9206349206349205,34.01,-118.13,1.618
2.075,40.0,4.02,1.0483333333333331,2119.0,3.5316666666666667,34.01,-118.13,1.511
3.1538,43.0,3.506726457399103,0.9282511210762332,827.0,3.708520179372197,34.01,-118.13,1.543
2.2847,41.0,3.528138528138528,1.0909090909090908,775.0,3.354978354978355,34.01,-118.11,1.9
2.7308,31.0,4.47612551159618,1.0477489768076398,2385.0,3.2537517053206004,34.0,-118.12,1.738
2.4259,40.0,4.280966767371601,1.0211480362537764,1068.0,3.226586102719033,34.01,-118.12,1.646
1.9867,33.0,4.215517241379311,1.0301724137931034,1472.0,3.1724137931034484,34.01,-118.12,1.663
2.7311,32.0,3.936920222634509,1.0964749536178109,1929.0,3.5788497217068644,34.0,-118.1,1.693
2.7292,24.0,4.393053016453382,1.0786106032906764,2103.0,3.8446069469835455,34.0,-118.11,1.938
3.0208,38.0,5.605664488017429,1.0544662309368191,1568.0,3.416122004357298,34.0,-118.11,1.937
2.625,33.0,3.9642857142857135,0.9972527472527472,2650.0,3.64010989010989,34.0,-118.11,1.787
2.2042,22.0,3.554517133956386,1.0342679127725856,1189.0,3.70404984423676,34.01,-118.11,1.625
2.8155,27.0,4.257352941176471,1.0275735294117647,2012.0,3.698529411764706,33.99,-118.12,1.768
2.5395,26.0,4.5285996055226825,1.0532544378698223,1777.0,3.504930966469428,33.99,-118.12,1.91
3.6875,44.0,5.177777777777778,0.9944444444444444,717.0,3.983333333333333,33.98,-118.12,1.781
2.4219,24.0,3.7145969498910674,1.0435729847494553,2037.0,4.437908496732026,33.99,-118.12,1.375
2.25,36.0,3.25,0.9722222222222222,834.0,3.861111111111111,34.01,-118.14,1.625
2.2813,17.0,3.677242888402626,1.012035010940919,3264.0,3.571115973741794,33.98,-118.15,1.456
3.1406,32.0,4.408219178082192,1.0123287671232877,2368.0,3.243835616438356,34.0,-118.15,1.753
3.6583,37.0,4.382352941176471,1.0980392156862746,1233.0,4.029411764705882,34.0,-118.16,1.505
3.0225,30.0,3.801857585139319,1.108359133126935,1603.0,4.962848297213622,34.01,-118.17,1.308
1.7679,36.0,3.9617021276595743,1.0468085106382978,732.0,3.1148936170212767,34.01,-118.16,1.428
2.7799,36.0,3.964114832535885,1.0167464114832536,1689.0,4.04066985645933,34.01,-118.17,1.493
2.6364,39.0,3.577777777777778,0.9111111111111112,319.0,3.5444444444444443,34.01,-118.18,1.488
2.6964,24.0,3.0085836909871246,1.034334763948498,1976.0,4.240343347639485,33.99,-118.22,1.632
4.3164,6.0,3.353467561521253,0.977628635346756,1754.0,3.923937360178971,33.99,-118.22,1.432
2.7708,4.0,4.423444976076555,1.3803827751196172,1529.0,3.657894736842105,33.99,-118.22,1.863
2.4387,34.0,2.7439903846153846,0.9723557692307692,3032.0,3.644230769230769,33.98,-118.22,1.75
2.6548,27.0,3.443396226415094,1.069182389937107,1300.0,4.088050314465409,33.98,-118.22,1.232
2.7045,15.0,4.616438356164384,1.2511415525114156,899.0,4.105022831050229,33.98,-118.22,1.906
2.39,25.0,3.9282868525896415,1.235059760956175,1439.0,5.733067729083666,33.98,-118.23,1.833
4.5208,5.0,3.5477386934673367,1.020100502512563,839.0,4.21608040201005,33.99,-118.23,1.65
1.9929,30.0,2.682722513089005,1.0041884816753928,3909.0,4.093193717277487,33.98,-118.23,1.506
1.7378,39.0,3.553775743707094,1.0549199084668193,2271.0,5.196796338672769,33.98,-118.25,1.219
2.5637,37.0,3.748129675810474,0.9775561097256856,1886.0,4.703241895261845,33.98,-118.25,1.25
2.2054,45.0,3.724137931034482,0.9540229885057472,1288.0,4.934865900383142,33.98,-118.24,1.25
2.0357,30.0,3.2578512396694217,1.0661157024793388,2650.0,4.380165289256198,33.98,-118.22,1.699
3.125,42.0,4.012820512820513,0.9166666666666666,625.0,4.006410256410256,33.98,-118.22,1.663
2.5352,32.0,3.717299578059072,1.0365682137834036,2784.0,3.915611814345992,33.98,-118.22,1.844
2.1044,36.0,3.3794642857142856,1.0111607142857142,1496.0,3.3392857142857144,33.98,-118.22,1.482
1.2059,18.0,2.537037037037037,1.0897435897435896,1913.0,2.725071225071225,33.98,-118.22,2.55
1.6685,34.0,3.0230978260869565,1.0230978260869563,2980.0,4.048913043478261,33.98,-118.22,1.288
2.2059,35.0,2.7484909456740443,0.9979879275653925,2160.0,4.346076458752515,33.98,-118.23,1.5
1.8929,38.0,3.68936170212766,1.0340425531914894,950.0,4.042553191489362,33.98,-118.2,1.631
2.1005,35.0,3.652941176470588,1.0529411764705885,2274.0,4.458823529411765,33.97,-118.21,1.713
3.2788,39.0,4.412751677852349,1.0268456375838926,1257.0,4.218120805369128,33.98,-118.21,1.69
2.6818,37.0,3.565610859728507,0.9728506787330315,883.0,3.995475113122172,33.98,-118.21,1.646
2.325,35.0,3.163265306122449,1.0426716141001855,2212.0,4.103896103896104,33.98,-118.21,1.615
2.3421,35.0,3.356299212598425,1.029527559055118,2252.0,4.433070866141732,33.99,-118.2,1.542
2.1468,33.0,3.2033898305084745,1.0593220338983051,1615.0,4.562146892655368,33.99,-118.2,1.417
2.6673,38.0,4.608365019011407,1.0342205323193916,1129.0,4.29277566539924,33.99,-118.19,1.423
3.3869,40.0,3.622950819672131,1.0163934426229508,1930.0,4.519906323185012,33.99,-118.19,1.573
2.8214,40.0,3.771317829457365,1.054263565891473,1257.0,4.872093023255814,33.98,-118.19,1.58
3.0114,42.0,3.673521850899743,1.1208226221079691,1537.0,3.951156812339332,33.99,-118.19,1.575
2.9054,37.0,3.4665551839464883,1.0267558528428091,2544.0,4.254180602006689,33.99,-118.19,1.563
3.1979,35.0,3.295081967213114,0.9528688524590164,2140.0,4.385245901639344,33.99,-118.2,1.547
2.551,30.0,3.1767241379310347,0.9892241379310344,1844.0,3.974137931034482,33.99,-118.2,1.6
2.4596,35.0,2.872549019607843,1.068627450980392,1741.0,4.267156862745098,33.99,-118.19,1.547
2.6042,34.0,3.716363636363636,1.04,1058.0,3.847272727272727,33.98,-118.19,1.567
2.4516,36.0,3.606232294617564,1.0736543909348442,1398.0,3.960339943342776,33.99,-118.19,1.478
1.9132,31.0,2.899755501222494,0.9462102689486552,2087.0,5.102689486552567,33.99,-118.2,1.546
2.1522,43.0,3.4525316455696204,1.0126582278481011,1418.0,4.487341772151899,33.98,-118.2,1.594
1.4224,33.0,1.819277108433735,1.0,380.0,4.578313253012048,33.98,-118.19,1.896
1.7562,30.0,3.4423076923076925,1.0692307692307692,1827.0,3.5134615384615384,33.97,-118.19,1.813
2.4196,34.0,3.520208604954368,0.9947848761408083,2815.0,3.670143415906128,33.97,-118.19,1.784
2.0087,36.0,3.4941471571906355,1.0585284280936456,4582.0,3.831103678929766,33.98,-118.19,1.721
2.0,32.0,3.741333333333333,1.064,1506.0,4.016,33.98,-118.2,1.727
2.1964,30.0,3.0766233766233766,0.977922077922078,3259.0,4.232467532467532,33.98,-118.2,1.585
2.3917,30.0,3.5786516853932584,1.0524344569288389,2055.0,3.848314606741573,33.97,-118.2,1.546
2.4375,36.0,2.814814814814815,0.96011396011396,1508.0,4.296296296296297,33.99,-118.18,1.548
1.6341,38.0,3.355481727574751,1.0465116279069768,1157.0,3.843853820598007,33.99,-118.18,1.618
2.8427,27.0,3.2203098106712567,0.9569707401032702,2542.0,4.375215146299484,33.98,-118.17,1.644
2.1836,24.0,3.107438016528925,1.0611570247933884,2646.0,4.373553719008265,33.98,-118.18,1.62
2.3444,30.0,3.18348623853211,1.0513761467889908,2237.0,4.104587155963303,33.98,-118.18,1.561
2.152,35.0,3.379120879120879,1.1181318681318682,1512.0,4.153846153846154,33.99,-118.18,1.708
3.1786,41.0,3.079136690647482,0.7985611510791367,585.0,4.2086330935251794,33.98,-118.17,1.321
2.4049,31.0,3.5402298850574714,1.1065830721003134,3558.0,3.717868338557994,33.97,-118.17,1.59
2.2422,33.0,4.064080944350759,1.0809443507588532,2106.0,3.551433389544688,33.97,-118.17,1.682
2.9844,36.0,3.5828571428571427,1.0114285714285711,834.0,4.765714285714286,33.98,-118.17,1.636
2.7321,41.0,3.5660377358490565,0.9198113207547168,873.0,4.117924528301887,33.98,-118.17,1.56
3.0398,36.0,3.597609561752988,1.0597609561752988,1068.0,4.254980079681275,33.98,-118.18,1.654
2.2122,30.0,3.478313253012048,1.0433734939759036,2806.0,3.3807228915662653,33.97,-118.18,1.694
2.0057,34.0,3.977722772277228,1.1126237623762376,3086.0,3.819306930693069,33.97,-118.18,1.894
2.625,40.0,4.192592592592592,1.0641975308641975,1280.0,3.1604938271604937,33.98,-118.18,2.063
2.5703,38.0,3.6200980392156863,0.9166666666666666,1514.0,3.7107843137254894,33.98,-118.18,1.786
2.3,37.0,4.2898550724637685,1.0507246376811594,1320.0,4.782608695652174,33.98,-118.15,1.656
2.4263,32.0,3.25207756232687,1.0332409972299168,1758.0,4.869806094182826,33.97,-118.15,1.581
2.4071,33.0,4.374712643678161,1.07816091954023,1882.0,4.326436781609195,33.97,-118.15,1.705
2.3068,23.0,3.485057471264368,1.0505747126436782,1977.0,4.544827586206897,33.97,-118.16,1.578
2.1743,30.0,3.364394993045897,0.9944367176634216,3208.0,4.461752433936022,33.97,-118.16,1.76
2.63,29.0,3.496212121212121,1.003787878787879,2576.0,4.878787878787879,33.97,-118.14,1.56
3.0114,31.0,4.117021276595745,0.946808510638298,1175.0,4.166666666666667,33.97,-118.14,1.77
2.1731,38.0,4.46969696969697,1.053030303030303,620.0,4.696969696969697,33.96,-118.14,1.438
2.1591,32.0,3.737903225806452,1.0080645161290325,970.0,3.911290322580645,33.97,-118.15,1.815
2.0524,31.0,3.602094240837696,1.068062827225131,2461.0,4.294938917975567,33.97,-118.14,1.608
2.6364,36.0,4.02,1.1,1763.0,5.037142857142857,33.97,-118.14,1.5
2.9375,33.0,3.7375,0.978125,1448.0,4.525,33.98,-118.16,1.625
2.1181,39.0,3.4711538461538463,1.0745192307692308,1890.0,4.543269230769231,33.97,-118.16,1.766
1.9464,32.0,3.0753424657534247,0.9908675799086758,1756.0,4.0091324200913245,33.97,-118.16,1.906
2.3929,31.0,3.7445054945054954,1.175824175824176,1897.0,5.211538461538462,33.97,-118.16,1.911
1.9063,13.0,3.453125,0.984375,286.0,4.46875,33.97,-118.16,1.75
3.0938,31.0,3.667655786350149,0.9762611275964392,1486.0,4.4094955489614245,33.98,-118.17,1.554
2.4821,33.0,3.595808383233533,1.0179640718562877,1482.0,4.437125748502994,33.96,-118.15,1.5
2.5385,33.0,3.0518672199170123,0.9356846473029046,2272.0,4.713692946058091,33.96,-118.15,1.609
2.3,25.0,3.5812101910828025,1.0843949044585988,2621.0,4.173566878980892,33.96,-118.17,1.642
2.4432,24.0,3.399168399168399,1.054054054054054,2480.0,5.155925155925156,33.96,-118.16,1.875
2.2817,25.0,3.1671469740634004,1.0240153698366954,5027.0,4.8290105667627286,33.96,-118.17,1.642
2.5556,29.0,3.936486486486487,1.0635135135135134,3803.0,5.139189189189189,33.96,-118.17,1.465
1.4167,20.0,4.066666666666666,1.1238095238095238,402.0,3.8285714285714287,33.96,-118.18,1.375
2.0162,28.0,3.615463917525773,0.9989690721649483,3740.0,3.855670103092784,33.96,-118.19,1.42
2.3175,26.0,3.813606194690265,1.0381637168141593,8551.0,4.729535398230088,33.97,-118.18,1.545
1.9485,27.0,3.0804232804232803,1.0285714285714285,3559.0,3.7661375661375662,33.97,-118.19,1.463
2.754,28.0,3.564841498559078,1.0115273775216138,2830.0,4.077809798270893,33.97,-118.2,1.662
1.8897,43.0,4.483695652173913,1.1521739130434785,820.0,4.456521739130435,33.97,-118.2,1.743
3.1875,44.0,4.012886597938144,1.0038659793814433,2959.0,3.813144329896907,33.96,-118.2,1.717
2.4688,38.0,4.146825396825397,1.0297619047619049,1871.0,3.712301587301587,33.96,-118.21,1.69
3.9408,49.0,4.444794952681388,0.9873817034700316,1268.0,4.0,33.97,-118.21,1.706
3.0313,43.0,4.620052770448549,1.0554089709762533,1558.0,4.110817941952506,33.97,-118.21,1.661
3.1901,52.0,4.7309417040358746,1.0179372197309418,3731.0,4.182735426008969,33.97,-118.21,1.676
3.0313,43.0,6.35,1.1166666666666667,259.0,4.316666666666666,33.97,-118.22,1.661
2.6384,47.0,3.736156351791531,0.96742671009772,1097.0,3.57328990228013,33.97,-118.22,1.629
2.6951,44.0,3.90896159317212,1.0170697012802277,2962.0,4.213371266002845,33.97,-118.23,1.693
3.0143,44.0,3.7838479809976246,1.0403800475059382,3913.0,4.647268408551069,33.96,-118.23,1.482
4.0609,47.0,4.430446194225722,1.0131233595800524,1663.0,4.364829396325459,33.97,-118.22,1.713
2.881,47.0,3.8613138686131383,1.0766423357664234,1097.0,4.0036496350364965,33.97,-118.22,1.833
2.1389,39.0,4.22680412371134,1.090721649484536,1959.0,4.039175257731959,33.96,-118.21,1.689
2.1522,39.0,3.7813021702838063,1.0484140233722872,2323.0,3.8781302170283807,33.96,-118.21,1.553
2.5966,32.0,3.6710526315789473,0.9917763157894736,2361.0,3.883223684210526,33.96,-118.22,1.709
1.9028,36.0,3.2948717948717947,0.9786324786324786,1711.0,3.655982905982906,33.96,-118.22,1.642
2.6179,35.0,2.96900826446281,0.9793388429752066,2113.0,4.365702479338843,33.96,-118.22,1.588
2.8,42.0,4.791666666666667,1.1493055555555556,1290.0,4.479166666666667,33.96,-118.22,1.618
1.7778,38.0,3.3792486583184256,1.0107334525939178,2087.0,3.7334525939177103,33.95,-118.21,1.54
2.8167,36.0,3.4476386036960984,0.9917864476386036,2249.0,4.618069815195072,33.95,-118.22,1.604
3.153,42.0,3.9234642497482377,0.9879154078549848,4496.0,4.527693856998993,33.95,-118.22,1.509
2.5913,42.0,3.5493716337522443,1.0233393177737882,2406.0,4.3195691202872535,33.96,-118.23,1.516
2.2391,43.0,3.406882591093117,1.0526315789473684,2190.0,4.433198380566802,33.95,-118.23,1.528
2.6538,42.0,3.6193771626297577,0.9930795847750864,1218.0,4.214532871972319,33.94,-118.22,1.434
3.0903,42.0,3.4307692307692306,0.913846153846154,1412.0,4.344615384615385,33.94,-118.22,1.535
3.3542,38.0,3.7884615384615374,1.0769230769230769,1155.0,5.552884615384615,33.94,-118.22,1.538
3.4323,41.0,3.9322033898305087,1.055084745762712,1108.0,4.694915254237288,33.94,-118.22,1.446
2.3221,44.0,4.743362831858407,1.0553097345132745,1760.0,3.893805309734513,33.96,-118.2,1.616
2.8371,43.0,4.372340425531915,1.0851063829787233,1190.0,4.219858156028369,33.96,-118.2,1.613
3.055,41.0,4.119891008174387,1.0899182561307903,1690.0,4.604904632152588,33.96,-118.2,1.67
2.9773,37.0,4.43125,1.1104166666666666,2021.0,4.210416666666666,33.96,-118.2,1.646
2.3241,43.0,3.556962025316456,0.940928270042194,1590.0,3.354430379746836,33.96,-118.21,1.593
1.2826,48.0,2.3865546218487395,0.8739495798319328,422.0,3.546218487394958,33.96,-118.21,1.455
1.8641,43.0,3.409090909090909,0.9522727272727272,1726.0,3.922727272727273,33.95,-118.21,1.651
2.4267,35.0,3.55637707948244,0.9611829944547134,2101.0,3.883548983364141,33.95,-118.2,1.515
2.1406,41.0,3.67027027027027,0.9945945945945946,788.0,4.25945945945946,33.95,-118.2,1.653
2.295,32.0,3.695364238410596,1.086092715231788,1265.0,4.188741721854305,33.95,-118.21,1.552
2.2988,35.0,3.635434412265758,1.1073253833049403,2248.0,3.8296422487223167,33.95,-118.21,1.534
2.0372,35.0,3.4449838187702264,0.9935275080906149,2376.0,3.844660194174757,33.95,-118.21,1.608
3.3472,42.0,3.452513966480447,0.9106145251396648,680.0,3.798882681564246,33.94,-118.2,1.542
4.0441,45.0,4.873994638069705,1.093833780160858,1705.0,4.571045576407506,33.94,-118.2,1.575
2.4459,40.0,3.839655172413793,1.0241379310344827,2244.0,3.8689655172413793,33.94,-118.21,1.438
2.84,41.0,4.07900677200903,0.9977426636568848,1628.0,3.674943566591422,33.94,-118.21,1.561
3.2768,44.0,5.338289962825279,1.0074349442379182,850.0,3.159851301115242,33.95,-118.19,1.791
3.3661,45.0,4.897905759162303,0.9712041884816754,1315.0,3.4424083769633507,33.94,-118.19,1.608
3.3846,45.0,4.511254019292605,1.0128617363344052,1111.0,3.572347266881029,33.94,-118.19,1.681
3.0833,41.0,4.384615384615385,0.9903846153846154,1244.0,3.9871794871794872,33.95,-118.19,1.648
2.3882,42.0,3.786697247706422,1.061926605504587,1559.0,3.575688073394496,33.95,-118.19,1.481
3.5125,44.0,4.602605863192182,0.970684039087948,1200.0,3.908794788273616,33.94,-118.2,1.693
3.7361,45.0,5.233333333333333,1.0933333333333333,1321.0,4.403333333333333,33.94,-118.2,1.718
2.5029,43.0,3.922920892494929,1.0365111561866125,1895.0,3.843813387423935,33.94,-118.2,1.597
2.6354,40.0,3.352739726027397,1.0136986301369864,934.0,3.198630136986301,33.96,-118.19,1.518
2.7206,42.0,3.4309063893016343,1.0178306092124814,2609.0,3.87667161961367,33.95,-118.19,1.621
4.7708,32.0,4.566115702479339,0.9421487603305784,1270.0,2.62396694214876,33.94,-118.16,1.786
3.7361,35.0,5.734848484848484,1.143939393939394,474.0,3.590909090909091,33.93,-118.16,1.798
3.4688,44.0,5.570833333333334,1.0208333333333333,968.0,4.033333333333333,33.94,-118.18,1.836
2.9094,39.0,4.017045454545454,1.0965909090909092,1991.0,3.7708333333333335,33.95,-118.18,1.522
3.5341,42.0,4.233766233766234,0.9902597402597404,2062.0,3.3474025974025974,33.95,-118.18,1.675
2.7,43.0,4.778947368421052,1.0736842105263158,2340.0,4.105263157894737,33.94,-118.18,1.65
4.6389,17.0,5.6683168316831685,1.034653465346535,499.0,2.4702970297029703,33.94,-118.17,1.655
1.9107,23.0,3.721495327102804,1.091588785046729,1380.0,2.5794392523364484,33.95,-118.17,1.819
4.3667,36.0,4.913654618473895,1.0100401606425702,1532.0,3.076305220883534,33.92,-118.17,1.718
3.1528,43.0,5.423772609819121,1.028423772609819,1276.0,3.297157622739018,33.92,-118.17,1.668
3.5938,44.0,5.047970479704797,1.022140221402214,899.0,3.3173431734317345,33.92,-118.16,1.613
2.9643,41.0,4.828877005347594,1.0909090909090908,1146.0,3.064171122994652,33.91,-118.16,1.622
3.1087,39.0,3.79344262295082,0.8950819672131147,877.0,2.875409836065574,33.91,-118.17,1.71
3.2734,32.0,4.239583333333333,1.08125,2282.0,4.754166666666666,33.92,-118.18,1.364
2.4583,29.0,3.821428571428572,0.9438775510204082,708.0,3.612244897959184,33.92,-118.18,1.369
2.0785,36.0,4.52,1.0466666666666666,1469.0,4.8966666666666665,33.92,-118.19,1.398
2.1641,31.0,3.809045226130653,1.0050251256281406,1820.0,4.57286432160804,33.93,-118.18,1.229
2.4297,35.0,3.647509578544061,1.0383141762452108,949.0,3.636015325670498,33.93,-118.18,1.472
3.4712,40.0,4.798561151079137,0.9928057553956836,1226.0,4.410071942446043,33.93,-118.19,1.443
3.1912,42.0,4.8514588859416445,1.0371352785145889,1614.0,4.281167108753316,33.93,-118.19,1.464
3.4402,40.0,4.60381861575179,0.9952267303102624,1780.0,4.248210023866348,33.93,-118.2,1.494
3.1667,44.0,4.716374269005848,1.0087719298245614,1227.0,3.587719298245614,33.93,-118.19,1.457
3.0987,43.0,5.20935412026726,1.0846325167037862,1732.0,3.8574610244988863,33.92,-118.19,1.394
3.0871,42.0,4.381987577639752,0.9751552795031057,1432.0,4.447204968944099,33.92,-118.2,1.388
3.5313,38.0,5.511864406779661,1.040677966101695,1280.0,4.338983050847458,33.93,-118.2,1.465
2.1903,34.0,2.6158357771261,0.9325513196480938,1443.0,4.231671554252199,33.94,-118.21,1.625
2.7734,34.0,3.0472103004291844,0.8798283261802575,1134.0,4.866952789699571,33.94,-118.21,1.411
1.9668,30.0,3.206115515288788,0.9762174405436014,3649.0,4.132502831257078,33.93,-118.21,1.521
2.1715,36.0,3.996383363471971,1.1464737793851718,2341.0,4.233273056057866,33.93,-118.2,1.311
2.2847,33.0,3.696356275303644,1.0809716599190284,3423.0,4.619433198380567,33.93,-118.21,1.327
2.6339,41.0,3.7753303964757703,0.8854625550660793,934.0,4.11453744493392,33.93,-118.2,1.457
2.5185,36.0,4.03728813559322,1.1694915254237288,1193.0,4.04406779661017,33.93,-118.2,1.388
2.6953,36.0,3.4020356234096694,0.9720101781170484,1769.0,4.501272264631044,33.93,-118.21,1.21
3.0167,39.0,4.087234042553192,1.0276595744680852,2286.0,4.863829787234042,33.93,-118.22,1.3
2.1964,30.0,2.343915343915344,0.8994708994708994,903.0,4.777777777777778,33.93,-118.22,1.25
2.5833,37.0,4.158536585365853,0.9829268292682928,1839.0,4.485365853658537,33.92,-118.21,1.327
1.9026,28.0,3.170967741935484,1.078494623655914,4551.0,4.893548387096774,33.92,-118.21,1.319
3.4539,43.0,4.561068702290076,0.9770992366412212,1251.0,4.774809160305344,33.92,-118.22,1.25
2.8859,44.0,5.610062893081761,0.8742138364779874,440.0,2.767295597484277,33.91,-118.26,1.208
2.7269,37.0,5.89453125,1.068359375,1720.0,3.359375,33.91,-118.27,1.241
4.4659,32.0,5.321621621621621,1.072972972972973,1349.0,3.645945945945946,33.89,-118.27,1.381
4.2768,21.0,5.487870619946092,1.0152740341419586,3244.0,2.914645103324349,33.87,-118.27,1.814
4.1042,36.0,5.822085889570552,1.0061349693251531,502.0,3.079754601226994,33.92,-118.25,1.244
3.6719,36.0,3.1846153846153844,0.8,477.0,3.669230769230769,33.92,-118.2,1.304
3.2798,45.0,5.173387096774194,1.0201612903225807,1025.0,4.133064516129032,33.92,-118.2,1.412
3.1538,39.0,5.072463768115942,1.0483091787439611,895.0,4.323671497584541,33.92,-118.2,1.556
2.7109,37.0,4.292,1.06,1197.0,4.788,33.91,-118.21,1.33
3.2976,41.0,5.282208588957055,1.1134969325153374,1432.0,4.392638036809816,33.92,-118.21,1.512
3.0134,41.0,3.9130434782608696,0.9285714285714286,1535.0,4.767080745341615,33.91,-118.18,1.281
2.0625,36.0,5.080357142857143,1.0625,878.0,3.919642857142857,33.91,-118.18,1.344
2.6354,43.0,4.071808510638298,0.949468085106383,1509.0,4.013297872340425,33.91,-118.19,1.281
2.0134,35.0,3.81728045325779,1.0594900849858355,2935.0,4.157223796033994,33.91,-118.19,1.324
2.2125,42.0,5.855218855218856,1.245791245791246,1104.0,3.717171717171717,33.89,-118.21,1.207
2.1782,29.0,5.326145552560647,1.196765498652291,1254.0,3.3800539083557952,33.88,-118.21,1.268
2.1211,26.0,4.508474576271187,1.271186440677966,252.0,4.271186440677966,33.89,-118.22,1.381
2.125,41.0,4.782608695652174,1.1014492753623188,776.0,3.748792270531401,33.89,-118.22,1.202
2.25,36.0,4.023041474654378,1.1059907834101383,1086.0,5.0046082949308754,33.89,-118.22,1.266
2.1389,16.0,4.31665228645384,1.0181190681622088,4145.0,3.576358930112166,33.89,-118.23,1.334
3.5687,36.0,4.832460732984293,0.8638743455497382,603.0,3.157068062827225,33.89,-118.26,1.207
5.5591,36.0,5.410714285714286,0.9910714285714286,775.0,3.4598214285714284,33.88,-118.26,1.365
5.1948,16.0,5.848626925653048,0.9973208305425318,3944.0,2.6416610850636304,33.86,-118.22,2.035
5.9684,25.0,6.413101604278075,0.9953208556149732,5237.0,3.500668449197861,33.85,-118.24,1.933
5.3307,25.0,5.12037037037037,0.9583333333333334,888.0,4.111111111111111,33.84,-118.23,2.07
4.8438,22.0,5.490312965722802,1.018628912071535,4721.0,3.5178837555886737,33.83,-118.24,2.131
3.8125,19.0,4.7554945054945055,1.1538461538461535,1032.0,2.8351648351648358,33.84,-118.25,2.081
4.25,18.0,5.601973684210527,1.0386513157894737,3704.0,3.046052631578948,33.87,-118.25,1.692
6.0531,26.0,6.685840707964601,1.0530973451327434,1852.0,4.097345132743363,33.86,-118.25,1.864
5.293,25.0,7.085365853658536,0.9939024390243902,1087.0,3.3140243902439024,33.85,-118.26,2.07
5.542,24.0,6.8357196684250185,1.0060286360211002,4558.0,3.434815373021854,33.85,-118.26,1.975
4.3527,33.0,5.29874213836478,1.0471698113207548,1484.0,4.666666666666667,33.86,-118.27,1.67
3.7466,29.0,5.446315789473684,1.0294736842105263,2115.0,4.4526315789473685,33.86,-118.27,1.686
6.5799,26.0,5.835106382978723,0.8882978723404256,701.0,3.728723404255319,33.86,-118.27,1.966
5.144,27.0,5.041237113402062,1.0103092783505154,403.0,4.154639175257732,33.85,-118.28,1.808
3.8633,27.0,4.26007326007326,0.9761904761904762,1697.0,3.108058608058608,33.84,-118.28,1.879
3.4712,18.0,4.480332829046898,1.0658093797276853,3887.0,2.9402420574886534,33.83,-118.28,1.944
3.5094,11.0,3.6559485530546634,0.9919614147909968,1897.0,3.04983922829582,33.84,-118.29,1.629
3.5,33.0,4.48,1.04,843.0,4.215,33.84,-118.29,1.83
5.061,34.0,5.081553398058253,1.083495145631068,1396.0,2.7106796116504857,33.84,-118.29,2.18
4.7393,23.0,4.960328317373461,1.0930232558139534,2321.0,3.1751025991792066,33.84,-118.29,2.379
4.1378,24.0,4.582306830907055,1.0,2819.0,3.156774916013438,33.83,-118.29,2.165
4.174,26.0,4.465433300876339,1.01460564751704,3680.0,3.583252190847128,33.82,-118.28,2.051
3.4375,21.0,4.80065717415115,0.9868565169769988,2689.0,2.945235487404162,33.82,-118.29,2.188
5.0532,19.0,4.973796033994335,1.0892351274787535,3993.0,2.8279036827195467,33.81,-118.29,2.182
5.3849,30.0,4.80718085106383,1.0106382978723405,2813.0,3.7406914893617023,33.82,-118.28,2.177
5.2034,29.0,5.645491803278689,1.040983606557377,2046.0,4.192622950819672,33.81,-118.28,2.124
4.4015,36.0,4.978125,1.04375,1427.0,4.459375,33.82,-118.27,1.669
4.3687,33.0,4.851063829787234,1.0243161094224924,1650.0,5.015197568389058,33.82,-118.27,1.735
5.2287,37.0,4.3657407407407405,1.0092592592592593,803.0,3.717592592592593,33.82,-118.27,1.911
3.8621,42.0,3.967889908256881,0.9541284403669724,811.0,3.720183486238532,33.81,-118.27,1.653
4.4821,38.0,4.811377245508982,1.0089820359281436,1130.0,3.383233532934132,33.81,-118.27,1.907
4.25,39.0,5.925764192139738,1.0873362445414847,763.0,3.331877729257642,33.82,-118.27,2.003
4.8508,28.0,5.332576617480136,1.0238365493757091,3287.0,3.7309875141884223,33.8,-118.27,2.159
3.9227,24.0,5.034345047923322,1.0199680511182108,3728.0,2.977635782747604,33.84,-118.27,2.086
4.5469,28.0,6.197183098591549,1.1830985915492958,717.0,5.049295774647887,33.83,-118.28,1.757
4.35,28.0,5.016317016317016,0.9673659673659674,1623.0,3.7832167832167833,33.83,-118.27,2.005
3.1667,34.0,4.644628099173554,1.012396694214876,717.0,2.962809917355372,33.83,-118.27,1.869
3.5518,24.0,4.863275039745628,1.1589825119236885,2064.0,3.2813990461049283,33.83,-118.26,1.846
4.1292,28.0,3.9095238095238094,1.0333333333333334,1575.0,3.75,33.82,-118.27,2.019
4.4539,28.0,4.889417360285375,1.0237812128418549,3211.0,3.8180737217598097,33.83,-118.26,1.922
3.4583,28.0,4.28125,1.0677083333333333,627.0,3.265625,33.84,-118.21,1.663
4.0219,35.0,4.204460966542751,1.0148698884758365,1007.0,3.7434944237918217,33.84,-118.22,1.683
4.0687,38.0,4.832080200501253,1.075187969924812,1358.0,3.4035087719298245,33.84,-118.22,1.603
4.4474,42.0,4.176829268292683,0.9115853658536586,1018.0,3.1036585365853657,33.83,-118.22,1.602
3.9091,44.0,5.005586592178771,1.128491620111732,1115.0,3.1145251396648046,33.83,-118.22,1.744
3.7083,43.0,5.166666666666667,0.9855072463768116,871.0,3.1557971014492754,33.83,-118.22,1.752
2.8837,38.0,4.240641711229946,1.032085561497326,601.0,3.213903743315508,33.83,-118.21,1.761
4.125,5.0,5.734177215189874,1.1835443037974684,1453.0,9.19620253164557,33.93,-118.07,1.719
3.7143,39.0,4.994186046511628,0.9534883720930232,673.0,3.9127906976744176,33.93,-118.08,1.582
3.525,39.0,4.61875,1.0125,1127.0,3.521875,33.93,-118.08,1.58
3.6908,38.0,4.962825278810409,1.0483271375464684,1011.0,3.758364312267658,33.92,-118.08,1.575
4.5382,39.0,4.972560975609756,0.9817073170731708,1034.0,3.152439024390244,33.92,-118.08,1.657
3.622,36.0,4.968152866242038,1.019108280254777,1348.0,4.292993630573249,33.92,-118.07,1.74
3.7238,34.0,4.791855203619909,0.98868778280543,1414.0,3.1990950226244346,33.92,-118.08,1.668
3.5556,33.0,4.951859956236324,1.1181619256017503,1626.0,3.557986870897156,33.93,-118.08,1.728
3.2188,34.0,4.623145400593472,1.1127596439169138,1179.0,3.4985163204747773,33.93,-118.08,1.651
4.6976,36.0,5.362612612612613,0.9436936936936936,1669.0,3.759009009009009,33.92,-118.09,1.711
4.8542,36.0,4.365979381443299,0.9536082474226804,713.0,3.6752577319587623,33.92,-118.09,1.674
4.5699,36.0,5.598173515981735,0.9634703196347032,711.0,3.246575342465753,33.92,-118.09,1.708
5.3146,33.0,5.201183431952662,1.0710059171597632,547.0,3.2366863905325443,33.92,-118.09,1.686
3.5455,31.0,5.084615384615384,1.0743589743589743,1157.0,2.966666666666667,33.92,-118.09,1.683
4.1449,37.0,5.769230769230769,1.0532544378698223,1183.0,3.5,33.93,-118.09,1.753
4.0774,35.0,5.225388601036269,0.9922279792746114,1388.0,3.5958549222797926,33.92,-118.1,1.716
4.375,36.0,4.803418803418803,0.9273504273504274,707.0,3.0213675213675213,33.93,-118.1,1.745
3.1397,33.0,4.4,0.9701492537313432,1205.0,3.5970149253731343,33.93,-118.1,1.668
4.3,32.0,5.740112994350283,1.073446327683616,729.0,4.11864406779661,33.92,-118.11,1.513
4.1767,34.0,5.356060606060606,0.9962121212121212,983.0,3.7234848484848486,33.92,-118.11,1.566
3.1607,33.0,5.415254237288136,1.0932203389830508,460.0,3.8983050847457625,33.94,-118.1,1.89
4.5769,35.0,5.711267605633803,1.0633802816901408,845.0,2.9753521126760565,33.93,-118.1,1.861
3.7308,34.0,5.048611111111111,1.084722222222222,2171.0,3.015277777777778,33.95,-118.1,1.969
4.5694,27.0,4.706214689265536,1.0310734463276836,995.0,2.810734463276836,33.95,-118.1,2.043
4.8036,36.0,5.644628099173554,0.9201101928374656,1105.0,3.044077134986226,33.95,-118.11,2.613
3.183,33.0,4.132,1.1186666666666667,2025.0,2.7,33.97,-118.12,1.911
4.625,38.0,4.7309090909090905,0.96,877.0,3.189090909090909,33.96,-118.12,1.913
4.3882,29.0,5.0618181818181816,1.058181818181818,1278.0,2.323636363636364,33.96,-118.11,2.616
4.4125,38.0,6.014285714285714,0.9942857142857144,956.0,2.7314285714285718,33.96,-118.12,2.46
3.2,35.0,4.627450980392157,0.9477124183006536,471.0,3.07843137254902,33.97,-118.12,1.974
4.6992,36.0,6.588014981273409,1.104868913857678,837.0,3.134831460674157,33.97,-118.13,2.519
4.0,38.0,4.56140350877193,0.8859649122807017,557.0,2.442982456140351,33.96,-118.13,2.547
4.5625,35.0,6.0,1.0,706.0,2.824,33.96,-118.13,2.535
5.4042,34.0,5.945205479452055,1.0171232876712328,823.0,2.818493150684932,33.97,-118.13,2.416
4.0,31.0,4.990521327014218,1.0900473933649288,686.0,3.251184834123223,33.95,-118.15,2.632
2.7317,33.0,4.368613138686132,1.051094890510949,1166.0,2.127737226277372,33.94,-118.12,2.647
3.1104,24.0,3.839769452449568,1.067435158501441,3792.0,2.185590778097983,33.95,-118.13,2.3
4.4375,37.0,5.6015625,1.0234375,786.0,3.0703125,33.94,-118.11,2.449
5.0258,32.0,5.44935064935065,0.9818181818181818,1036.0,2.690909090909091,33.94,-118.11,2.554
3.2011,17.0,3.5233918128654973,1.0146198830409356,736.0,2.152046783625731,33.93,-118.11,1.625
2.5893,27.0,4.209966777408638,1.0817275747508306,4673.0,3.104983388704319,33.92,-118.12,1.837
3.0909,27.0,4.360902255639098,1.075187969924812,466.0,3.5037593984962405,33.93,-118.12,1.875
2.4925,28.0,3.6754491017964073,1.0347305389221555,1932.0,2.31377245508982,33.92,-118.13,1.772
3.5227,38.0,4.584269662921348,1.0292134831460673,1775.0,3.988764044943821,33.93,-118.13,2.024
4.1786,36.0,4.776699029126213,0.8883495145631068,615.0,2.9854368932038837,33.92,-118.13,2.015
3.2237,31.0,4.65792759051186,1.0649188514357053,2313.0,2.8876404494382024,33.92,-118.14,2.182
3.3681,31.0,4.826807228915663,1.0948795180722892,1647.0,2.480421686746988,33.93,-118.14,2.239
4.4279,32.0,4.671945701357466,0.990950226244344,1075.0,2.432126696832579,33.93,-118.14,2.264
4.6583,30.0,5.2742759795570695,1.06984667802385,1676.0,2.8551959114139693,33.93,-118.15,2.073
3.1496,34.0,4.348360655737705,1.0594262295081966,1578.0,3.2336065573770494,33.93,-118.13,1.919
2.6862,19.0,3.9668141592920354,0.9889380530973452,1222.0,2.7035398230088497,33.93,-118.13,1.958
2.9205,31.0,4.012711864406779,1.0932203389830508,1612.0,2.2768361581920904,33.94,-118.14,1.966
4.0039,35.0,4.929042904290429,0.9917491749174916,1561.0,2.575907590759076,33.94,-118.14,2.265
4.2594,36.0,5.366391184573002,0.9393939393939394,992.0,2.7327823691460056,33.94,-118.15,2.424
3.3289,37.0,4.934984520123839,0.9938080495356038,1003.0,3.1052631578947367,33.94,-118.15,1.997
2.7875,35.0,4.48371335504886,1.1433224755700326,1592.0,2.592833876221498,33.95,-118.15,2.09
3.6936,25.0,4.448735019973369,1.0505992010652463,1685.0,2.243675099866844,33.94,-118.16,2.383
3.7614,25.0,4.540792540792541,1.0093240093240092,1128.0,2.629370629370629,33.93,-118.15,2.559
3.9352,25.0,5.071492403932083,1.093833780160858,3317.0,2.9642537980339587,33.94,-118.16,2.329
4.9808,42.0,5.424778761061947,1.0206489675516224,1034.0,3.050147492625369,33.93,-118.15,2.123
3.3411,34.0,4.2560975609756095,0.9853658536585366,1084.0,2.6439024390243904,33.93,-118.15,2.205
4.4881,36.0,5.759776536312849,0.9804469273743016,1134.0,3.1675977653631286,33.92,-118.16,2.189
3.9327,35.0,4.355311355311355,1.0238095238095235,1799.0,3.2948717948717947,33.92,-118.14,1.905
4.375,36.0,4.896373056994818,1.0362694300518134,1232.0,3.1917098445595853,33.92,-118.15,1.842
4.3194,40.0,4.73404255319149,0.99645390070922,804.0,2.851063829787234,33.92,-118.15,1.984
2.5875,28.0,4.236734693877551,1.0285714285714285,912.0,3.722448979591837,33.92,-118.15,1.612
2.5208,30.0,4.3364928909952605,1.1090047393364928,646.0,3.061611374407583,33.92,-118.15,1.828
3.1369,19.0,4.129729729729729,1.0256756756756755,1561.0,2.10945945945946,33.91,-118.11,1.969
4.6389,34.0,4.736111111111111,0.9166666666666666,491.0,3.4097222222222223,33.91,-118.12,1.738
3.7917,35.0,5.0,0.9838709677419356,381.0,3.0725806451612905,33.91,-118.12,1.839
3.6917,35.0,6.047808764940239,1.1115537848605577,857.0,3.414342629482072,33.91,-118.12,1.975
4.9375,35.0,5.342857142857143,0.9904761904761904,261.0,2.4857142857142858,33.91,-118.13,1.838
4.9107,34.0,5.585365853658536,0.9878048780487804,552.0,3.365853658536585,33.91,-118.13,2.22
4.475,36.0,5.45273631840796,1.0149253731343284,569.0,2.8308457711442787,33.91,-118.14,1.823
3.0465,34.0,4.754137115839243,1.115839243498818,1087.0,2.569739952718676,33.91,-118.14,1.878
4.875,40.0,5.181818181818182,1.0101010101010102,399.0,4.03030303030303,33.91,-118.1,1.676
4.2679,36.0,5.373134328358209,1.0,719.0,3.577114427860697,33.91,-118.1,1.758
3.6389,36.0,5.584615384615384,1.1153846153846154,490.0,3.769230769230769,33.91,-118.1,1.676
4.7813,35.0,4.678861788617886,1.008130081300813,809.0,3.2886178861788617,33.9,-118.1,1.6
4.9609,29.0,5.45398773006135,1.01840490797546,597.0,3.6625766871165646,33.91,-118.11,1.867
4.0878,22.0,4.3347921225382935,1.032822757111597,1231.0,2.6936542669584247,33.91,-118.11,1.537
2.6397,29.0,4.469026548672566,1.0,411.0,3.637168141592921,33.91,-118.1,1.644
3.7969,14.0,5.105603448275862,1.3017241379310345,1546.0,3.331896551724138,33.91,-118.09,1.594
3.4211,34.0,4.882716049382716,1.058641975308642,1356.0,4.185185185185185,33.91,-118.09,1.411
4.0517,36.0,5.380597014925373,1.0111940298507462,990.0,3.694029850746269,33.91,-118.09,1.622
3.7383,35.0,4.658878504672897,0.9789719626168224,1491.0,3.483644859813084,33.92,-118.09,1.662
4.9732,35.0,4.975,1.046875,1238.0,3.86875,33.91,-118.1,1.65
5.1187,36.0,4.816770186335404,0.922360248447205,1100.0,3.4161490683229814,33.91,-118.08,1.681
0.9946,30.0,3.3317073170731706,1.1219512195121952,920.0,2.2439024390243905,33.91,-118.08,1.599
3.7604,36.0,4.2631578947368425,0.9789473684210528,862.0,3.024561403508772,33.9,-118.09,1.587
4.2132,37.0,4.964285714285714,0.9910714285714286,771.0,3.4419642857142856,33.9,-118.09,1.646
3.2708,35.0,5.4916943521594686,1.079734219269103,1072.0,3.5614617940199333,33.91,-118.1,1.597
2.8608,30.0,3.641340782122905,1.0525139664804468,2744.0,3.065921787709497,33.91,-118.08,1.656
3.1957,29.0,4.355839416058394,1.04014598540146,1978.0,3.6094890510948905,33.91,-118.07,1.592
2.895,18.0,4.30958904109589,1.084931506849315,1200.0,3.287671232876712,33.91,-118.08,1.469
4.1387,24.0,4.647619047619048,0.9942857142857144,4516.0,4.300952380952381,33.91,-118.06,1.577
3.2031,21.0,4.610305958132045,1.1288244766505635,1489.0,2.397745571658615,33.91,-118.06,1.807
4.6731,36.0,4.945454545454545,0.9854545454545456,909.0,3.3054545454545456,33.91,-118.06,1.733
4.023,35.0,5.217798594847775,1.0843091334894617,1558.0,3.648711943793911,33.91,-118.07,1.577
1.875,41.0,4.4,1.032,642.0,5.136,33.9,-118.05,1.199
3.1897,36.0,4.380753138075314,0.9497907949790796,975.0,4.079497907949791,33.9,-118.05,1.55
4.4167,37.0,4.919491525423729,1.076271186440678,882.0,3.73728813559322,33.9,-118.06,1.58
5.1104,26.0,5.530066815144767,0.9175946547884188,1538.0,3.425389755011136,33.89,-118.06,2.205
4.537,29.0,5.126126126126126,0.9774774774774776,964.0,4.342342342342342,33.89,-118.07,1.853
3.0777,17.0,4.341796875,1.0625,2008.0,3.921875,33.89,-118.07,1.608
3.125,35.0,4.320754716981132,1.0339622641509434,1651.0,6.230188679245283,33.89,-118.07,1.203
3.0357,28.0,3.8475836431226766,1.0223048327137547,1545.0,5.743494423791821,33.89,-118.08,1.234
3.2857,37.0,5.12,1.1511111111111112,981.0,4.36,33.89,-118.08,1.536
3.8846,39.0,4.830115830115831,1.054054054054054,1849.0,3.5694980694980694,33.9,-118.07,1.641
3.8672,42.0,4.416666666666667,0.9824561403508772,776.0,3.4035087719298245,33.9,-118.07,1.627
4.6406,45.0,5.270029673590504,1.0474777448071215,1180.0,3.5014836795252227,33.9,-118.07,1.692
4.2083,44.0,4.924050632911392,1.0,733.0,3.092827004219409,33.9,-118.08,1.683
3.558,42.0,4.804347826086956,1.0108695652173914,1155.0,3.1385869565217392,33.9,-118.08,1.611
4.0461,37.0,4.739669421487603,1.0661157024793388,742.0,3.066115702479338,33.9,-118.09,1.535
3.1441,33.0,4.827285921625545,1.0449927431059507,2533.0,3.676342525399129,33.9,-118.09,1.763
4.325,43.0,5.028455284552845,0.9878048780487804,776.0,3.154471544715447,33.9,-118.1,1.66
4.4167,40.0,4.973544973544974,0.9973544973544972,1229.0,3.251322751322751,33.9,-118.1,1.746
3.7321,41.0,4.659217877094972,0.9273743016759776,603.0,3.368715083798883,33.89,-118.08,1.675
3.6875,42.0,5.637254901960785,1.053921568627451,708.0,3.4705882352941178,33.89,-118.09,1.715
4.0926,42.0,4.525114155251141,0.9817351598173516,717.0,3.2739726027397262,33.89,-118.09,1.644
3.099,27.0,4.191122071516646,1.0875462392108508,2465.0,3.0394574599260173,33.89,-118.09,1.666
4.4934,34.0,5.060948081264108,0.984198645598194,1483.0,3.3476297968397293,33.89,-118.1,1.856
4.75,37.0,5.150485436893204,0.9805825242718448,768.0,3.728155339805826,33.9,-118.1,1.619
3.6,37.0,4.3497267759562845,0.9562841530054644,740.0,4.043715846994536,33.9,-118.1,1.564
4.7159,36.0,5.613138686131387,1.0364963503649636,498.0,3.6350364963503647,33.89,-118.1,1.821
3.5865,35.0,5.372972972972973,1.0972972972972972,602.0,3.254054054054054,33.89,-118.1,1.78
4.4896,35.0,5.540425531914893,1.053191489361702,1465.0,3.117021276595745,33.9,-118.11,1.846
3.5052,26.0,4.835457705677868,1.034762456546929,2471.0,2.8632676709154112,33.9,-118.11,1.96
4.375,35.0,4.888412017167382,0.8454935622317596,772.0,3.313304721030043,33.89,-118.11,2.047
3.2069,34.0,4.601834862385321,1.089908256880734,1549.0,2.842201834862385,33.89,-118.11,2.365
5.0753,35.0,5.5125,1.1208333333333331,1084.0,4.516666666666667,33.9,-118.11,1.78
5.1423,36.0,4.845323741007194,1.0,748.0,2.6906474820143886,33.9,-118.11,1.831
3.8824,36.0,5.156398104265403,1.09478672985782,617.0,2.924170616113744,33.91,-118.11,1.931
3.5772,36.0,5.486590038314176,1.0153256704980842,749.0,2.8697318007662838,33.91,-118.12,2.074
3.0,36.0,5.210659898477157,0.9796954314720812,1023.0,2.5964467005076144,33.91,-118.12,2.166
4.7663,38.0,5.566037735849057,1.0150943396226415,827.0,3.120754716981132,33.9,-118.13,1.916
4.4948,36.0,6.428104575163399,1.0326797385620916,910.0,2.973856209150327,33.91,-118.13,1.906
4.375,37.0,5.325714285714286,0.9771428571428572,578.0,3.302857142857143,33.91,-118.14,1.776
3.5972,26.0,5.0,1.097902097902098,1150.0,2.6806526806526807,33.9,-118.14,2.258
3.0703,34.0,4.371287128712871,1.0148514851485149,974.0,2.410891089108911,33.91,-118.14,1.808
3.1204,32.0,4.596287703016241,1.0951276102088168,1371.0,3.1809744779582365,33.91,-118.14,2.042
4.0313,35.0,4.746268656716418,1.044776119402985,1299.0,3.8776119402985074,33.91,-118.15,1.632
2.9643,38.0,4.331730769230769,0.9855769230769232,760.0,3.6538461538461537,33.91,-118.15,1.474
2.809,20.0,4.305135951661631,1.1132930513595165,1855.0,2.802114803625378,33.9,-118.15,1.446
2.7339,28.0,4.057239057239057,1.037037037037037,2399.0,4.038720538720539,33.9,-118.16,1.567
2.9531,28.0,4.341753343239227,1.098068350668648,3013.0,4.476968796433878,33.91,-118.16,1.271
3.0967,35.0,3.8228882833787465,0.9209809264305178,1415.0,3.8555858310626703,33.91,-118.16,1.44
3.3182,35.0,3.9047619047619047,0.7891156462585034,610.0,4.149659863945578,33.91,-118.15,1.333
2.3456,25.0,4.04930966469428,1.1400394477317557,1721.0,3.3944773175542404,33.91,-118.15,1.461
3.1507,6.0,4.838483146067416,1.1896067415730338,2467.0,3.4648876404494384,33.91,-118.16,1.44
3.8,42.0,4.38974358974359,0.8564102564102564,748.0,3.835897435897436,33.91,-118.17,1.458
3.9333,37.0,4.357558139534884,0.8372093023255814,1237.0,3.5959302325581395,33.91,-118.17,1.623
2.4333,25.0,4.168292682926829,1.078048780487805,1177.0,2.870731707317073,33.9,-118.18,1.55
3.5461,32.0,3.9672131147540974,0.9972677595628416,1888.0,5.158469945355192,33.9,-118.18,1.464
2.7292,32.0,3.722488038277512,1.0861244019138756,933.0,4.464114832535885,33.9,-118.18,1.438
3.0909,31.0,4.402777777777778,1.046875,2625.0,4.557291666666667,33.9,-118.18,1.509
3.1012,34.0,3.692307692307693,0.9467455621301776,1960.0,5.798816568047338,33.9,-118.18,1.404
2.1859,38.0,4.472222222222222,1.0462962962962965,389.0,3.601851851851852,33.89,-118.16,1.438
1.7344,6.0,3.3983572895277208,1.1006160164271048,1201.0,2.46611909650924,33.89,-118.16,1.458
2.6328,11.0,4.129438717067584,1.0080183276059564,3637.0,4.166093928980527,33.89,-118.17,1.607
2.6742,25.0,4.328928046989721,1.0748898678414096,4149.0,3.0462555066079293,33.89,-118.18,1.319
3.274,30.0,4.805646036916396,1.0803474484256244,4196.0,4.5559174809989145,33.89,-118.15,1.483
2.52,24.0,4.088888888888889,1.055072463768116,2688.0,2.597101449275362,33.88,-118.15,1.46
3.407,33.0,4.401854714064915,0.990726429675425,2319.0,3.5842349304482224,33.89,-118.15,1.908
3.2813,46.0,4.392523364485982,1.0233644859813085,599.0,2.799065420560748,33.89,-118.16,1.909
2.9779,30.0,4.422976501305483,1.0391644908616189,1181.0,3.08355091383812,33.88,-118.16,1.695
3.4868,36.0,5.227665706051873,1.0086455331412103,886.0,2.553314121037464,33.9,-118.13,2.084
2.8906,33.0,4.340828402366864,1.02603550295858,2368.0,2.8023668639053256,33.89,-118.13,2.049
2.9292,33.0,4.066666666666666,1.1148936170212769,1774.0,2.5163120567375885,33.89,-118.14,1.834
5.0395,36.0,4.309352517985611,0.8992805755395683,361.0,2.597122302158273,33.89,-118.13,2.258
3.625,36.0,5.075601374570447,1.0481099656357389,788.0,2.7079037800687287,33.9,-118.13,1.958
3.3375,39.0,4.738831615120275,0.9690721649484536,883.0,3.0343642611683848,33.9,-118.14,1.801
3.9038,35.0,6.177966101694915,1.1059322033898304,686.0,2.906779661016949,33.9,-118.13,2.027
2.9375,35.0,5.167904903417534,1.0846953937592867,1885.0,2.800891530460624,33.9,-118.12,2.065
2.9293,22.0,3.6593932943054814,1.0431080361894625,5162.0,2.74720596061735,33.89,-118.12,1.708
2.5432,29.0,3.413572343149808,1.085787451984635,2030.0,2.599231754161332,33.89,-118.12,1.809
4.125,38.0,4.7734375,1.1015625,756.0,2.953125,33.9,-118.12,1.739
2.6184,25.0,3.622950819672131,1.1454918032786885,983.0,2.014344262295082,33.88,-118.12,2.438
3.1923,40.0,4.3088235294117645,1.0496323529411764,1305.0,2.398897058823529,33.88,-118.12,1.919
2.2027,32.0,3.2301255230125525,1.0711297071129706,1981.0,2.0721757322175733,33.88,-118.13,1.927
2.7121,29.0,4.163716814159292,1.0870206489675516,1723.0,2.5412979351032448,33.89,-118.13,1.655
4.9107,37.0,4.769547325102881,0.9794238683127572,740.0,3.045267489711934,33.89,-118.14,1.796
4.5735,39.0,5.284848484848485,1.0272727272727271,1048.0,3.175757575757576,33.89,-118.14,1.955
4.0507,30.0,4.816326530612245,1.0760667903525047,1662.0,3.0834879406307976,33.88,-118.14,1.795
4.1708,33.0,4.664179104477612,1.0298507462686568,866.0,3.2313432835820897,33.89,-118.14,1.75
4.3646,41.0,4.489736070381231,1.0058651026392962,1119.0,3.281524926686217,33.88,-118.14,1.614
2.6641,24.0,3.7514188422247448,1.1146424517593645,2085.0,2.366628830874007,33.88,-118.14,1.682
3.3713,29.0,4.359805510534846,1.06807131280389,1747.0,2.831442463533225,33.87,-118.15,1.982
4.0911,19.0,4.802098950524738,1.0614692653673163,1761.0,2.640179910044977,33.88,-118.11,2.397
4.6713,33.0,4.643097643097643,0.8552188552188552,795.0,2.676767676767677,33.87,-118.11,2.318
5.0417,15.0,5.26537216828479,0.9676375404530744,1772.0,2.867313915857605,33.87,-118.11,2.408
2.5057,21.0,3.852610030706244,1.106448311156602,1919.0,1.9641760491299896,33.87,-118.12,1.563
3.0795,36.0,5.1571428571428575,1.0380952380952382,557.0,2.6523809523809523,33.88,-118.12,2.184
3.5278,32.0,3.878524945770065,0.9956616052060736,1131.0,2.453362255965293,33.88,-118.13,1.661
3.3304,20.0,4.425790754257908,1.0559610705596107,2326.0,2.829683698296837,33.87,-118.13,1.946
3.0989,21.0,4.013341419041844,1.0751970891449365,4396.0,2.6658580958156457,33.87,-118.14,1.714
4.2619,17.0,4.593511450381679,1.0286259541984732,1422.0,2.713740458015267,33.88,-118.07,1.397
3.6417,27.0,4.262865090403338,1.023643949930459,1840.0,2.5591098748261474,33.88,-118.08,2.081
3.8654,27.0,5.500881834215168,1.1199294532627866,1887.0,3.328042328042328,33.88,-118.09,1.953
3.5562,32.0,5.052777777777778,1.0722222222222222,1679.0,4.663888888888889,33.89,-118.07,1.46
4.0,33.0,5.002347417840376,1.0211267605633805,2045.0,4.800469483568075,33.89,-118.08,1.457
3.825,27.0,4.5245098039215685,0.9117647058823528,1014.0,4.970588235294118,33.88,-118.08,1.595
3.2639,30.0,3.832661290322581,1.0463709677419355,2685.0,5.413306451612903,33.88,-118.08,1.201
5.1645,26.0,5.48,0.9818181818181818,931.0,3.3854545454545453,33.88,-118.08,2.449
4.1406,23.0,4.561151079136691,0.9928057553956836,2012.0,3.618705035971223,33.87,-118.08,2.008
3.6339,28.0,5.592074592074592,1.0163170163170163,1613.0,3.75990675990676,33.87,-118.07,2.201
3.9837,31.0,5.018651362984218,1.0444763271162123,2098.0,3.010043041606887,33.87,-118.09,2.46
3.7091,31.0,6.235169491525424,1.097457627118644,1703.0,3.608050847457627,33.86,-118.07,2.259
3.425,28.0,5.421212121212121,1.0666666666666669,1347.0,4.081818181818182,33.86,-118.07,1.897
3.2679,26.0,4.182795698924731,0.9301075268817204,539.0,2.8978494623655915,33.86,-118.08,2.365
3.5268,29.0,4.423337856173677,1.062415196743555,1969.0,2.671641791044776,33.86,-118.08,2.155
3.3333,29.0,4.104838709677419,0.9475806451612904,684.0,2.7580645161290325,33.86,-118.08,1.988
3.625,31.0,4.008431703204047,1.011804384485666,2042.0,3.443507588532884,33.84,-118.08,1.704
4.8448,31.0,5.25497287522604,1.0452079566003616,1806.0,3.2658227848101267,33.84,-118.08,1.946
4.54,23.0,5.347878787878788,1.103030303030303,2380.0,2.8848484848484848,33.84,-118.09,2.131
4.7917,27.0,4.98125,0.921875,1061.0,3.315625,33.84,-118.09,2.177
6.0,22.0,4.88425925925926,0.9444444444444444,682.0,3.1574074074074074,33.85,-118.08,1.913
3.7961,28.0,4.705357142857143,1.0580357142857142,2997.0,3.344866071428572,33.84,-118.08,1.627
3.3438,25.0,4.297674418604651,1.1081395348837209,2827.0,3.2872093023255813,33.84,-118.08,1.533
4.7953,26.0,4.843423799582464,1.011830201809325,4367.0,3.0389700765483645,33.84,-118.06,2.109
4.0542,20.0,4.722175732217573,1.0301255230125523,3841.0,3.214225941422594,33.84,-118.06,1.684
5.7965,27.0,6.2160714285714285,1.0285714285714285,1660.0,2.9642857142857144,33.82,-118.07,2.282
2.7759,30.0,4.167619047619048,1.059047619047619,2727.0,5.194285714285714,33.83,-118.08,1.368
2.5978,17.0,4.316920322291853,1.0456580125335722,3868.0,3.4628469113697404,33.83,-118.07,1.429
5.3889,33.0,6.078880407124682,1.0432569974554708,1229.0,3.127226463104326,33.86,-118.11,2.349
4.2,35.0,4.49820788530466,0.9032258064516128,685.0,2.455197132616488,33.86,-118.11,2.269
4.3194,44.0,5.764069264069264,1.106060606060606,1277.0,2.764069264069264,33.86,-118.12,1.995
3.0405,43.0,4.6657142857142855,1.0142857142857142,837.0,2.3914285714285715,33.87,-118.12,1.88
4.6765,45.0,5.444067796610169,1.0169491525423728,735.0,2.4915254237288136,33.87,-118.13,1.984
4.4,45.0,5.15625,1.0,645.0,2.51953125,33.86,-118.13,2.095
3.5833,45.0,5.424418604651163,0.997093023255814,919.0,2.671511627906977,33.86,-118.13,2.002
4.3942,44.0,5.206896551724138,0.987460815047022,985.0,3.0877742946708464,33.87,-118.14,2.195
5.0,43.0,5.313131313131313,0.9646464646464646,1071.0,2.7045454545454546,33.86,-118.14,2.089
4.625,44.0,6.163090128755365,1.1030042918454936,745.0,3.1974248927038627,33.86,-118.14,2.134
4.8667,44.0,5.990610328638498,1.0985915492957747,538.0,2.5258215962441315,33.86,-118.14,2.183
5.084,44.0,5.678445229681979,0.9575971731448764,799.0,2.823321554770318,33.87,-118.14,2.141
4.8942,36.0,5.07395498392283,1.0032154340836013,827.0,2.6591639871382635,33.86,-118.15,1.941
4.4934,34.0,6.225388601036269,1.0699481865284974,1385.0,3.588082901554404,33.86,-118.15,2.138
3.0114,33.0,4.668094218415417,1.1177730192719486,1634.0,3.498929336188437,33.88,-118.16,1.67
3.0685,33.0,4.155866900175131,0.9667250437828372,1673.0,2.9299474605954465,33.87,-118.15,1.818
2.6406,32.0,3.8786610878661087,0.9853556485355648,1363.0,2.8514644351464438,33.87,-118.16,1.567
1.9903,18.0,4.258845437616388,1.2327746741154562,1804.0,3.359404096834264,33.88,-118.16,1.703
3.0052,29.0,4.453551912568306,1.1256830601092895,590.0,3.2240437158469946,33.88,-118.17,1.667
3.0893,42.0,4.686609686609686,1.056980056980057,1161.0,3.3076923076923075,33.88,-118.17,1.627
4.625,47.0,5.068965517241379,1.0632183908045978,536.0,3.0804597701149423,33.88,-118.18,1.63
4.7361,44.0,5.518987341772152,1.1265822784810129,783.0,3.3037974683544302,33.88,-118.18,1.677
3.1713,42.0,4.642714570858283,1.003992015968064,1832.0,3.656686626746507,33.88,-118.18,1.61
2.5417,27.0,3.865953947368421,1.1175986842105263,2571.0,2.114309210526316,33.87,-118.19,1.841
2.875,35.0,4.582901554404145,1.1295336787564767,1166.0,3.0207253886010363,33.87,-118.19,1.783
3.7031,42.0,5.010025062656641,1.0802005012531328,1060.0,2.656641604010025,33.86,-118.19,1.671
3.4375,46.0,4.044345898004434,0.9711751662971176,1200.0,2.6607538802660757,33.86,-118.19,1.567
2.7045,38.0,4.454545454545454,1.1618625277161865,1449.0,3.212860310421286,33.86,-118.19,1.554
2.2381,35.0,4.180811808118081,1.0922509225092252,774.0,2.856088560885609,33.86,-118.19,1.375
3.1215,36.0,3.85632183908046,1.0459770114942528,1659.0,3.17816091954023,33.86,-118.19,1.536
2.6465,27.0,3.44080604534005,1.0919395465994963,1690.0,2.1284634760705288,33.86,-118.2,1.602
3.6987,42.0,5.296943231441048,1.1746724890829694,628.0,2.7423580786026203,33.87,-118.19,1.521
4.2083,40.0,5.164133738601824,1.0516717325227964,1188.0,3.6109422492401215,33.88,-118.2,1.473
3.2368,40.0,4.268115942028985,1.0507246376811594,2858.0,4.142028985507246,33.88,-118.2,1.369
2.0125,31.0,3.669421487603306,1.1487603305785123,1405.0,3.870523415977961,33.88,-118.21,1.43
3.225,32.0,4.305714285714286,1.082857142857143,1082.0,3.091428571428572,33.88,-118.21,1.382
2.525,26.0,3.3160377358490565,0.9528301886792452,757.0,3.570754716981132,33.87,-118.2,1.555
3.9469,42.0,4.6750788643533125,0.9779179810725552,1052.0,3.3186119873817037,33.87,-118.2,1.582
4.2135,36.0,5.886363636363637,1.0340909090909092,974.0,3.689393939393939,33.87,-118.2,1.614
3.5646,40.0,4.593283582089552,1.0951492537313432,1821.0,3.3973880597014925,33.87,-118.17,1.626
3.025,44.0,4.4296875,1.03125,1091.0,2.841145833333333,33.86,-118.17,1.623
3.0319,49.0,4.402272727272727,1.0113636363636365,1339.0,3.043181818181818,33.87,-118.17,1.628
3.765,48.0,4.589430894308944,1.0345528455284554,1395.0,2.8353658536585367,33.87,-118.17,1.648
2.9803,45.0,4.647577092511013,1.0881057268722467,1404.0,3.092511013215859,33.87,-118.17,1.659
3.4408,44.0,4.867881548974943,1.0501138952164009,1126.0,2.5649202733485192,33.87,-118.18,1.729
4.0658,44.0,4.523456790123457,0.9901234567901236,1056.0,2.607407407407408,33.87,-118.18,1.751
3.7527,38.0,4.410596026490066,1.0364238410596027,1627.0,2.693708609271523,33.87,-118.18,1.619
2.5068,26.0,4.2406931964056485,1.0673940949935816,4066.0,2.609756097560976,33.86,-118.16,1.563
2.9886,10.0,3.3752535496957403,1.0304259634888435,1369.0,2.7768762677484786,33.86,-118.17,1.75
3.07,39.0,4.28,1.001904761904762,1670.0,3.1809523809523808,33.85,-118.17,1.73
3.6897,38.0,4.322115384615385,1.0360576923076923,2416.0,2.9038461538461537,33.85,-118.18,1.698
3.6719,43.0,4.482084690553746,1.0504885993485342,1674.0,2.726384364820847,33.86,-118.18,1.613
2.375,39.0,4.55607476635514,1.1401869158878504,1702.0,2.651090342679128,33.86,-118.18,1.608
2.3804,40.0,3.872023809523809,1.0178571428571428,954.0,2.8392857142857144,33.86,-118.17,1.58
4.2062,37.0,5.441860465116279,0.996124031007752,652.0,2.5271317829457365,33.86,-118.14,1.954
2.7268,30.0,4.1969072164948455,1.1,2144.0,2.210309278350516,33.85,-118.15,2.181
4.1439,36.0,6.132478632478633,1.064102564102564,606.0,2.58974358974359,33.85,-118.15,2.126
4.0781,36.0,5.605263157894737,0.9736842105263158,699.0,2.6278195488721803,33.85,-118.15,2.173
2.4659,32.0,5.356415478615071,1.1384928716904277,1069.0,2.1771894093686357,33.86,-118.15,2.09
4.0714,36.0,5.581589958158996,0.9895397489539748,1315.0,2.7510460251046025,33.85,-118.16,2.156
4.0815,36.0,5.837758112094395,1.0,952.0,2.808259587020649,33.85,-118.16,2.162
5.1805,37.0,5.469733656174334,1.0290556900726393,1183.0,2.864406779661017,33.86,-118.13,2.016
4.6019,36.0,5.235732009925559,1.032258064516129,1128.0,2.7990074441687347,33.85,-118.13,2.084
3.55,36.0,4.654320987654321,0.965432098765432,1049.0,2.5901234567901232,33.85,-118.13,2.128
4.8571,36.0,5.327327327327327,1.045045045045045,934.0,2.804804804804805,33.86,-118.14,2.033
5.0106,36.0,5.529220779220779,1.0551948051948052,845.0,2.743506493506493,33.86,-118.14,2.108
5.2639,28.0,6.023454157782516,1.0021321961620469,1352.0,2.88272921108742,33.85,-118.1,2.42
5.9493,36.0,5.7315175097276265,0.9844357976653696,713.0,2.77431906614786,33.85,-118.1,2.28
4.6429,36.0,6.089171974522293,1.0127388535031847,416.0,2.64968152866242,33.85,-118.1,2.237
4.125,36.0,5.649681528662421,1.038216560509554,482.0,3.070063694267516,33.85,-118.11,2.195
4.8393,36.0,6.248062015503876,1.005167958656331,1138.0,2.940568475452197,33.85,-118.11,2.163
4.9904,36.0,6.004366812227074,1.0633187772925763,1386.0,3.0262008733624453,33.86,-118.11,2.217
4.8516,34.0,5.343434343434343,1.0782828282828285,972.0,2.4545454545454546,33.86,-118.12,2.136
4.3661,37.0,5.372141372141372,0.9417879417879418,1333.0,2.771309771309771,33.85,-118.12,2.199
4.6908,37.0,5.979949874686716,1.025062656641604,1101.0,2.759398496240601,33.85,-118.12,2.182
5.296,35.0,6.806083650190114,1.0228136882129275,924.0,3.5133079847908744,33.84,-118.1,2.262
4.7222,36.0,6.003134796238244,0.9905956112852664,850.0,2.664576802507837,33.84,-118.1,2.258
4.0603,37.0,6.164670658682635,1.0449101796407183,825.0,2.470059880239521,33.83,-118.1,2.252
5.5767,36.0,5.993055555555555,0.9965277777777778,820.0,2.8472222222222223,33.83,-118.11,2.181
4.5417,36.0,6.203187250996016,1.0756972111553784,697.0,2.7768924302788847,33.84,-118.1,2.196
5.1836,36.0,5.926267281105991,0.9700460829493088,1318.0,3.0368663594470044,33.84,-118.1,2.197
3.7813,36.0,6.634615384615385,1.0480769230769231,316.0,3.0384615384615383,33.84,-118.1,2.091
4.8594,37.0,6.481632653061224,1.110204081632653,692.0,2.8244897959183675,33.84,-118.11,2.203
5.5581,36.0,6.118466898954704,1.0348432055749128,798.0,2.7804878048780486,33.84,-118.11,2.183
4.4423,37.0,5.684350132625995,1.013262599469496,1047.0,2.777188328912467,33.84,-118.12,2.16
5.0719,37.0,5.684873949579832,0.9705882352941176,1331.0,2.796218487394958,33.84,-118.12,2.2
4.625,36.0,5.479591836734694,0.9591836734693876,496.0,2.5306122448979598,33.84,-118.11,2.174
4.875,36.0,5.4784172661870505,0.946043165467626,717.0,2.579136690647482,33.84,-118.11,2.189
4.2703,36.0,5.966555183946488,1.013377926421405,964.0,3.2240802675585285,33.83,-118.11,2.209
4.3594,44.0,5.843003412969283,1.0716723549488054,691.0,2.358361774744027,33.83,-118.12,2.213
4.1094,37.0,5.830985915492958,1.0375586854460097,565.0,2.652582159624413,33.84,-118.12,2.158
4.8438,36.0,5.626923076923077,0.9884615384615384,722.0,2.776923076923077,33.84,-118.11,2.263
3.5465,35.0,4.482861400894188,1.0044709388971684,1584.0,2.360655737704918,33.84,-118.13,2.132
4.4286,44.0,5.013179571663921,1.0197693574958815,1316.0,2.168039538714992,33.84,-118.14,2.549
4.933,36.0,6.373673036093418,1.0276008492569002,1322.0,2.8067940552016983,33.84,-118.14,2.289
4.8013,36.0,6.010060362173038,0.9879275653923542,1360.0,2.7364185110663986,33.84,-118.15,2.241
3.75,37.0,6.257261410788382,1.045643153526971,635.0,2.6348547717842323,33.84,-118.15,2.213
4.1538,36.0,5.764150943396227,1.018867924528302,1199.0,2.827830188679245,33.84,-118.16,2.188
3.6447,36.0,6.099547511312217,1.0588235294117647,643.0,2.909502262443439,33.84,-118.16,2.11
3.8646,36.0,4.975395430579965,1.0070298769771528,1462.0,2.5694200351493848,33.84,-118.16,2.146
5.0719,36.0,6.3247863247863245,1.0455840455840455,1002.0,2.8547008547008548,33.84,-118.16,2.195
4.2218,37.0,5.351585014409222,1.020172910662824,1956.0,2.8184438040345823,33.85,-118.17,2.005
3.4605,45.0,4.576119402985075,0.9880597014925372,791.0,2.361194029850746,33.84,-118.17,1.866
2.726,29.0,3.707547169811321,1.078616352201258,2515.0,1.9772012578616351,33.84,-118.17,2.087
5.0787,45.0,5.790625,1.025,945.0,2.953125,33.84,-118.17,2.192
4.1023,45.0,5.95575221238938,1.0707964601769913,880.0,2.595870206489676,33.83,-118.17,2.173
3.975,40.0,4.645796064400716,1.0411449016100178,1285.0,2.298747763864043,33.85,-118.18,2.138
4.1771,44.0,4.920720720720721,1.0396396396396397,1396.0,2.5153153153153154,33.84,-118.19,2.191
2.25,24.0,4.498168498168498,1.1721611721611722,537.0,1.967032967032967,33.84,-118.19,1.92
0.7007,30.0,3.64,1.0242857142857142,2086.0,2.98,33.85,-118.18,1.344
3.8819,44.0,4.395348837209302,1.0813953488372092,1378.0,3.204651162790697,33.85,-118.18,1.432
2.2417,30.0,3.420135527589545,1.027105517909003,2678.0,2.5924491771539206,33.85,-118.19,1.519
3.8026,49.0,3.944852941176471,0.9558823529411764,725.0,2.6654411764705883,33.85,-118.19,1.497
3.2798,45.0,4.066202090592334,1.0522648083623694,773.0,2.6933797909407664,33.85,-118.19,1.503
2.3041,33.0,3.652857142857143,1.0442857142857145,2286.0,3.2657142857142856,33.85,-118.2,1.491
2.4844,46.0,4.321678321678322,1.0769230769230769,1360.0,3.1701631701631703,33.85,-118.2,1.582
2.7813,35.0,5.07451564828614,1.1609538002980626,1953.0,2.910581222056632,33.84,-118.2,1.592
5.5106,50.0,5.509984639016897,1.064516129032258,1513.0,2.324116743471582,33.82,-118.17,2.522
3.7895,52.0,5.95,1.0727272727272728,943.0,2.143181818181818,33.82,-118.18,2.54
4.25,43.0,4.176470588235294,0.9558823529411764,167.0,2.4558823529411766,33.82,-118.18,2.075
5.2606,43.0,5.634615384615385,1.1121794871794872,954.0,3.0576923076923075,33.82,-118.2,1.989
4.6364,11.0,3.945701357466064,0.918552036199095,422.0,1.909502262443439,33.82,-118.19,1.563
4.4559,21.0,4.778645833333333,1.1119791666666667,1038.0,2.703125,33.81,-118.19,1.985
4.95,43.0,5.695652173913044,1.0850661625708884,1525.0,2.8827977315689983,33.81,-118.2,1.94
2.4286,34.0,3.772849462365592,1.032258064516129,2217.0,2.9798387096774195,33.82,-118.2,2.048
2.5833,23.0,2.557640750670241,1.0455764075067024,804.0,2.155495978552279,33.81,-118.19,1.813
3.4808,45.0,4.891191709844559,0.922279792746114,533.0,2.761658031088083,33.81,-118.2,2.069
4.6458,46.0,5.759336099585062,1.053941908713693,742.0,3.078838174273859,33.81,-118.2,2.121
5.3096,47.0,5.588095238095238,1.0404761904761906,1219.0,2.9023809523809523,33.81,-118.2,2.099
2.8438,34.0,4.620967741935484,1.0698924731182795,1444.0,3.881720430107527,33.82,-118.21,1.393
3.3214,43.0,4.436274509803922,0.9754901960784312,764.0,3.7450980392156863,33.81,-118.21,1.622
3.0882,40.0,4.394673123486683,1.036319612590799,1807.0,4.375302663438257,33.81,-118.21,1.607
3.5054,33.0,3.99375,0.971875,1157.0,3.615625,33.82,-118.21,1.468
3.6086,30.0,3.916083916083916,1.0932400932400932,1779.0,4.146853146853147,33.82,-118.22,1.463
4.9562,45.0,5.112359550561798,1.0337078651685394,394.0,4.426966292134831,33.82,-118.21,1.657
4.3424,43.0,5.261780104712042,1.0418848167539267,723.0,3.7853403141361257,33.82,-118.21,1.625
1.9311,17.0,4.231437598736177,1.052132701421801,3030.0,2.393364928909953,33.82,-118.22,1.381
3.6923,45.0,5.084084084084084,1.012012012012012,1255.0,3.7687687687687688,33.81,-118.21,1.597
3.8586,45.0,4.680412371134021,1.0257731958762886,1524.0,3.927835051546392,33.81,-118.21,1.579
3.3988,38.0,4.558282208588957,1.1012269938650308,1345.0,4.125766871165644,33.81,-118.22,1.478
3.7885,41.0,3.9672131147540974,0.907103825136612,602.0,3.289617486338798,33.81,-118.22,1.569
2.7308,45.0,4.312267657992565,1.0185873605947957,1095.0,4.070631970260223,33.8,-118.21,1.39
3.2778,41.0,4.5,1.0035971223021585,1053.0,3.787769784172662,33.8,-118.21,1.508
3.7708,36.0,3.8130563798219583,1.029673590504451,1291.0,3.830860534124629,33.8,-118.22,1.571
3.875,33.0,4.509090909090909,1.084090909090909,1764.0,4.009090909090909,33.8,-118.22,1.651
2.3,28.0,5.046979865771812,1.0553691275167785,2537.0,4.256711409395973,33.79,-118.22,1.375
2.3605,39.0,4.005012531328321,1.1478696741854637,1691.0,4.238095238095238,33.79,-118.21,1.418
2.1397,32.0,3.5943060498220643,1.0907473309608542,2557.0,4.549822064056939,33.79,-118.21,1.453
4.25,44.0,4.59271523178808,0.9271523178807948,984.0,3.2582781456953644,33.8,-118.21,1.431
1.9848,38.0,3.8285714285714287,1.1333333333333333,1535.0,2.923809523809524,33.8,-118.19,1.604
1.8109,29.0,3.805223068552775,1.192600652883569,2994.0,3.2578890097932534,33.79,-118.19,1.375
2.9514,47.0,3.933333333333333,1.0,569.0,2.917948717948718,33.79,-118.2,1.852
2.7183,48.0,3.9053803339517614,1.098330241187384,1807.0,3.352504638218924,33.79,-118.2,1.904
3.0135,47.0,4.206270627062707,1.033003300330033,1388.0,2.2904290429042904,33.79,-118.2,1.927
2.8988,52.0,4.153488372093023,1.0348837209302326,1090.0,2.5348837209302326,33.8,-118.2,1.949
2.9943,41.0,3.828828828828829,1.0648648648648649,1604.0,2.89009009009009,33.8,-118.19,1.906
2.5012,42.0,4.183729433272394,1.0475319926873858,2749.0,2.512797074954296,33.8,-118.2,1.975
3.9792,45.0,5.457777777777777,1.1,1300.0,2.888888888888889,33.8,-118.2,2.102
4.0074,52.0,4.367965367965368,0.935064935064935,614.0,2.658008658008658,33.8,-118.2,2.008
2.0579,42.0,4.101604278074866,1.106951871657754,2114.0,3.768270944741533,33.8,-118.18,1.327
2.1985,36.0,3.5403348554033487,1.1095890410958904,2635.0,4.010654490106545,33.8,-118.19,1.418
1.6384,42.0,3.7673860911270975,1.0431654676258992,1631.0,3.911270983213429,33.79,-118.18,1.28
1.7938,41.0,3.996219281663516,1.1568998109640831,2357.0,4.455576559546314,33.79,-118.19,1.426
1.6792,43.0,3.255357142857143,1.0714285714285714,2339.0,4.176785714285714,33.79,-118.19,1.306
3.5,43.0,5.287081339712919,1.1220095693779903,1042.0,2.492822966507177,33.82,-118.18,2.167
1.75,27.0,4.90625,1.375,315.0,3.28125,33.81,-118.18,1.542
5.1806,9.0,4.41635687732342,1.0346964064436184,1530.0,1.895910780669145,33.8,-118.16,1.75
3.233,25.0,4.633587786259542,1.0729431721798135,3010.0,2.553011026293469,33.79,-118.16,1.991
3.5313,26.0,4.341530054644808,1.0382513661202186,883.0,2.412568306010929,33.8,-118.17,1.875
3.0513,15.0,4.756916996047431,1.1640316205533596,1591.0,3.144268774703557,33.8,-118.18,1.481
5.0424,45.0,5.540350877192982,0.975438596491228,687.0,2.4105263157894736,33.83,-118.12,2.259
4.8917,45.0,5.918088737201365,1.129692832764505,797.0,2.720136518771331,33.83,-118.12,2.228
4.1375,43.0,5.181208053691275,0.959731543624161,701.0,2.3523489932885906,33.82,-118.12,2.26
3.2794,42.0,5.591760299625468,1.0374531835205991,671.0,2.51310861423221,33.82,-118.12,2.245
5.5449,44.0,5.700704225352113,0.9859154929577464,815.0,2.869718309859155,33.82,-118.13,2.322
4.3056,44.0,6.134020618556701,1.0549828178694158,779.0,2.676975945017182,33.82,-118.13,2.286
5.5196,45.0,5.444444444444445,1.0123456790123455,1474.0,2.599647266313933,33.83,-118.13,2.276
4.875,36.0,5.609561752988048,0.99601593625498,702.0,2.796812749003984,33.83,-118.1,2.225
5.1171,36.0,6.6454545454545455,1.059090909090909,664.0,3.018181818181818,33.83,-118.11,2.253
3.8162,36.0,5.274406332453826,1.029023746701847,887.0,2.340369393139841,33.82,-118.11,2.219
4.6875,36.0,5.108504398826979,0.997067448680352,857.0,2.5131964809384164,33.82,-118.11,2.182
4.4196,37.0,6.608465608465608,1.0687830687830688,517.0,2.735449735449736,33.83,-118.11,2.231
4.918,36.0,6.169491525423729,1.0610169491525423,899.0,3.047457627118644,33.83,-118.11,2.252
5.9265,36.0,6.199546485260771,1.0158730158730158,1308.0,2.9659863945578238,33.83,-118.09,2.273
4.8462,36.0,5.752969121140143,0.997624703087886,1193.0,2.833729216152019,33.82,-118.1,2.257
5.2713,36.0,5.884146341463414,1.079268292682927,915.0,2.789634146341464,33.82,-118.1,2.444
5.3735,36.0,5.681818181818182,0.9744318181818182,956.0,2.715909090909091,33.83,-118.1,2.344
5.2299,36.0,5.603535353535354,0.9924242424242424,1042.0,2.6313131313131315,33.82,-118.09,2.398
7.1937,36.0,5.7784615384615385,0.9938461538461538,846.0,2.603076923076923,33.81,-118.09,2.544
3.7031,36.0,6.27683615819209,1.03954802259887,444.0,2.5084745762711864,33.81,-118.1,2.453
5.1993,36.0,5.219512195121951,0.8902439024390244,451.0,2.75,33.81,-118.1,2.46
3.9722,36.0,5.850467289719626,0.9766355140186916,558.0,2.607476635514019,33.81,-118.11,2.356
4.3203,37.0,5.565826330532213,0.9719887955182072,1095.0,3.0672268907563027,33.82,-118.11,2.328
5.2155,36.0,5.791666666666667,1.0297619047619049,871.0,2.5922619047619047,33.82,-118.1,2.548
4.375,37.0,5.24179104477612,1.0298507462686568,836.0,2.495522388059701,33.82,-118.11,2.182
4.6087,36.0,5.790067720090294,1.0338600451467268,1155.0,2.6072234762979685,33.81,-118.12,2.246
4.2143,37.0,5.288235294117647,0.973529411764706,860.0,2.5294117647058822,33.81,-118.12,2.285
4.7845,37.0,5.53551912568306,1.0874316939890711,493.0,2.6939890710382515,33.81,-118.13,2.314
4.325,37.0,5.074380165289257,0.9793388429752066,572.0,2.363636363636364,33.81,-118.13,2.239
5.1795,37.0,5.406360424028269,1.0247349823321554,711.0,2.512367491166078,33.82,-118.13,2.254
3.7321,36.0,5.9375,1.0178571428571428,273.0,2.4375,33.82,-118.13,2.237
5.395,34.0,5.45272206303725,0.982808022922636,928.0,2.659025787965616,33.81,-118.13,2.419
4.6473,36.0,5.482758620689655,1.0094043887147337,855.0,2.6802507836990594,33.81,-118.13,2.271
4.3438,36.0,5.829545454545454,1.0340909090909092,505.0,2.8693181818181817,33.8,-118.13,2.336
4.4312,36.0,5.645283018867924,1.0226415094339625,743.0,2.8037735849056604,33.8,-118.13,2.26
4.0893,41.0,4.805732484076433,1.035031847133758,821.0,2.6146496815286624,33.8,-118.13,2.23
3.1042,44.0,5.06989247311828,1.0725806451612905,1167.0,3.1370967741935485,33.8,-118.15,2.198
5.0447,36.0,5.953020134228188,1.0033557046979866,784.0,2.6308724832214767,33.81,-118.12,2.492
4.6875,36.0,5.663265306122449,0.9897959183673468,721.0,2.452380952380953,33.81,-118.12,2.507
2.7092,35.0,4.389952153110048,1.0406698564593302,774.0,1.8516746411483251,33.8,-118.12,2.563
5.3701,36.0,5.957345971563981,0.971563981042654,530.0,2.5118483412322274,33.8,-118.12,2.514
4.3897,36.0,6.022950819672131,1.0459016393442624,810.0,2.6557377049180326,33.8,-118.11,2.35
5.587,36.0,5.913946587537092,1.0504451038575668,884.0,2.623145400593472,33.79,-118.11,2.449
5.7942,36.0,6.008108108108108,1.0,1039.0,2.808108108108108,33.79,-118.11,2.57
5.0795,36.0,5.334630350194552,0.9727626459143968,666.0,2.591439688715953,33.81,-118.09,2.433
4.4831,36.0,5.2560975609756095,0.9817073170731708,838.0,2.554878048780488,33.8,-118.09,2.539
4.66,36.0,6.0,1.0392857142857144,744.0,2.657142857142857,33.8,-118.11,2.448
5.4602,35.0,5.84180790960452,1.0169491525423728,444.0,2.5084745762711864,33.8,-118.11,2.316
6.2187,37.0,6.250922509225092,1.033210332103321,776.0,2.8634686346863467,33.81,-118.11,2.579
5.62,36.0,6.228571428571429,1.031746031746032,786.0,2.4952380952380957,33.81,-118.1,2.396
5.0574,37.0,5.530487804878049,1.0030487804878048,850.0,2.591463414634146,33.8,-118.1,2.408
5.8491,36.0,6.671949286846276,1.0412044374009508,1911.0,3.028526148969889,33.79,-118.09,2.473
5.7389,35.0,6.010767160161508,0.9959623149394348,2134.0,2.8721399730821,33.78,-118.1,2.518
5.1805,36.0,5.945132743362832,1.0548672566371682,1522.0,2.6938053097345134,33.79,-118.1,2.494
4.3317,43.0,4.729903536977492,0.9678456591639872,767.0,2.4662379421221865,33.79,-118.12,2.324
4.1687,41.0,5.873333333333333,1.0466666666666666,738.0,2.46,33.79,-118.12,2.407
5.0072,44.0,5.914835164835165,1.03021978021978,947.0,2.601648351648352,33.79,-118.13,2.362
4.375,45.0,5.413551401869159,1.0467289719626167,1057.0,2.4696261682242997,33.79,-118.13,2.348
4.6452,45.0,5.689138576779026,0.9850187265917604,681.0,2.550561797752809,33.79,-118.14,2.125
3.7716,20.0,4.176360225140713,1.123827392120075,3625.0,2.2670419011882426,33.79,-118.13,2.429
3.4211,43.0,4.615101289134438,0.9779005524861878,1230.0,2.265193370165746,33.8,-118.14,2.039
3.7826,5.0,4.363207547169812,1.1709905660377358,1657.0,1.954009433962264,33.79,-118.15,1.963
3.4833,23.0,4.259933774834437,1.1390728476821192,1478.0,2.447019867549669,33.79,-118.14,2.094
3.1711,44.0,4.033783783783784,1.045608108108108,1461.0,2.4679054054054053,33.79,-118.14,2.154
3.108,44.0,4.202,0.992,1038.0,2.076,33.78,-118.14,2.179
3.0453,25.0,4.141382868937049,1.132094943240454,2297.0,2.370485036119711,33.79,-118.15,1.859
2.0875,17.0,3.9014778325123154,1.0714285714285714,904.0,2.226600985221675,33.78,-118.15,1.813
1.9808,14.0,3.2865384615384614,1.073076923076923,1939.0,3.728846153846154,33.78,-118.16,1.391
2.0156,33.0,3.4304857621440537,0.9798994974874372,2074.0,3.474036850921273,33.78,-118.16,1.527
2.4,25.0,3.520225776105362,1.110065851364064,3916.0,3.683913452492944,33.79,-118.16,1.537
2.875,26.0,3.980494148244473,1.0975292587776333,2135.0,2.776332899869961,33.79,-118.16,1.64
2.375,32.0,3.3503086419753085,1.037037037037037,3002.0,4.632716049382716,33.79,-118.17,1.397
1.2746,36.0,3.910138248847926,1.2672811059907834,1379.0,3.177419354838709,33.78,-118.18,1.297
2.0186,27.0,3.5267857142857144,1.1383928571428572,1896.0,4.232142857142857,33.79,-118.18,1.3
1.2206,20.0,3.9465408805031448,1.1320754716981132,1201.0,3.776729559748428,33.79,-118.18,1.625
2.2543,29.0,3.136729222520107,0.9892761394101875,1398.0,3.74798927613941,33.78,-118.19,1.563
2.137,37.0,3.852941176470588,1.157563025210084,1967.0,4.132352941176471,33.79,-118.19,1.266
1.9387,30.0,3.655294117647059,1.1694117647058824,3543.0,4.168235294117647,33.79,-118.19,1.417
2.8533,24.0,3.1690140845070425,1.0140845070422535,439.0,6.183098591549296,33.78,-118.19,1.375
2.1964,44.0,4.033333333333333,0.9666666666666668,153.0,5.1,33.79,-118.21,1.5
1.3274,21.0,2.828689370485036,1.061919504643963,2924.0,3.017543859649123,33.78,-118.19,2.188
0.9318,35.0,2.803339517625232,1.1001855287569573,914.0,1.6957328385899817,33.78,-118.19,1.875
1.7064,46.0,3.2180579216354346,1.1090289608177173,1545.0,2.6320272572402046,33.78,-118.2,1.75
1.9872,48.0,3.7896995708154506,1.0665236051502145,1908.0,4.094420600858369,33.78,-118.2,1.688
2.3305,52.0,3.488859764089122,1.1703800786369594,3018.0,3.955439056356488,33.78,-118.2,1.625
1.2321,35.0,3.062256809338521,1.1731517509727627,820.0,1.595330739299611,33.77,-118.19,1.375
1.2864,40.0,2.5520702634880803,1.1279799247176914,1257.0,1.577164366373902,33.77,-118.2,1.313
1.5076,24.0,3.192563081009296,1.0876494023904382,1566.0,2.0796812749003983,33.77,-118.2,1.458
1.9797,22.0,2.8020050125313283,1.0952380952380951,1190.0,2.982456140350877,33.77,-118.2,1.438
2.2344,52.0,4.337539432176656,1.4416403785488958,1089.0,3.435331230283912,33.77,-118.2,2.0
2.7813,41.0,3.446428571428572,1.1785714285714286,1209.0,3.5982142857142856,33.77,-118.2,1.292
1.5,45.0,2.7683397683397684,1.2104247104247103,735.0,1.4189189189189189,33.77,-118.18,1.625
4.6629,25.0,3.7454545454545456,1.018181818181818,632.0,1.6415584415584417,33.76,-118.19,1.625
1.4048,52.0,3.05078125,1.203125,692.0,1.3515625,33.77,-118.19,2.0
1.5536,39.0,3.2965931863727453,1.0961923847695392,1339.0,2.6833667334669338,33.77,-118.18,1.55
1.6178,21.0,3.487562189054726,1.2056384742951909,1064.0,1.7645107794361523,33.77,-118.19,1.375
1.0714,31.0,3.012323943661972,1.216549295774648,1092.0,1.9225352112676055,33.77,-118.19,1.5
1.4565,20.0,3.3309352517985613,1.0,1712.0,3.079136690647482,33.78,-118.18,1.525
1.5603,52.0,3.5542168674698797,1.1475903614457832,1046.0,3.1506024096385543,33.78,-118.18,1.625
1.5844,31.0,3.606126914660832,1.0590809628008753,898.0,1.9649890590809629,33.78,-118.19,1.625
2.5544,8.0,2.996978851963746,1.187311178247734,694.0,2.096676737160121,33.78,-118.19,1.625
1.8438,29.0,3.2056962025316458,1.240506329113924,1083.0,3.4272151898734178,33.78,-118.19,1.625
1.8036,42.0,5.459893048128342,1.60427807486631,533.0,2.850267379679144,33.78,-118.19,1.75
1.7393,29.0,3.7823834196891193,1.2461139896373057,3580.0,4.637305699481865,33.78,-118.17,1.402
1.9647,23.0,3.431693989071038,1.1484517304189434,3940.0,3.588342440801457,33.78,-118.17,1.862
1.7701,26.0,2.666082383873795,1.098159509202454,4812.0,4.217353198948291,33.78,-118.18,1.462
1.918,44.0,3.517857142857143,1.1101190476190477,3184.0,4.738095238095238,33.78,-118.17,1.475
2.2538,36.0,3.5,1.0513126491646778,2077.0,2.478520286396181,33.77,-118.17,1.813
2.6786,45.0,3.4833333333333334,1.1069444444444445,1340.0,1.8611111111111112,33.77,-118.17,1.911
2.346,38.0,3.2733918128654973,1.054093567251462,984.0,1.4385964912280702,33.77,-118.17,1.656
2.1378,39.0,3.7617834394904457,1.1184713375796178,1379.0,1.756687898089172,33.77,-118.17,1.804
2.2808,12.0,3.4936608557844693,1.1101426307448494,3068.0,2.4310618066561016,33.77,-118.17,1.547
1.1295,29.0,3.639344262295082,1.2418032786885247,1391.0,2.8504098360655736,33.77,-118.18,1.375
2.6371,30.0,3.4004796163069546,1.052757793764988,720.0,1.7266187050359711,33.77,-118.18,1.594
2.675,37.0,3.404833836858006,0.9879154078549848,492.0,1.486404833836858,33.77,-118.17,2.417
3.1149,45.0,3.715025906735751,1.1105354058721937,1047.0,1.8082901554404145,33.77,-118.17,2.188
3.0153,45.0,3.607744107744108,1.1734006734006734,1004.0,1.6902356902356903,33.77,-118.17,2.2
2.5726,41.0,3.8424015009380863,1.127579737335835,852.0,1.598499061913696,33.77,-118.18,1.938
1.8388,49.0,3.651828298887122,1.206677265500795,1105.0,1.7567567567567568,33.77,-118.18,1.75
2.875,29.0,4.182065217391305,1.0679347826086956,1460.0,1.983695652173913,33.77,-118.16,2.325
3.0503,25.0,4.041284403669724,1.1577981651376146,2178.0,1.998165137614679,33.77,-118.17,2.25
2.127,15.0,3.958745874587459,1.1336633663366336,3087.0,2.547029702970297,33.78,-118.16,1.633
2.3317,39.0,3.975609756097561,1.0585365853658537,2470.0,2.4097560975609755,33.78,-118.16,2.225
3.1739,52.0,3.985276073619632,1.0466257668711656,1819.0,2.231901840490797,33.78,-118.16,2.229
1.6955,29.0,3.2230971128608923,1.1382327209098864,3891.0,3.404199475065617,33.78,-118.16,1.797
3.3003,13.0,3.70873786407767,1.0449029126213591,1600.0,1.941747572815534,33.78,-118.15,2.078
3.5812,12.0,4.4271457085828345,1.1307385229540918,2176.0,2.1716566866267466,33.78,-118.15,1.986
3.6193,35.0,4.2519201228878645,1.1551459293394777,1277.0,1.9615975422427037,33.78,-118.15,2.5
3.4107,42.0,3.929606625258799,1.010351966873706,940.0,1.9461697722567288,33.78,-118.14,2.333
1.6716,32.0,4.577966101694916,1.2,1880.0,3.1864406779661016,33.94,-118.29,1.238
1.3962,36.0,3.76672384219554,1.085763293310463,2017.0,3.4596912521440824,33.93,-118.3,1.243
3.2024,40.0,5.373068432671082,1.0529801324503312,1646.0,3.6335540838852096,33.93,-118.3,1.28
4.2917,37.0,5.14859437751004,0.9799196787148594,852.0,3.421686746987952,33.93,-118.31,1.279
3.6583,44.0,5.534328358208955,1.0955223880597016,976.0,2.9134328358208954,33.94,-118.31,1.267
2.2448,40.0,5.005221932114883,1.1436031331592689,1021.0,2.66579634464752,33.94,-118.31,1.75
3.2206,40.0,5.777292576419214,1.0611353711790392,684.0,2.986899563318777,33.94,-118.31,1.458
3.775,40.0,5.7407407407407405,1.0296296296296297,798.0,2.955555555555556,33.94,-118.31,1.538
5.5787,42.0,6.306451612903226,1.0806451612903225,602.0,3.236559139784946,33.93,-118.31,1.42
4.9464,43.0,6.216949152542373,0.9898305084745764,997.0,3.3796610169491523,33.93,-118.31,1.503
4.5368,37.0,5.720250521920668,1.0521920668058455,1468.0,3.0647181628392484,33.94,-118.32,1.688
4.25,37.0,5.346067415730337,1.0382022471910113,1327.0,2.9820224719101125,33.93,-118.32,1.721
4.4091,37.0,5.4171597633136095,1.0532544378698223,925.0,2.7366863905325443,33.93,-118.33,1.484
6.0718,38.0,5.831932773109243,0.9411764705882352,412.0,3.46218487394958,33.93,-118.33,1.56
4.0625,35.0,4.794466403162056,1.1225296442687749,742.0,2.932806324110672,33.93,-118.34,1.599
3.1563,37.0,5.109965635738831,1.0171821305841924,863.0,2.9656357388316152,33.94,-118.32,1.862
4.6389,38.0,6.313609467455621,1.0059171597633136,499.0,2.9526627218934918,33.94,-118.32,1.838
4.0536,36.0,6.597701149425287,1.0727969348659003,830.0,3.1800766283524906,33.94,-118.32,1.89
4.0,36.0,5.101769911504425,0.991150442477876,639.0,2.827433628318584,33.94,-118.32,1.92
1.9309,31.0,3.8973029045643153,1.1431535269709543,3288.0,3.4107883817427385,33.94,-118.33,1.375
5.5176,47.0,5.2644927536231885,0.894927536231884,721.0,2.61231884057971,33.96,-118.32,1.91
3.1719,43.0,5.36376404494382,0.99438202247191,1505.0,2.1137640449438204,33.95,-118.32,1.835
4.2099,24.0,5.124311565696302,1.014948859166011,2636.0,2.073957513768686,33.96,-118.33,1.898
4.6667,44.0,6.205521472392638,0.9969325153374232,992.0,3.042944785276074,33.95,-118.32,1.756
5.0912,44.0,6.457575757575758,1.0909090909090908,1040.0,3.1515151515151514,33.95,-118.32,1.698
5.4359,33.0,5.326869806094183,1.2714681440443214,1412.0,3.9113573407202216,33.95,-118.34,1.941
2.7139,52.0,5.389830508474576,1.023728813559322,844.0,2.8610169491525426,33.97,-118.32,1.649
3.8512,47.0,5.280112044817927,1.011204481792717,954.0,2.672268907563025,33.96,-118.32,1.713
3.3214,47.0,4.912878787878788,1.106060606060606,704.0,2.6666666666666665,33.96,-118.32,1.665
4.3919,46.0,4.915032679738562,0.8823529411764706,814.0,2.660130718954248,33.97,-118.32,1.571
5.5,45.0,6.482558139534884,1.058139534883721,949.0,2.758720930232558,33.97,-118.34,1.882
2.3,42.0,5.285266457680251,1.1316614420062696,737.0,2.310344827586207,33.96,-118.33,1.892
2.0057,42.0,4.6208425720620845,1.146341463414634,1062.0,2.354767184035477,33.96,-118.33,1.982
2.0694,33.0,3.344519015659955,1.0604026845637584,1272.0,2.8456375838926173,33.97,-118.35,1.435
2.2303,25.0,3.2417391304347825,1.0713043478260869,1710.0,2.973913043478261,33.97,-118.35,1.594
3.2708,26.0,4.26980198019802,1.066831683168317,1130.0,2.797029702970297,33.97,-118.35,1.281
2.6734,26.0,4.238938053097345,1.1880530973451326,2340.0,2.588495575221239,33.97,-118.35,1.434
3.1194,33.0,4.195991091314031,1.0623608017817372,1518.0,3.3808463251670378,33.98,-118.35,1.528
3.745,42.0,5.059113300492611,1.116584564860427,1785.0,2.931034482758621,33.98,-118.35,1.708
2.3882,47.0,4.364085667215815,1.126853377265239,2374.0,3.911037891268534,33.98,-118.34,1.377
3.163,40.0,3.875,0.9669117647058824,1922.0,3.5330882352941178,33.98,-118.34,1.378
3.7067,45.0,4.843283582089552,1.0970149253731345,1064.0,3.970149253731343,33.98,-118.34,1.366
1.2094,21.0,3.1817116060961315,1.032825322391559,1549.0,1.8159437280187571,33.96,-118.35,1.575
3.1354,26.0,4.394611727416799,1.0792393026941365,1560.0,2.472266244057052,33.96,-118.35,1.643
2.681,28.0,3.988294314381271,1.1103678929765886,3201.0,2.6764214046822743,33.95,-118.35,1.477
2.1587,25.0,3.193548387096774,1.0874363327674024,4015.0,3.4083191850594226,33.95,-118.34,1.438
3.0519,30.0,3.675414364640884,1.0566298342541436,2324.0,3.209944751381216,33.95,-118.35,1.375
2.8892,42.0,4.681578947368421,1.1342105263157896,1507.0,3.9657894736842105,33.95,-118.35,1.598
3.95,45.0,4.5210084033613445,0.8949579831932774,781.0,3.2815126050420167,33.95,-118.35,1.64
3.7237,42.0,3.7324414715719065,1.013377926421405,1082.0,3.6187290969899664,33.95,-118.36,1.708
2.7284,21.0,3.2351885098743267,0.9982046678635548,1286.0,2.3087971274685817,33.96,-118.36,1.469
2.8378,25.0,4.099778270509978,1.1485587583148558,1498.0,3.3215077605321506,33.96,-118.36,1.7
2.5504,26.0,3.725552050473186,1.1093585699263933,2742.0,2.883280757097792,33.96,-118.36,1.513
2.6535,26.0,3.1676470588235293,1.0676470588235294,3193.0,3.130392156862745,33.95,-118.36,1.772
4.4038,45.0,4.571847507331379,0.8944281524926686,891.0,2.6129032258064515,33.98,-118.36,2.594
5.057,46.0,5.21978021978022,1.0366300366300367,782.0,2.8644688644688645,33.98,-118.36,2.463
3.5833,39.0,5.279220779220779,1.2012987012987013,344.0,2.2337662337662336,33.98,-118.36,2.188
2.9646,26.0,4.285163776493256,1.1104688503532434,3333.0,2.140655105973025,33.97,-118.37,1.798
4.0179,18.0,4.442906574394463,0.9792387543252596,990.0,3.42560553633218,33.97,-118.36,1.958
2.7464,21.0,3.8264550264550254,1.1216931216931216,2515.0,2.6613756613756614,33.97,-118.37,1.531
2.7712,29.0,3.6916129032258063,1.0529032258064517,1715.0,2.212903225806452,33.98,-118.36,1.609
2.6823,19.0,4.148974130240856,1.142729705619982,2917.0,2.6021409455843,33.97,-118.36,1.425
3.0393,17.0,4.235802469135803,1.1530864197530863,2365.0,2.919753086419753,33.96,-118.36,1.292
3.6583,37.0,3.625,0.9679054054054054,2009.0,3.393581081081081,33.96,-118.36,1.773
4.875,26.0,6.9,1.15,100.0,5.0,33.96,-118.37,1.75
2.2297,35.0,2.5810055865921786,0.9748603351955308,1376.0,3.843575418994413,33.95,-118.37,2.625
4.1635,42.0,3.7222222222222223,0.9869281045751634,1283.0,4.19281045751634,33.95,-118.36,1.639
2.875,42.0,4.284263959390863,1.0609137055837563,2038.0,3.44839255499154,33.95,-118.36,1.775
2.8438,32.0,3.851985559566787,1.032490974729242,1053.0,3.8014440433213,33.95,-118.37,1.817
4.125,52.0,5.036144578313253,1.0542168674698795,747.0,4.5,33.95,-118.37,1.74
3.3056,39.0,3.746630727762803,1.105121293800539,1666.0,4.490566037735849,33.94,-118.36,1.568
2.3125,38.0,3.3943661971830985,1.0766823161189358,3036.0,4.751173708920188,33.94,-118.36,1.485
2.3675,29.0,2.900128040973112,1.0409731113956466,3425.0,4.3854033290653005,33.94,-118.37,1.494
2.68,30.0,3.3196480938416424,1.0175953079178883,1433.0,4.202346041055718,33.93,-118.36,1.7
2.6298,40.0,3.4138655462184877,1.050420168067227,2036.0,4.277310924369748,33.93,-118.36,1.565
3.4063,33.0,3.756,1.136,1309.0,5.236,33.94,-118.36,1.523
2.2679,36.0,3.251063829787234,1.0340425531914894,1824.0,3.880851063829787,33.93,-118.34,1.539
1.7344,35.0,4.4491525423728815,1.0677966101694916,918.0,3.889830508474576,33.93,-118.35,1.469
1.9766,34.0,3.4277777777777776,1.05,810.0,4.5,33.93,-118.35,1.625
2.3375,33.0,3.636363636363636,1.0267379679144386,2649.0,4.721925133689839,33.93,-118.35,1.706
2.8462,35.0,3.454761904761905,1.0357142857142858,1888.0,4.495238095238095,33.94,-118.35,1.491
2.6654,38.0,3.951541850220264,1.118942731277533,2188.0,4.819383259911894,33.94,-118.35,1.422
2.5547,36.0,3.647540983606557,0.9852459016393442,2755.0,4.516393442622951,33.94,-118.35,1.504
3.3125,42.0,3.938697318007663,1.0651340996168583,1369.0,5.245210727969349,33.94,-118.35,1.446
2.182,37.0,4.232970027247957,1.230245231607629,3456.0,4.708446866485014,33.94,-118.34,1.475
2.4886,36.0,2.961864406779661,1.1027542372881356,4033.0,4.272245762711864,33.94,-118.34,1.607
3.2862,37.0,4.7497584541062805,1.0956521739130434,3533.0,3.413526570048309,33.93,-118.33,1.523
2.8304,33.0,3.611438183347351,1.0294365012615645,4512.0,3.794785534062237,33.93,-118.34,1.437
2.2976,32.0,3.2487046632124352,1.0336787564766838,1281.0,3.3186528497409324,33.93,-118.34,1.557
3.0677,37.0,4.439024390243903,1.102981029810298,1341.0,3.634146341463415,33.93,-118.34,1.677
3.01,26.0,4.010165184243965,1.0889453621346887,2394.0,3.0419313850063534,33.93,-118.35,1.919
3.5139,31.0,4.591973244147157,1.165551839464883,1973.0,3.29933110367893,33.93,-118.35,1.928
2.11,25.0,3.3580980683506687,1.0282317979197622,1603.0,2.3818722139673105,33.93,-118.35,2.233
3.1656,27.0,3.993710691823899,1.106019766397125,3340.0,3.0008984725965857,33.93,-118.36,2.045
3.3558,29.0,3.9864864864864864,0.9432432432432432,965.0,2.608108108108108,33.92,-118.34,1.996
2.75,24.0,3.5291073738680465,1.093143596377749,2023.0,2.617076326002587,33.92,-118.35,2.397
3.6167,29.0,3.186147186147186,1.0043290043290043,584.0,2.528138528138528,33.92,-118.35,2.0
2.6667,26.0,3.6620416253716552,1.1337958374628343,2308.0,2.2874132804757186,33.92,-118.36,2.293
4.1023,46.0,4.80859375,0.90234375,793.0,3.09765625,33.92,-118.36,2.268
2.6375,19.0,3.4441717791411044,1.083435582822086,1546.0,1.8969325153374232,33.92,-118.36,2.338
2.6961,19.0,4.2046070460704605,1.2439024390243902,2033.0,2.754742547425474,33.93,-118.36,2.125
2.8958,10.0,3.5535714285714284,0.7321428571428571,61.0,1.0892857142857142,33.93,-118.37,2.458
4.4722,44.0,5.485380116959064,1.0584795321637428,502.0,2.935672514619883,33.92,-118.37,2.183
4.9688,36.0,5.456852791878172,1.0,509.0,2.583756345177665,33.92,-118.37,2.389
5.5255,40.0,5.0162162162162165,1.0108108108108107,521.0,2.8162162162162163,33.92,-118.37,2.427
4.8611,39.0,5.259803921568627,1.0098039215686274,556.0,2.7254901960784315,33.92,-118.37,2.456
4.4861,46.0,5.76530612244898,1.0255102040816326,503.0,2.566326530612245,33.93,-118.37,2.463
4.4474,46.0,4.702127659574468,0.9361702127659576,255.0,2.7127659574468086,33.93,-118.37,2.469
3.0132,44.0,4.90566037735849,1.0943396226415094,392.0,3.69811320754717,33.93,-118.36,2.025
3.8,41.0,4.773892773892774,1.0233100233100234,1191.0,2.7762237762237763,33.91,-118.36,2.225
4.3333,42.0,4.607565011820331,0.9976359338061466,1184.0,2.7990543735224587,33.91,-118.36,2.256
4.74,42.0,5.105540897097625,1.0237467018469657,1136.0,2.9973614775725594,33.9,-118.36,2.3
5.0452,40.0,5.431623931623932,1.1794871794871795,725.0,3.0982905982905984,33.9,-118.36,2.319
3.9355,41.0,4.296551724137931,0.9816091954022989,1334.0,3.066666666666667,33.91,-118.37,2.278
3.3409,32.0,3.2549019607843137,1.0098039215686274,177.0,1.7352941176470589,33.9,-118.37,2.563
2.7813,19.0,3.913654618473896,1.1224899598393574,1282.0,2.57429718875502,33.91,-118.35,2.313
4.0775,28.0,3.9328358208955225,0.996268656716418,1485.0,2.7705223880597014,33.91,-118.35,2.414
3.87,26.0,4.151923076923077,1.0057692307692307,1331.0,2.5596153846153844,33.91,-118.35,2.645
3.0417,25.0,3.953405017921147,1.077658303464755,2299.0,2.746714456391876,33.9,-118.35,2.37
4.8409,29.0,5.105809128630705,1.1099585062240664,1236.0,2.564315352697096,33.91,-118.35,2.44
3.825,34.0,5.036764705882353,1.0980392156862746,1134.0,2.7794117647058822,33.91,-118.35,2.354
4.1,36.0,4.902612826603326,1.1258907363420427,1366.0,3.244655581947744,33.91,-118.36,2.431
3.9485,32.0,4.571428571428571,0.974025974025974,565.0,2.445887445887446,33.9,-118.35,2.3
3.5313,39.0,5.660194174757281,1.077669902912621,640.0,3.1067961165048543,33.9,-118.36,2.304
3.267,23.0,3.860557768924303,1.1474103585657371,670.0,2.6693227091633465,33.92,-118.33,1.854
3.3491,39.0,3.675675675675676,0.9369369369369368,1106.0,3.3213213213213213,33.91,-118.33,1.818
3.2649,17.0,3.835221421215242,1.0535530381050464,2536.0,2.611740473738414,33.91,-118.34,2.021
3.5903,35.0,3.676767676767677,1.0168350168350169,962.0,3.239057239057239,33.91,-118.33,1.833
2.4741,8.0,3.447460595446585,1.2294220665499125,2691.0,2.3563922942206657,33.91,-118.34,1.857
3.425,6.0,4.221774193548387,1.092741935483871,740.0,2.9838709677419355,33.92,-118.34,1.938
2.6689,12.0,2.9295154185022025,1.0684287812041116,7429.0,2.181791483113069,33.91,-118.34,1.923
2.455,8.0,3.543923381770145,1.1013870541611626,7211.0,2.381439894319683,33.91,-118.33,1.927
3.8173,31.0,4.896193771626297,1.1730103806228374,874.0,3.0242214532871974,33.91,-118.31,1.779
4.2596,36.0,5.368715083798882,0.9664804469273744,625.0,3.4916201117318435,33.91,-118.31,1.811
4.2083,33.0,5.026162790697675,1.1511627906976745,1073.0,3.119186046511628,33.91,-118.32,1.805
4.2,35.0,4.372093023255814,0.916279069767442,640.0,2.976744186046512,33.91,-118.32,1.813
3.6654,35.0,5.182352941176471,0.9352941176470588,605.0,3.5588235294117645,33.91,-118.32,1.845
4.5304,34.0,4.7515625,1.0578125,1920.0,3.0,33.91,-118.32,1.813
5.7528,34.0,4.623376623376624,0.8571428571428571,757.0,3.277056277056277,33.91,-118.32,1.805
3.6625,35.0,4.8986175115207375,1.044546850998464,1882.0,2.890937019969278,33.9,-118.32,1.88
4.8456,35.0,5.968036529680365,1.1232876712328768,672.0,3.068493150684932,33.92,-118.31,1.464
5.0653,35.0,5.602836879432624,0.9432624113475178,926.0,3.2836879432624118,33.93,-118.31,1.58
4.9615,34.0,5.351916376306621,0.951219512195122,804.0,2.8013937282229966,33.93,-118.32,1.578
4.8304,35.0,6.961956521739131,1.190217391304348,710.0,3.858695652173913,33.92,-118.32,1.528
2.0437,31.0,4.047817047817047,1.0571725571725572,3590.0,3.731808731808732,33.93,-118.29,1.372
3.692,34.0,5.067605633802817,1.019718309859155,1293.0,3.6422535211267606,33.92,-118.29,1.452
5.3292,34.0,5.540322580645161,0.967741935483871,906.0,3.653225806451613,33.92,-118.29,1.555
3.0139,34.0,5.402631578947369,1.0052631578947369,1258.0,3.310526315789473,33.92,-118.3,1.547
3.7969,29.0,6.329545454545454,1.125,1140.0,3.238636363636364,33.93,-118.3,1.694
3.0147,30.0,4.385714285714286,1.1333333333333333,1491.0,3.55,33.91,-118.3,1.551
2.6182,34.0,3.234,0.986,1530.0,3.06,33.91,-118.3,1.726
2.6312,28.0,4.169312169312169,1.058201058201058,891.0,2.357142857142857,33.9,-118.31,1.713
2.3043,28.0,3.590909090909091,1.0669856459330145,1028.0,2.45933014354067,33.91,-118.29,1.775
1.7714,27.0,2.5325,0.985,1067.0,2.6675,33.9,-118.29,1.594
3.6,29.0,4.044822256568779,1.0324574961360125,1868.0,2.8871715610510047,33.9,-118.3,2.088
3.4,27.0,5.049459041731066,1.17774343122102,2099.0,3.244204018547141,33.9,-118.3,2.241
2.9559,13.0,3.972491909385113,1.06957928802589,1975.0,3.1957928802588995,33.9,-118.3,1.736
3.287,19.0,3.668181818181818,1.043939393939394,1726.0,2.6151515151515152,33.9,-118.3,1.814
3.0329,30.0,3.5019059720457437,1.0902160101651843,1806.0,2.2947903430749683,33.89,-118.3,2.078
3.285,37.0,3.773451327433628,1.0,1369.0,2.423008849557522,33.89,-118.3,2.181
3.5417,38.0,3.45679012345679,0.9851851851851852,1131.0,2.7925925925925927,33.9,-118.31,1.984
2.7428,33.0,4.049242424242424,1.0738636363636365,1072.0,2.0303030303030303,33.89,-118.29,2.089
4.2171,32.0,4.1243432574430825,1.021015761821366,1605.0,2.810858143607706,33.89,-118.29,2.182
3.0739,36.0,4.178997613365155,1.045346062052506,1175.0,2.804295942720764,33.88,-118.29,2.186
3.3281,21.0,4.2382176520994,1.05484147386461,3186.0,2.730077120822622,33.88,-118.29,2.37
3.1597,27.0,4.623529411764705,1.061764705882353,1510.0,2.2205882352941178,33.87,-118.3,2.147
5.0641,31.0,5.315589353612167,0.9923954372623576,823.0,3.129277566539924,33.87,-118.3,2.349
4.0536,26.0,3.7,0.9454545454545454,807.0,2.4454545454545453,33.88,-118.3,2.536
3.7375,29.0,4.166666666666667,1.1225490196078431,563.0,2.7598039215686274,33.88,-118.3,2.477
3.2574,30.0,4.186335403726708,1.0341614906832295,885.0,2.748447204968944,33.88,-118.3,1.953
2.8445,35.0,4.636494252873563,1.0761494252873562,1881.0,2.702586206896552,33.88,-118.3,2.421
3.5644,32.0,4.124361158432709,1.1431005110732535,1491.0,2.5400340715502554,33.88,-118.31,2.423
3.5556,35.0,4.8475,1.03,1036.0,2.59,33.88,-118.31,2.38
2.3812,21.0,3.725,1.075,686.0,1.715,33.88,-118.31,2.375
3.4792,30.0,4.532956685499058,1.0941619585687383,1724.0,3.2467043314500943,33.9,-118.31,1.947
3.7639,37.0,4.57429718875502,1.0200803212851406,1257.0,2.5240963855421685,33.89,-118.31,2.206
4.1458,35.0,5.141486810551559,1.014388489208633,1192.0,2.858513189448441,33.89,-118.31,2.315
4.0473,36.0,5.223367697594502,1.0309278350515465,831.0,2.855670103092784,33.9,-118.32,2.121
4.1344,36.0,4.115839243498818,0.9739952718676124,1245.0,2.9432624113475176,33.9,-118.32,2.103
3.0526,37.0,4.068459657701712,0.980440097799511,1316.0,3.21760391198044,33.9,-118.32,2.164
4.2813,45.0,4.209606986899563,0.9890829694323144,1323.0,2.888646288209607,33.89,-118.32,2.101
5.1669,44.0,5.220883534136546,1.0120481927710845,695.0,2.791164658634538,33.89,-118.32,2.206
4.5053,34.0,5.436991869918699,1.1382113821138211,1270.0,2.5813008130081303,33.89,-118.32,2.42
2.6091,21.0,3.7839541547277937,1.1369627507163325,5546.0,3.1782234957020057,33.9,-118.33,1.639
4.9779,23.0,4.858012170385395,1.0101419878296145,1309.0,2.655172413793104,33.9,-118.34,2.246
5.5133,37.0,4.593220338983051,0.8898305084745762,355.0,3.0084745762711864,33.9,-118.34,2.273
4.7426,36.0,4.5770750988142295,0.8656126482213439,628.0,2.4822134387351777,33.9,-118.34,2.427
4.1776,36.0,5.14176245210728,0.992337164750958,706.0,2.7049808429118776,33.9,-118.34,2.366
4.1953,39.0,5.266106442577031,1.011204481792717,982.0,2.750700280112045,33.89,-118.33,2.269
5.1874,42.0,5.934640522875817,1.1045751633986929,897.0,2.931372549019608,33.89,-118.33,2.308
6.0088,36.0,5.3752808988764045,0.997752808988764,1346.0,3.0247191011235954,33.89,-118.34,2.459
5.373,36.0,5.375886524822695,0.9716312056737588,1232.0,2.912529550827424,33.89,-118.34,2.445
2.8777,13.0,3.60875,1.06625,2197.0,2.74625,33.9,-118.35,2.079
3.4698,31.0,5.390243902439025,1.1986062717770034,956.0,3.3310104529616726,33.9,-118.35,2.25
4.875,31.0,4.104602510460251,0.9288702928870292,734.0,3.071129707112971,33.9,-118.35,2.324
3.6486,29.0,4.298245614035087,1.0350877192982455,2175.0,3.179824561403509,33.89,-118.35,2.29
4.1552,34.0,4.64,1.032,1249.0,3.3306666666666667,33.89,-118.35,2.339
2.9551,41.0,4.11854103343465,1.060790273556231,655.0,1.990881458966565,33.9,-118.36,2.05
3.3971,22.0,4.676348547717843,1.1908713692946058,697.0,2.892116182572614,33.9,-118.35,2.203
4.2829,30.0,4.186813186813187,1.0952380952380951,776.0,2.8424908424908426,33.89,-118.35,2.4
3.375,37.0,4.054245283018868,1.0047169811320755,1266.0,2.9858490566037736,33.89,-118.36,2.28
5.3169,34.0,3.8383838383838382,0.8787878787878788,723.0,3.651515151515152,33.89,-118.36,2.276
4.0727,18.0,3.957845433255269,1.079625292740047,2276.0,2.6651053864168617,33.9,-118.36,2.14
3.1325,27.0,4.378086419753086,1.0555555555555556,2141.0,3.3040123456790123,33.89,-118.36,2.15
4.2454,33.0,4.604206500956023,1.0210325047801148,1644.0,3.1434034416826004,33.88,-118.36,2.368
2.65,28.0,4.262987012987013,1.0357142857142858,827.0,2.685064935064935,33.88,-118.36,2.608
3.9844,26.0,4.946043165467626,1.0287769784172662,829.0,2.9820143884892087,33.88,-118.36,2.307
3.0833,25.0,4.2729468599033815,1.0628019323671498,1371.0,3.3115942028985508,33.89,-118.35,2.327
4.0737,36.0,4.522857142857143,1.1742857142857144,1097.0,3.1342857142857143,33.88,-118.35,2.382
3.2589,42.0,4.215116279069767,1.063953488372093,493.0,2.866279069767442,33.88,-118.34,2.333
4.4,44.0,4.6440677966101696,1.0169491525423728,480.0,2.711864406779661,33.88,-118.35,2.258
3.2594,36.0,4.05958549222798,0.9378238341968912,1054.0,2.7305699481865284,33.88,-118.35,2.339
3.35,25.0,4.121468926553672,1.0225988700564972,1150.0,3.248587570621469,33.88,-118.35,2.375
2.425,40.0,4.950391644908616,1.0861618798955617,950.0,2.480417754569191,33.74,-118.3,2.55
5.25,41.0,3.4782608695652173,0.8695652173913043,61.0,2.652173913043478,33.92,-118.39,2.472
2.4219,33.0,4.311244979919679,1.0140562248995983,1371.0,2.753012048192771,33.88,-118.31,2.607
4.6406,34.0,5.04245283018868,1.0235849056603774,601.0,2.8349056603773586,33.87,-118.34,2.559
6.4391,34.0,5.32258064516129,0.967741935483871,269.0,2.89247311827957,33.86,-118.32,2.523
6.0335,38.0,5.252873563218391,1.011494252873563,519.0,2.9827586206896552,33.86,-118.33,2.554
6.3992,36.0,5.693333333333333,1.0666666666666669,473.0,3.1533333333333333,33.86,-118.33,2.596
4.0,38.0,5.1658536585365855,1.0634146341463415,561.0,2.7365853658536587,33.86,-118.33,2.486
4.5833,37.0,4.896551724137931,0.986206896551724,886.0,3.055172413793104,33.87,-118.35,2.613
3.6169,28.0,4.111702127659575,1.0265957446808511,1369.0,2.4273049645390072,33.87,-118.35,2.57
3.5073,42.0,4.251351351351351,1.0405405405405406,1859.0,2.5121621621621624,33.85,-118.32,2.348
2.775,50.0,2.9743589743589745,1.329059829059829,382.0,1.6324786324786325,33.83,-118.31,2.25
3.2472,35.0,4.320754716981132,1.0622641509433963,1374.0,2.59245283018868,33.79,-118.31,2.547
3.1648,39.0,5.089928057553957,1.0719424460431657,729.0,2.622302158273381,33.8,-118.32,2.448
3.3958,38.0,5.266447368421052,1.1578947368421053,711.0,2.338815789473684,33.79,-118.31,2.5
2.4432,37.0,2.866799204771372,0.9960238568588468,998.0,1.984095427435388,34.09,-118.34,2.0
2.5444,35.0,3.3746223564954683,1.040785498489426,1334.0,2.015105740181269,34.09,-118.35,2.361
2.0205,33.0,3.0537918871252203,1.031746031746032,1845.0,1.626984126984127,34.09,-118.36,2.438
2.5812,36.0,2.97008547008547,0.9786324786324786,874.0,1.8675213675213675,34.09,-118.36,2.0
3.2818,31.0,3.617094017094017,1.041025641025641,2559.0,1.458119658119658,34.09,-118.37,2.25
2.6639,29.0,2.91125,1.04125,1953.0,2.44125,34.02,-118.46,2.333
2.625,11.0,3.6,0.8,150.0,7.5,34.02,-118.48,2.5
2.125,39.0,4.096153846153846,0.8461538461538461,138.0,2.6538461538461537,34.03,-118.37,1.964
4.6277,21.0,3.983092638252906,1.0704473406128918,5127.0,1.805917576611483,33.99,-118.38,2.283
3.2021,45.0,5.281437125748503,1.2005988023952097,679.0,2.032934131736527,33.99,-118.35,2.221
4.2917,52.0,6.329545454545454,0.9602272727272728,486.0,2.761363636363636,34.0,-118.33,2.476
3.7344,47.0,6.219101123595506,1.1179775280898876,437.0,2.455056179775281,33.99,-118.34,1.794
3.825,48.0,6.168421052631579,1.0789473684210529,497.0,2.6157894736842104,33.99,-118.34,1.83
3.8803,6.0,5.762492981471084,1.046603032004492,6163.0,3.4604154969118475,34.58,-117.78,1.2
3.46,32.0,6.8843137254901965,1.2666666666666666,1733.0,3.3980392156862744,34.71,-117.96,1.239
2.5764,14.0,5.08984375,1.00390625,1228.0,2.3984375,34.71,-118.06,1.5
4.0211,4.0,6.3704712612367205,1.1362026695723235,10493.0,2.858349223644784,34.68,-118.09,1.44
5.3267,6.0,6.663677130044843,1.061883408071749,3489.0,3.12914798206278,34.68,-118.11,1.401
4.6417,17.0,6.829201101928375,1.0743801652892562,1219.0,3.358126721763085,34.69,-118.12,1.257
4.6629,12.0,6.82798459563543,1.123234916559692,2439.0,3.1309370988446728,34.68,-118.12,1.315
2.67,33.0,6.147887323943662,1.2464788732394363,425.0,2.992957746478873,34.65,-118.1,1.875
2.4012,5.0,5.766633565044687,1.1737835153922542,2602.0,2.5839126117179743,34.71,-118.09,1.594
4.9806,5.0,7.25718290119131,1.1541695865451995,4562.0,3.196916608269096,34.7,-118.1,1.411
2.8548,6.0,8.095914742451155,1.4280639431616342,1543.0,2.7406749555950265,34.7,-118.09,1.385
2.415,16.0,4.923270440251573,1.030188679245283,1524.0,1.916981132075472,34.71,-118.1,1.375
1.125,46.0,5.714285714285714,1.4285714285714286,14.0,2.0,34.71,-118.12,2.25
4.3229,7.0,5.623569794050344,1.0125858123569793,2833.0,3.2414187643020598,34.7,-118.12,1.3
4.5455,25.0,5.511326860841424,1.1067961165048543,775.0,2.5080906148867315,34.68,-118.14,1.265
3.5732,5.0,4.640919366993217,1.1126601356443104,6291.0,2.370384325546345,34.67,-118.15,1.469
4.6591,20.0,6.758064516129032,1.0806451612903225,551.0,2.962365591397849,34.65,-118.14,2.472
4.8787,33.0,6.104602510460251,1.0334728033472804,1365.0,2.8556485355648538,34.7,-118.16,1.277
3.9028,35.0,5.713761467889908,1.0697247706422015,1974.0,3.622018348623853,34.69,-118.16,1.268
4.7875,19.0,6.007005253940456,1.052539404553415,1817.0,3.182136602451839,34.76,-118.28,1.636
2.1979,16.0,6.166666666666667,1.121212121212121,704.0,2.1333333333333333,34.77,-118.19,1.464
4.875,5.0,7.101721439749609,1.176056338028169,7694.0,6.020344287949921,34.69,-118.2,1.634
4.1667,12.0,6.74171270718232,1.1091160220994476,2188.0,3.022099447513812,34.69,-118.17,1.719
6.6772,13.0,7.37707182320442,1.0676795580110496,2288.0,3.160220994475138,34.68,-118.17,1.856
5.0285,8.0,6.66371158392435,1.0768321513002364,5731.0,3.387115839243499,34.67,-118.19,1.679
4.5659,5.0,6.012958963282937,1.1195104391648667,3723.0,2.680345572354212,34.67,-118.17,1.403
3.9963,33.0,5.671974522292993,1.038216560509554,913.0,2.9076433121019107,34.65,-118.19,1.268
5.7049,9.0,6.699570815450644,1.0858369098712446,731.0,3.1373390557939915,34.66,-118.17,1.732
4.3636,28.0,6.138020833333333,1.0625,1162.0,3.0260416666666665,34.67,-118.22,1.797
3.6382,25.0,7.772189349112426,1.1449704142011834,1059.0,3.133136094674556,34.66,-118.23,1.382
4.9,17.0,6.501706484641638,1.129692832764505,1867.0,3.1860068259385668,34.66,-118.22,1.524
3.0441,17.0,5.292328042328043,1.0767195767195767,2313.0,3.0595238095238093,34.65,-118.21,1.401
3.5673,17.0,5.453731343283582,1.0388059701492538,766.0,2.2865671641791043,34.65,-118.23,1.363
3.2125,19.0,5.2075471698113205,1.2169811320754718,314.0,2.962264150943396,34.68,-118.27,1.854
3.3173,18.0,5.645372645372645,1.1236691236691236,2837.0,2.323505323505324,34.65,-118.29,2.184
4.3456,18.0,4.997311827956989,1.0080645161290325,913.0,2.454301075268817,34.58,-118.38,1.489
5.0839,25.0,6.03921568627451,1.1509803921568629,1558.0,3.054901960784313,34.73,-118.61,1.567
4.2941,10.0,5.805633802816901,1.1464788732394366,2164.0,3.047887323943662,34.7,-118.4,1.516
1.4091,34.0,5.785714285714286,1.8571428571428568,53.0,3.7857142857142856,34.63,-117.92,1.375
2.7396,7.0,6.548076923076923,1.2019230769230769,485.0,4.663461538461538,34.59,-117.92,1.256
3.1946,5.0,5.618618618618618,1.0610610610610611,3569.0,3.5725725725725725,34.57,-117.93,1.327
3.9766,8.0,5.6284329563812605,1.0452342487883683,2169.0,3.504038772213247,34.53,-117.9,1.358
3.8594,10.0,5.47457627118644,1.0527306967984935,1681.0,3.1657250470809792,34.53,-117.96,1.41
4.0945,13.0,5.733197556008147,1.089613034623218,1492.0,3.038696537678208,34.53,-117.98,1.357
4.1573,19.0,6.162629757785467,1.0484429065743943,1677.0,2.901384083044982,34.63,-118.18,2.281
6.4865,2.0,8.052670080468179,1.1331382589612289,4098.0,2.997805413313826,34.6,-118.16,2.044
4.9904,5.0,7.843010752688172,1.2247311827956988,3123.0,3.358064516129032,34.6,-118.16,1.541
4.7097,12.0,6.505263157894737,1.0736842105263158,1048.0,2.7578947368421054,34.56,-118.21,2.621
5.3799,4.0,7.944629014396456,1.1877076411960132,5839.0,3.233111849390919,34.63,-118.22,2.224
5.9508,16.0,6.039906103286385,1.0023474178403755,1273.0,2.988262910798122,34.64,-118.21,1.811
3.7636,6.0,6.096236890808143,1.1671807526218383,4892.0,3.017890191239976,34.57,-118.14,1.676
3.9936,5.0,5.838768115942029,1.045289855072464,3427.0,3.1041666666666665,34.56,-118.12,1.485
3.3086,7.0,5.181032290872108,1.1022120518688023,11973.0,3.044241037376049,34.57,-118.1,1.381
4.5266,4.0,6.358957654723128,1.0964169381107491,4970.0,3.237785016286645,34.57,-118.09,1.429
4.1719,5.0,6.625,1.1071428571428572,631.0,3.755952380952381,34.58,-118.08,1.466
4.2329,5.0,5.734078212290503,1.01731843575419,5871.0,3.2798882681564248,34.56,-118.07,1.455
4.5615,14.0,6.242718446601942,1.0764563106796117,2846.0,3.453883495145631,34.56,-118.08,1.372
4.0729,4.0,6.163329161451815,1.1138923654568211,4546.0,2.8448060075093866,34.58,-118.03,1.543
5.083,4.0,6.968606932635709,1.1157619359058208,5391.0,3.525833878351864,34.57,-118.02,1.513
4.071,2.0,6.28139534883721,1.2325581395348837,1368.0,3.181395348837209,34.55,-118.01,1.374
4.5237,5.0,6.1037344398340245,1.12070916635232,8152.0,3.075066012825349,34.55,-118.08,1.418
4.8667,14.0,6.925742574257426,1.136138613861386,1236.0,3.0594059405940595,34.51,-118.07,2.399
5.9507,11.0,6.185872279700321,1.02247591865858,8721.0,3.111309311452016,34.43,-118.37,2.252
3.7043,12.0,6.387037037037037,1.1074074074074074,1502.0,2.7814814814814817,34.49,-117.89,1.508
4.5769,32.0,6.34113712374582,1.1438127090301002,806.0,2.6956521739130435,34.48,-117.96,1.594
3.2765,18.0,6.326271186440678,1.2648305084745763,1355.0,2.8707627118644066,34.45,-117.79,1.65
4.542,12.0,5.7810690423162585,1.068596881959911,10475.0,2.3329621380846324,34.4,-118.46,1.953
6.0097,25.0,5.972222222222222,0.8796296296296297,689.0,3.189814814814815,34.45,-118.5,2.202
5.9263,3.0,6.550796812749004,1.051792828685259,3032.0,3.0199203187251,34.52,-118.5,2.518
3.375,36.0,4.941176470588236,0.7058823529411765,29.0,1.7058823529411764,34.47,-118.48,1.875
5.5061,17.0,6.923128792987188,1.1348617666891436,4956.0,3.341874578556979,34.46,-118.5,2.394
5.3209,26.0,5.765432098765432,0.9135802469135802,519.0,3.203703703703704,34.44,-118.52,1.85
5.1163,19.0,6.225206611570248,1.0475206611570247,1356.0,2.801652892561984,34.44,-118.53,2.332
5.2374,26.0,5.2405063291139244,0.9430379746835444,508.0,3.2151898734177213,34.45,-118.53,1.855
6.0398,19.0,6.658031088082901,1.0103626943005182,650.0,3.3678756476683938,34.44,-118.53,2.178
6.1281,5.0,6.6125,1.0892241379310346,7270.0,3.1336206896551726,34.46,-118.52,2.362
5.5981,10.0,5.744525547445256,1.0104275286757038,3002.0,3.130344108446298,34.45,-118.53,2.201
6.1082,15.0,6.901865369018654,1.0202757502027575,3733.0,3.02757502027575,34.43,-118.51,2.537
4.7007,25.0,5.824561403508772,1.023391812865497,1884.0,3.672514619883041,34.42,-118.46,1.695
4.6861,16.0,5.494262295081967,1.0549180327868852,7030.0,2.8811475409836067,34.44,-118.45,1.879
5.4829,15.0,6.075165806927045,1.0383198231392778,4453.0,3.281503316138541,34.43,-118.49,1.996
4.4107,23.0,5.60699865410498,1.0174966352624495,2082.0,2.8021534320323016,34.42,-118.49,2.134
5.0166,21.0,5.329457364341085,1.003875968992248,728.0,2.8217054263565893,34.42,-118.48,2.29
3.038,17.0,4.54228855721393,1.1343283582089552,530.0,2.63681592039801,34.42,-118.47,2.385
5.2887,25.0,6.344488188976378,1.031496062992126,1763.0,3.470472440944882,34.42,-118.47,1.83
6.2971,13.0,6.25,1.0069444444444444,1799.0,3.123263888888889,34.42,-118.43,2.183
4.2037,5.0,5.433093154915079,1.1286670097786928,9842.0,2.532681420483788,34.43,-118.43,1.946
6.3277,14.0,7.076071922544951,1.090825265099124,7087.0,3.2674043337943752,34.44,-118.55,2.377
4.0579,5.0,4.876513317191283,1.0847457627118644,2062.0,2.49636803874092,34.59,-118.61,1.671
5.4284,5.0,6.176979662483773,1.070532237126785,7158.0,3.097360450021636,34.53,-118.7,2.363
3.775,9.0,6.103626943005182,1.2150259067357514,1556.0,4.0310880829015545,34.43,-118.66,1.55
4.2391,5.0,5.123809523809523,0.9333333333333332,8733.0,83.17142857142858,34.47,-118.59,1.546
3.6625,21.0,4.481996726677577,1.0433715220949265,3384.0,2.769230769230769,34.39,-118.52,2.281
3.227,18.0,3.83249581239531,1.016750418760469,2305.0,3.8609715242881073,34.38,-118.53,1.361
6.8299,18.0,6.390243902439025,0.9420731707317072,1044.0,3.182926829268293,34.38,-118.54,2.621
4.8536,23.0,5.554455445544554,1.0297029702970295,1984.0,2.8062234794908063,34.37,-118.56,2.026
3.9583,52.0,8.169811320754716,1.30188679245283,147.0,2.7735849056603774,34.23,-118.12,1.625
1.9875,52.0,3.1875,0.90625,54.0,1.6875,34.32,-118.35,1.917
4.1125,39.0,5.165605095541402,1.1305732484076434,903.0,2.875796178343949,34.3,-118.38,1.83
2.3482,26.0,20.33668341708543,3.527638190954774,571.0,2.869346733668342,37.34,-119.53,1.795
3.5893,14.0,9.282051282051285,2.0,88.0,2.2564102564102564,37.32,-119.51,2.143
2.7813,10.0,5.30478589420655,1.0327455919395463,1003.0,2.526448362720403,37.39,-119.66,1.241
3.1326,13.0,6.648414985590778,1.1123919308357348,925.0,2.6657060518731988,37.35,-119.68,1.198
2.3565,11.0,5.335802469135802,1.1061728395061727,820.0,2.0246913580246915,37.32,-119.65,1.223
2.625,13.0,6.401486988847584,1.20817843866171,712.0,2.646840148698885,37.29,-119.6,1.375
3.0224,7.0,7.149789029535865,1.3101265822784811,1268.0,2.675105485232068,37.33,-119.62,1.478
2.7413,13.0,5.571741511500548,1.0744797371303396,2284.0,2.501642935377875,37.27,-119.67,1.231
3.0,18.0,4.456140350877193,0.912280701754386,393.0,3.4473684210526314,36.96,-120.16,1.563
4.665,14.0,7.4921875,1.109375,2047.0,3.1984375,36.92,-119.81,1.213
5.0029,26.0,5.72626931567329,0.9845474613686536,2341.0,2.5838852097130243,38.1,-122.55,2.556
3.1981,24.0,4.197947214076247,1.0762463343108504,1583.0,2.3211143695014664,38.11,-122.57,2.153
3.4705,32.0,4.869986168741355,1.0345781466113415,1706.0,2.359612724757953,38.11,-122.57,2.286
3.8068,19.0,5.214285714285714,0.9761904761904762,873.0,2.5982142857142856,38.11,-122.6,2.016
4.1705,17.0,4.666990291262136,1.0305825242718447,4684.0,2.2737864077669903,38.09,-122.56,2.098
4.1289,13.0,4.572038420490928,1.112059765208111,2146.0,2.290288153681964,38.03,-122.44,1.792
4.3182,36.0,5.62625,1.04,2196.0,2.745,38.01,-122.45,2.527
4.6,21.0,5.386934673366834,1.0050251256281406,840.0,2.1105527638190957,38.01,-122.56,2.395
1.9063,52.0,1.553030303030303,0.9015151515151516,228.0,1.7272727272727273,37.97,-122.53,2.0
2.75,33.0,3.331360946745562,1.1479289940828403,265.0,1.5680473372781063,37.97,-122.52,2.313
3.6863,39.0,5.056661562021439,1.047473200612557,1574.0,2.4104134762633995,37.96,-122.51,2.638
3.9712,16.0,4.624539877300614,1.0294478527607362,1986.0,2.4368098159509204,37.95,-122.47,1.875
6.1359,16.0,4.0,0.8,45.0,1.8,37.96,-122.5,2.125
2.7273,25.0,3.6015452538631347,1.0496688741721854,5917.0,3.2654525386313464,37.97,-122.5,1.875
4.2011,41.0,5.05420054200542,1.062330623306233,825.0,2.2357723577235773,38.01,-122.68,2.554
4.1098,21.0,4.89532293986637,1.0289532293986636,1100.0,2.4498886414253898,38.0,-122.6,2.466
4.7344,18.0,3.554655870445344,1.0323886639676114,384.0,1.554655870445344,37.94,-122.53,2.0
2.862,21.0,4.2480957562568005,1.0663764961915123,1949.0,2.120783460282916,37.87,-122.51,2.584
2.9145,19.0,3.527472527472528,1.086080586080586,881.0,1.6135531135531136,37.85,-122.47,1.404
4.3194,43.0,6.200716845878136,1.168458781362007,629.0,2.2544802867383518,37.91,-122.69,2.387
3.115,23.0,6.648936170212766,1.3670212765957446,437.0,2.324468085106383,37.9,-122.71,2.426
4.3125,44.0,7.58600583090379,1.4839650145772594,691.0,2.0145772594752187,38.1,-122.86,2.615
3.5469,28.0,5.863013698630137,1.2100456621004567,628.0,2.867579908675799,38.02,-122.93,2.0
2.3482,52.0,6.891891891891892,1.1783783783783783,627.0,3.389189189189189,38.28,-122.9,1.635
3.1429,20.0,15.015151515151516,2.712121212121212,308.0,2.333333333333333,38.26,-122.96,2.409
3.4609,19.0,4.792284866468843,1.086053412462908,815.0,2.4183976261127595,38.08,-122.81,2.388
3.625,36.0,6.569060773480663,1.3149171270718232,957.0,2.643646408839779,38.18,-122.8,2.531
3.0,11.0,6.9854651162790695,1.444767441860465,890.0,2.5872093023255816,37.64,-120.31,1.208
3.1771,15.0,6.549668874172186,1.218543046357616,406.0,2.6887417218543046,37.5,-119.8,1.219
2.6838,30.0,21.16296296296296,4.896296296296296,291.0,2.1555555555555554,37.61,-119.64,1.646
1.5278,19.0,6.436123348017621,1.497797356828194,515.0,2.2687224669603525,39.83,-123.84,1.458
3.0433,21.0,5.23208722741433,1.0545171339563864,1908.0,2.97196261682243,39.45,-123.64,1.407
2.325,24.0,5.186131386861314,1.062043795620438,588.0,2.145985401459854,39.5,-123.79,1.573
2.7857,28.0,5.417391304347826,1.1021739130434782,1202.0,2.6130434782608694,39.47,-123.8,1.503
2.7,32.0,5.563380281690141,1.0633802816901408,380.0,2.676056338028169,39.44,-123.73,1.65
2.9243,35.0,5.745819397993311,1.1538461538461535,698.0,2.3344481605351173,39.46,-123.8,1.316
1.7574,11.0,4.0,1.1219512195121952,895.0,1.984478935698448,39.42,-123.85,1.5
2.6424,18.0,5.405479452054794,1.1136986301369862,1899.0,2.6013698630136988,39.37,-123.38,1.246
3.9632,20.0,5.742857142857143,0.8642857142857143,448.0,3.2,39.33,-123.23,1.471
2.8833,19.0,6.75,1.3486842105263157,424.0,2.789473684210526,39.31,-123.15,1.542
3.3431,20.0,6.383720930232558,1.172093023255814,1421.0,3.3046511627906976,39.32,-123.11,1.375
3.788,25.0,5.730841121495327,1.0654205607476634,1558.0,2.91214953271028,39.26,-123.18,1.342
3.1455,16.0,5.118566176470588,1.0165441176470589,3148.0,2.8933823529411766,39.28,-123.22,1.429
2.5875,17.0,5.381188118811881,1.2574257425742574,522.0,2.584158415841584,39.25,-123.36,1.445
2.125,18.0,4.5,1.0185185185185186,115.0,2.1296296296296298,39.23,-123.18,1.75
2.2926,17.0,4.860896445131376,1.071097372488408,1560.0,2.41112828438949,39.2,-123.21,1.493
3.25,16.0,4.935483870967742,1.060931899641577,830.0,2.974910394265233,39.37,-123.75,1.514
3.184,23.0,5.450408401400233,1.0641773628938156,2095.0,2.4445740956826136,39.39,-123.85,1.405
3.1071,18.0,5.657534246575342,1.2054794520547945,711.0,2.434931506849315,39.32,-123.7,2.132
3.3654,23.0,6.375,1.335648148148148,887.0,2.053240740740741,39.31,-123.81,2.25
2.375,20.0,5.818639798488665,1.3123425692695214,1745.0,2.197732997481108,39.17,-123.73,1.588
2.5625,38.0,8.085308056872037,1.6824644549763033,506.0,2.398104265402844,38.93,-123.53,1.656
3.1201,17.0,6.478206724782067,1.2914072229140725,1742.0,2.1693648816936486,38.8,-123.59,1.761
2.6275,17.0,4.7465753424657535,0.9863013698630136,1501.0,2.5702054794520546,39.18,-123.21,1.421
3.0652,24.0,5.415322580645161,1.059475806451613,3002.0,3.026209677419355,39.1,-123.34,1.311
3.7833,17.0,6.057692307692308,1.0961538461538465,877.0,2.810897435897436,39.07,-123.21,1.598
3.6587,32.0,5.524038461538462,0.8990384615384616,499.0,2.3990384615384617,39.16,-123.22,1.546
3.8958,33.0,5.419354838709677,0.9723502304147466,529.0,2.43778801843318,39.13,-123.23,1.44
3.5938,36.0,5.74384236453202,1.064039408866995,504.0,2.4827586206896552,39.15,-123.22,1.221
4.0469,27.0,6.542735042735043,1.1367521367521367,822.0,3.5128205128205128,39.13,-123.21,1.274
2.6012,16.0,5.280737704918033,1.014344262295082,1232.0,2.5245901639344264,39.15,-123.19,1.256
5.9585,14.0,7.272727272727272,1.0616883116883118,1030.0,3.344155844155844,39.18,-123.17,2.149
4.425,30.0,5.858461538461539,1.0184615384615383,816.0,2.51076923076923,39.15,-123.17,1.619
2.775,31.0,5.160493827160494,1.0123456790123455,327.0,4.037037037037037,39.1,-123.16,1.208
3.6182,27.0,6.557142857142857,1.2114285714285715,1252.0,3.577142857142857,37.44,-120.75,1.232
3.5167,46.0,5.850340136054422,0.8843537414965986,496.0,3.3741496598639458,37.4,-120.69,1.375
3.7784,32.0,5.975206611570248,1.0764462809917354,1580.0,3.2644628099173554,37.43,-120.84,1.645
4.6667,10.0,6.314168377823409,1.0225872689938398,1368.0,2.809034907597536,37.37,-120.6,1.301
4.25,18.0,6.222360248447205,1.0260869565217392,2497.0,3.101863354037267,37.32,-120.61,1.463
2.0066,16.0,5.689567430025445,1.1145038167938932,1361.0,3.4631043256997454,37.2,-120.64,1.25
3.3194,21.0,6.878048780487805,1.1170731707317074,590.0,2.8780487804878048,37.32,-120.55,1.414
2.1418,13.0,4.620558375634518,1.1383248730964468,1737.0,2.204314720812183,37.32,-120.48,1.306
2.558,15.0,3.851851851851852,0.95906432748538,2024.0,1.97270955165692,37.32,-120.47,1.216
4.67,8.0,6.226950354609929,1.0303951367781157,2821.0,2.858156028368794,37.34,-120.48,1.276
5.2522,16.0,6.464088397790055,0.9834254143646408,566.0,3.12707182320442,37.32,-120.43,1.253
6.3215,4.0,7.2110091743119265,1.0642201834862386,368.0,3.376146788990826,37.33,-120.46,1.382
5.2662,16.0,5.869337979094077,0.926829268292683,1770.0,3.083623693379791,37.31,-120.44,1.262
3.7652,20.0,6.115921787709497,1.0516759776536313,2055.0,2.870111731843576,37.31,-120.45,1.335
5.9378,15.0,7.572769953051643,0.9530516431924884,673.0,3.15962441314554,37.35,-120.43,2.122
3.0909,30.0,5.503171247357294,1.0718816067653276,1491.0,3.1522198731501057,37.18,-121.06,1.234
3.125,28.0,6.325842696629214,1.4157303370786516,1057.0,3.958801498127341,37.01,-120.77,1.563
4.1779,3.0,7.461873638344227,1.3311546840958606,1588.0,3.4596949891067537,37.08,-120.85,1.478
3.1719,32.0,6.208154506437769,1.0321888412017168,1198.0,2.570815450643777,37.05,-120.85,1.406
5.3988,8.0,7.043478260869565,1.0253623188405796,814.0,2.949275362318841,37.05,-120.84,1.655
2.5598,16.0,5.117808219178082,1.0424657534246575,1942.0,2.66027397260274,37.07,-120.83,1.202
1.933,15.0,5.431372549019608,1.1294117647058823,775.0,3.0392156862745097,37.05,-120.82,1.406
2.4398,22.0,5.503105590062112,1.0745341614906831,595.0,3.695652173913044,37.09,-120.65,1.5
3.5294,12.0,14.113821138211382,2.861788617886179,330.0,2.682926829268293,37.8,-119.07,1.607
2.7656,17.0,12.7421875,2.6171875,285.0,2.2265625,37.78,-119.08,1.3
3.7315,20.0,7.368303571428571,1.7388392857142858,1085.0,2.421875,37.58,-118.74,1.593
4.2381,11.0,11.402898550724638,2.020289855072464,901.0,2.6115942028985506,37.64,-118.96,2.427
3.2431,14.0,52.848214285714285,11.410714285714286,265.0,2.3660714285714284,37.64,-119.02,2.214
4.5375,18.0,8.629807692307692,2.0,483.0,2.3221153846153846,37.65,-118.98,1.698
5.01,20.0,17.54609929078014,4.432624113475177,338.0,2.397163120567376,37.65,-118.99,1.955
3.05,17.0,8.32008830022075,2.004415011037528,1160.0,2.5607064017660046,37.64,-118.98,1.889
3.0685,13.0,8.149572649572649,2.324786324786325,575.0,2.4572649572649574,37.64,-118.97,1.625
3.6042,14.0,18.846938775510203,4.479591836734694,238.0,2.4285714285714284,37.64,-118.97,1.375
3.2917,10.0,34.57142857142857,7.022321428571429,483.0,2.15625,37.63,-118.99,2.318
4.1742,17.0,5.082224909310762,0.9866989117291416,2900.0,3.506650544135429,36.72,-121.64,1.599
3.9818,19.0,5.335106382978723,1.077659574468085,3251.0,3.4585106382978723,36.71,-121.63,1.529
4.3451,24.0,6.483771251931993,1.0911901081916535,2200.0,3.400309119010819,36.71,-121.62,1.778
5.0374,30.0,5.412955465587045,1.0242914979757085,838.0,3.3927125506072877,36.74,-121.62,1.654
4.1675,32.0,5.73492286115007,1.0308555399719497,2927.0,4.105189340813464,36.7,-121.64,1.425
3.0827,29.0,4.791505791505792,1.0193050193050193,2773.0,2.6766409266409266,36.7,-121.65,1.481
3.2929,27.0,5.068711656441717,1.087116564417178,2002.0,2.456441717791411,36.71,-121.66,1.575
3.4222,33.0,5.073322932917317,0.982839313572543,2010.0,3.135725429017161,36.7,-121.66,1.581
2.7367,21.0,4.108389786347056,1.04794163626889,4907.0,2.5570609692548203,36.69,-121.65,1.603
2.3463,16.0,4.196805111821086,1.0242811501597444,6012.0,3.8415335463258784,36.68,-121.64,1.561
2.8542,37.0,3.996192893401015,1.0571065989847717,3456.0,4.385786802030457,36.68,-121.61,1.276
2.4884,43.0,4.202321724709784,0.9817578772802652,2448.0,4.059701492537314,36.68,-121.62,1.305
2.8942,45.0,4.45609756097561,0.9951219512195122,1507.0,3.675609756097561,36.67,-121.62,1.29
2.5329,31.0,4.055639097744361,1.037593984962406,2220.0,3.338345864661654,36.67,-121.62,1.352
2.5263,34.0,4.4631956912028725,1.0053859964093357,2443.0,4.385996409335728,36.67,-121.63,1.304
3.0197,28.0,4.266666666666667,1.1,214.0,3.566666666666667,36.67,-121.64,1.375
5.2285,24.0,5.932710280373832,0.9457943925233644,1466.0,2.7401869158878505,36.66,-121.64,2.481
3.2355,30.0,5.00668449197861,1.0254010695187166,1762.0,2.355614973262032,36.66,-121.65,2.142
3.5288,42.0,5.31960049937578,1.048689138576779,2013.0,2.51310861423221,36.66,-121.65,2.21
2.8924,52.0,5.355353075170843,1.0455580865603644,1169.0,2.662870159453303,36.67,-121.65,1.696
1.9385,28.0,3.6,1.0392523364485982,1717.0,3.209345794392523,36.67,-121.65,1.232
0.9914,10.0,3.637450199203187,1.0557768924302788,508.0,2.0239043824701195,36.68,-121.66,1.475
3.1439,40.0,5.102836879432624,1.049645390070922,1444.0,2.5602836879432624,36.67,-121.66,1.923
3.1071,40.0,4.915354330708661,1.0236220472440944,1275.0,2.50984251968504,36.67,-121.66,1.931
3.6875,19.0,4.979277364505845,1.0520722635494155,4259.0,2.263018065887354,36.66,-121.67,1.897
3.9219,24.0,5.483928571428572,0.9714285714285714,1477.0,2.6375,36.67,-121.67,2.225
5.0,26.0,5.768072289156627,1.0210843373493976,2780.0,2.791164658634538,36.67,-121.68,2.023
2.8289,38.0,4.438148443735036,1.031125299281724,3523.0,2.8116520351157224,36.68,-121.67,1.683
3.7912,6.0,4.4686315789473685,1.0463157894736843,7249.0,3.0522105263157893,36.69,-121.66,1.689
2.7321,28.0,5.043269230769231,1.1298076923076923,705.0,3.389423076923077,36.85,-121.79,1.5
2.5195,23.0,3.331476323119777,1.004178272980501,3074.0,4.281337047353761,36.9,-121.73,1.369
4.6125,16.0,6.109090909090909,1.0363636363636364,1103.0,4.010909090909091,36.9,-121.71,2.538
5.5148,15.0,5.706783369803063,1.0021881838074398,1531.0,3.350109409190372,36.89,-121.66,2.535
3.6693,28.0,5.088028169014085,0.943661971830986,1017.0,3.580985915492957,36.83,-121.76,2.11
4.4271,28.0,5.743055555555555,1.2361111111111112,703.0,4.881944444444445,36.86,-121.73,1.757
3.7766,19.0,5.138211382113822,1.1260162601626016,2332.0,4.739837398373984,36.88,-121.71,1.77
3.6607,22.0,5.744493392070485,1.224669603524229,887.0,3.907488986784141,36.85,-121.73,2.063
4.9107,19.0,5.58,1.0333333333333334,1551.0,3.4466666666666668,36.84,-121.7,2.319
4.5787,20.0,6.117370892018779,0.9953051643192488,1361.0,3.194835680751173,36.85,-121.65,2.451
3.338,19.0,5.07981220657277,0.9624413145539906,1309.0,3.072769953051643,36.8,-121.69,1.853
4.3814,16.0,6.286415711947627,1.0147299509001635,1799.0,2.944353518821604,36.79,-121.74,2.453
3.2969,18.0,5.526462395543176,1.0557103064066853,1078.0,3.002785515320334,36.81,-121.72,2.299
4.5272,18.0,6.1943231441048034,1.1397379912663756,1454.0,3.1746724890829694,36.81,-121.69,2.21
5.0092,17.0,6.117004680187208,1.0202808112324493,1895.0,2.9563182527301093,36.82,-121.66,2.387
4.1696,18.0,6.166101694915255,0.9593220338983052,919.0,3.115254237288136,36.82,-121.64,2.225
3.8424,21.0,5.851282051282051,1.317948717948718,671.0,3.441025641025641,36.75,-121.76,1.557
3.0347,21.0,5.334883720930232,1.1116279069767443,1306.0,3.0372093023255813,36.77,-121.7,2.272
2.3384,27.0,3.2289156626506026,1.0100401606425702,2031.0,4.078313253012048,36.77,-121.76,1.21
3.2937,25.0,4.746153846153846,1.0717948717948718,1678.0,4.302564102564102,36.77,-121.75,1.353
2.7694,32.0,4.473007712082262,1.025706940874036,1563.0,4.017994858611825,36.76,-121.75,1.324
4.1696,30.0,6.083333333333333,1.0277777777777777,1372.0,3.175925925925926,36.74,-121.64,1.75
4.5812,18.0,6.066666666666666,1.0256410256410255,2975.0,3.051282051282051,36.8,-121.64,2.552
4.7969,15.0,6.63939393939394,1.084848484848485,1150.0,3.484848484848485,36.77,-121.65,2.275
3.2652,12.0,4.39935956084172,1.0274473924977128,12153.0,2.779734675205856,36.72,-121.68,1.528
3.3456,37.0,4.514084507042254,0.908450704225352,458.0,3.2253521126760565,36.67,-121.7,2.526
3.6286,52.0,5.591439688715953,1.1595330739299612,836.0,3.252918287937743,36.63,-121.62,1.655
3.525,12.0,6.143636363636364,1.1281818181818182,3918.0,3.561818181818182,36.7,-121.54,2.017
2.5986,11.0,4.264253393665158,0.9936651583710407,5982.0,5.4135746606334845,36.69,-121.62,1.357
6.0332,19.0,7.062962962962963,1.1962962962962962,681.0,2.522222222222222,36.62,-121.69,2.449
2.3879,14.0,3.980477223427332,1.0151843817787418,1867.0,4.049891540130152,36.5,-121.43,1.298
2.8775,13.0,4.68586387434555,1.0837696335078535,2474.0,4.317626527050611,36.57,-121.42,1.341
1.9722,28.0,5.212435233160622,1.1813471502590671,738.0,3.823834196891192,36.49,-121.48,2.107
4.7891,20.0,5.493827160493828,1.1934156378600822,717.0,2.950617283950617,36.43,-121.62,2.306
3.3289,39.0,5.580487804878048,1.2902439024390244,1449.0,3.5341463414634147,36.38,-121.4,1.906
2.3,30.0,3.65,1.025,164.0,4.1,36.32,-121.26,2.063
3.1222,13.0,4.231958762886598,1.077319587628866,1534.0,3.953608247422681,36.33,-121.24,1.255
2.6648,33.0,6.454198473282442,1.1755725190839694,792.0,3.0229007633587788,36.34,-121.24,1.646
3.1929,27.0,4.122905027932961,0.9832402234636872,1156.0,3.2290502793296088,36.21,-121.13,1.379
2.9559,16.0,4.284403669724771,1.0160550458715596,1323.0,3.0344036697247705,36.2,-121.13,1.632
3.9647,12.0,5.629518072289157,1.069277108433735,2337.0,3.519578313253012,36.14,-121.2,1.35
3.0526,28.0,8.13076923076923,1.9153846153846157,288.0,2.2153846153846155,36.16,-121.39,1.469
3.5547,31.0,5.552238805970149,1.0149253731343284,479.0,7.149253731343284,35.95,-121.32,2.0
5.3245,39.0,6.508474576271187,1.3728813559322033,264.0,2.23728813559322,35.91,-120.51,2.5
3.7083,14.0,6.304093567251462,1.5263157894736843,382.0,2.2339181286549707,36.42,-121.91,2.1
4.0154,33.0,5.211161387631976,1.0301659125188536,1704.0,2.570135746606335,36.6,-121.93,2.257
3.1543,29.0,4.933949801849406,1.0673712021136064,1873.0,2.474240422721268,36.61,-121.92,2.538
4.0313,39.0,5.266666666666667,1.0484848484848486,406.0,2.4606060606060605,36.62,-121.93,2.538
4.3281,52.0,5.38121546961326,1.049723756906077,403.0,2.226519337016575,36.62,-121.92,2.365
3.7614,52.0,5.440217391304348,1.0380434782608696,425.0,2.3097826086956523,36.62,-121.92,2.417
3.0379,47.0,4.8293333333333335,1.0693333333333332,948.0,2.528,36.62,-121.92,2.493
3.2865,52.0,4.8839590443686,1.023890784982935,657.0,2.242320819112628,36.62,-121.91,2.401
2.6713,52.0,4.636363636363637,1.0641711229946524,391.0,2.090909090909091,36.62,-121.92,2.346
2.5625,52.0,4.947368421052632,1.063157894736842,578.0,2.0280701754385966,36.62,-121.92,2.354
3.4327,52.0,5.126760563380282,1.1338028169014085,313.0,2.204225352112676,36.62,-121.92,2.545
2.475,40.0,5.6173913043478265,1.1782608695652177,504.0,2.1913043478260867,36.62,-121.91,2.583
3.3333,30.0,4.670967741935484,1.0774193548387097,325.0,2.096774193548387,36.62,-121.91,2.479
5.9175,19.0,7.141566265060241,0.9759036144578314,944.0,2.8433734939759034,36.78,-121.71,2.402
3.7454,52.0,4.60377358490566,1.0075471698113208,488.0,1.841509433962264,36.62,-121.91,2.438
3.0383,20.0,3.568093385214008,1.0778210116731517,971.0,1.8891050583657587,36.63,-121.89,2.173
2.9309,29.0,4.495388669301713,1.0895915678524375,1574.0,2.073781291172596,36.61,-121.9,2.171
3.2952,30.0,4.972924187725631,1.0776173285198556,1519.0,2.7418772563176894,36.61,-121.91,2.346
4.3,27.0,4.7063953488372094,1.0232558139534884,831.0,2.4156976744186047,36.61,-121.92,2.264
2.4922,21.0,3.430939226519337,0.9392265193370166,834.0,2.303867403314917,36.61,-121.92,2.438
2.4663,39.0,4.22020725388601,1.0958549222797926,804.0,2.082901554404145,36.6,-121.9,2.365
2.8727,33.0,4.0948419301164725,1.0798668885191347,1234.0,2.05324459234609,36.6,-121.9,2.25
3.0625,45.0,5.242424242424242,0.9603729603729604,944.0,2.200466200466201,36.6,-121.9,2.603
2.7917,40.0,4.173333333333333,1.0933333333333333,337.0,2.2466666666666666,36.6,-121.89,2.25
2.5164,30.0,4.456,1.2506666666666666,760.0,2.026666666666667,36.6,-121.88,1.781
2.6894,30.0,3.6733870967741935,1.0181451612903225,932.0,1.879032258064516,36.59,-121.88,1.795
3.1364,18.0,3.629032258064516,1.2594086021505375,1042.0,1.4005376344086022,36.59,-121.89,1.5
3.038,31.0,3.46843853820598,0.946843853820598,762.0,2.53156146179402,36.6,-121.86,1.953
2.9085,21.0,3.962922573609597,1.1025081788440567,1985.0,2.164667393675028,36.6,-121.86,1.563
3.5568,33.0,4.858620689655172,1.0586206896551724,633.0,2.182758620689655,36.6,-121.86,1.912
2.5372,21.0,3.6130500758725344,1.0637329286798178,1264.0,1.9180576631259485,36.6,-121.85,2.18
3.3156,42.0,4.202830188679245,0.9575471698113208,525.0,2.4764150943396226,36.59,-121.85,1.863
4.3269,34.0,5.5344827586206895,1.0531609195402298,1661.0,2.3864942528735638,36.59,-121.84,2.213
3.0542,27.0,4.756507136859781,1.0755667506297228,3612.0,3.0327455919395465,36.61,-121.83,1.421
4.3472,30.0,5.136448598130841,0.9383177570093458,1491.0,2.7869158878504674,36.6,-121.83,1.85
2.5663,26.0,4.036161335187761,1.0584144645340752,2258.0,3.1404728789986094,36.61,-121.84,1.289
3.4643,30.0,4.441441441441442,1.0375375375375375,1616.0,2.4264264264264264,36.6,-121.84,1.918
1.875,15.0,4.294117647058823,1.1490196078431372,1570.0,3.07843137254902,36.61,-121.84,1.223
3.8015,24.0,5.488738738738738,0.9864864864864864,1430.0,3.220720720720721,36.61,-121.82,1.691
3.4531,26.0,4.983935742971887,1.0562248995983936,2563.0,3.431057563587684,36.61,-121.83,1.331
3.2545,27.0,4.962472406181015,1.0286975717439293,1644.0,3.629139072847682,36.61,-121.83,1.312
3.5,33.0,5.172535211267606,1.0140845070422535,1516.0,2.6690140845070425,36.62,-121.83,1.624
2.7708,33.0,4.564432989690721,1.0257731958762886,1037.0,2.672680412371134,36.62,-121.83,1.618
2.4864,41.0,4.88785046728972,1.116822429906542,1890.0,2.94392523364486,36.6,-121.85,1.404
1.3897,38.0,3.5522388059701493,1.0746268656716418,191.0,2.8507462686567164,36.61,-121.85,1.25
2.225,26.0,3.2,0.8,27.0,2.7,36.62,-121.84,1.5
3.0,18.0,4.542615140285865,1.0359978824775014,6071.0,3.213869772366331,36.68,-121.8,1.622
3.0608,22.0,4.750515463917526,1.0398625429553263,3794.0,2.6075601374570447,36.68,-121.79,1.683
5.4508,14.0,5.964114832535885,0.9736842105263158,1296.0,3.1004784688995217,36.72,-121.8,1.9
3.4239,12.0,4.518648018648019,1.0652680652680653,2274.0,2.6503496503496504,36.69,-121.8,1.948
3.512,18.0,5.081601231716705,1.073903002309469,3562.0,2.742109314857583,36.71,-121.77,1.748
1.0096,52.0,3.0,1.125,89.0,1.8541666666666667,38.3,-122.29,1.625
1.8287,52.0,4.516908212560386,1.0821256038647342,315.0,1.5217391304347827,38.3,-122.29,1.469
2.7619,21.0,4.043795620437956,0.9817518248175182,524.0,1.912408759124088,38.3,-122.3,1.546
3.3542,52.0,5.725888324873097,1.0507614213197969,450.0,2.284263959390863,38.3,-122.3,1.546
1.6691,52.0,4.307420494699647,1.017667844522968,847.0,2.9929328621908127,38.3,-122.29,1.833
2.2366,23.0,3.4433497536945814,0.955665024630542,1112.0,2.738916256157636,38.29,-122.28,1.402
2.4398,52.0,4.794336810730253,1.105812220566319,1670.0,2.488822652757079,38.29,-122.29,1.631
2.9643,48.0,5.02869757174393,1.0529801324503312,1219.0,2.6909492273730686,38.29,-122.3,1.54
2.6518,40.0,5.573717948717949,1.0192307692307692,744.0,2.3846153846153846,38.29,-122.3,1.561
3.6083,38.0,5.684729064039409,1.0467980295566504,1272.0,3.1330049261083746,38.28,-122.29,1.342
6.5799,10.0,5.383333333333334,0.8888888888888888,482.0,2.6777777777777776,38.29,-122.26,2.181
2.8409,36.0,4.901694915254238,1.0372881355932204,678.0,2.298305084745763,38.29,-122.27,1.53
2.0134,23.0,4.046153846153846,1.1692307692307693,245.0,1.8846153846153848,38.3,-122.28,1.425
3.3021,20.0,5.0,1.0271317829457365,2088.0,2.697674418604651,38.29,-122.27,1.527
4.5,24.0,5.6282306163021865,0.9980119284294234,1462.0,2.9065606361829026,38.28,-122.26,1.583
2.6618,37.0,3.874172185430464,1.0033112582781456,766.0,2.5364238410596025,38.28,-122.27,1.362
1.9946,31.0,4.265993265993266,1.0740740740740742,545.0,1.835016835016835,38.32,-122.27,2.068
2.9054,44.0,5.206185567010309,1.0120274914089349,1373.0,2.359106529209622,38.31,-122.27,1.552
3.4543,12.0,4.801041666666666,1.046875,2293.0,2.388541666666667,38.32,-122.28,1.945
2.7667,23.0,4.616702355460386,1.063169164882227,2317.0,2.480728051391863,38.32,-122.29,1.532
2.5035,20.0,4.484782608695652,1.056521739130435,1045.0,2.2717391304347827,38.32,-122.3,1.532
3.455,34.0,4.415233415233415,0.9705159705159704,1162.0,2.8550368550368552,38.31,-122.3,1.375
2.7325,25.0,4.93687374749499,1.0070140280561122,2756.0,2.761523046092184,38.31,-122.29,1.629
1.76,52.0,2.636363636363636,0.8181818181818182,48.0,2.1818181818181817,38.31,-122.28,1.667
2.2721,45.0,4.253112033195021,1.0428769017980637,1635.0,2.2614107883817427,38.31,-122.29,1.398
2.6346,44.0,5.013586956521739,1.0991847826086956,1922.0,2.6114130434782608,38.3,-122.3,1.398
4.5293,19.0,6.920661157024793,1.1305785123966945,1827.0,3.019834710743801,38.34,-122.31,2.104
3.6042,21.0,5.619883040935672,1.0058479532163742,1051.0,3.073099415204678,38.33,-122.31,1.833
4.1862,15.0,5.538551401869159,1.116822429906542,2043.0,2.3866822429906542,38.33,-122.3,1.836
4.0132,26.0,5.904109589041096,0.9287671232876712,956.0,2.6191780821917807,38.33,-122.31,1.747
3.7045,33.0,5.296774193548387,0.9053763440860216,1235.0,2.6559139784946235,38.32,-122.31,1.615
5.0877,17.0,6.91869918699187,0.959349593495935,370.0,3.008130081300813,38.33,-122.32,2.093
5.3017,15.0,7.495305164319249,1.0985915492957747,1303.0,3.058685446009389,38.33,-122.33,2.026
5.8002,19.0,6.610859728506787,0.9434389140271492,1221.0,2.762443438914027,38.32,-122.32,2.387
4.0878,22.0,5.046747967479675,1.0731707317073171,1478.0,3.0040650406504064,38.32,-122.32,1.644
3.285,35.0,5.685633001422475,1.0839260312944523,2074.0,2.950213371266003,38.32,-122.31,1.381
5.0,26.0,5.599173553719008,1.0289256198347108,1439.0,2.9731404958677685,38.32,-122.32,1.752
6.1953,14.0,6.684418145956608,0.9339250493096648,2768.0,2.7297830374753453,38.31,-122.33,2.589
3.9,25.0,5.744082840236686,1.0946745562130178,1641.0,2.4275147928994083,38.3,-122.31,1.873
3.8796,32.0,5.76510067114094,1.0246085011185682,1172.0,2.621923937360179,38.31,-122.31,1.755
3.6039,45.0,4.601217656012176,1.0030441400304415,1789.0,2.7229832572298327,38.3,-122.31,1.26
2.3787,21.0,4.565340909090909,1.0113636363636365,834.0,2.3693181818181817,38.29,-122.32,1.779
2.4728,20.0,4.494974874371859,1.0904522613065326,1113.0,2.7964824120603016,38.29,-122.3,1.397
3.0404,25.0,4.2631578947368425,1.0701754385964912,1021.0,2.558897243107769,38.29,-122.3,1.421
3.3977,31.0,5.443333333333333,1.0533333333333332,944.0,3.1466666666666665,38.28,-122.3,1.587
4.3585,34.0,5.768976897689769,0.9372937293729372,783.0,2.584158415841584,38.27,-122.31,1.944
3.6389,4.0,4.237903225806452,1.060483870967742,455.0,1.8346774193548387,38.27,-122.3,1.302
3.7188,18.0,5.075822603719599,1.2589413447782547,1476.0,2.111587982832618,38.25,-122.3,1.634
4.9167,33.0,6.454545454545454,1.0909090909090908,91.0,2.757575757575758,38.25,-122.24,1.875
4.7472,13.0,5.7862407862407865,1.031122031122031,3864.0,3.1646191646191646,38.19,-122.29,1.486
4.2955,34.0,5.720588235294118,1.0073529411764706,406.0,2.985294117647059,38.17,-122.25,1.213
1.8942,45.0,4.861111111111111,0.9166666666666666,225.0,3.125,38.17,-122.23,2.167
4.0337,23.0,6.094420600858369,1.053648068669528,1586.0,3.40343347639485,38.16,-122.26,1.304
6.8,33.0,6.539877300613497,1.1717791411042944,403.0,2.4723926380368098,38.37,-122.39,2.408
4.825,29.0,6.577464788732394,1.0246478873239435,764.0,2.6901408450704225,38.33,-122.37,1.951
5.6304,18.0,7.1689059500959695,1.0690978886756235,1504.0,2.886756238003839,38.3,-122.35,2.431
4.625,33.0,5.89766081871345,1.08187134502924,949.0,2.7748538011695905,38.21,-122.33,2.286
3.5781,33.0,6.6415094339622645,1.2877358490566038,520.0,2.452830188679245,38.34,-122.4,2.425
5.5718,20.0,6.458410351201478,1.0147874306839186,1673.0,3.0924214417744915,38.35,-122.32,1.852
3.7067,18.0,4.886486486486486,1.0810810810810811,968.0,2.616216216216216,38.41,-122.36,1.75
2.2536,16.0,5.432,1.092,898.0,1.796,38.4,-122.36,2.012
6.0266,24.0,6.672131147540983,1.1147540983606556,175.0,2.8688524590163933,38.35,-122.18,2.167
4.635,33.0,6.052380952380952,1.1095238095238096,1099.0,2.6166666666666667,38.46,-122.4,2.485
3.5506,18.0,4.944333996023857,1.025844930417495,980.0,1.94831013916501,38.51,-122.47,1.875
3.4904,25.0,5.043478260869565,1.059782608695652,413.0,2.244565217391304,38.51,-122.47,1.969
3.1312,49.0,5.831858407079646,1.15929203539823,741.0,2.185840707964602,38.51,-122.48,2.476
4.1993,23.0,6.069252077562327,1.149584487534626,959.0,2.656509695290859,38.5,-122.47,2.145
1.9441,18.0,4.157051282051282,1.080128205128205,610.0,1.955128205128205,38.51,-122.45,1.844
3.6118,24.0,7.536796536796537,1.251082251082251,564.0,2.441558441558441,38.53,-122.4,2.484
3.6429,26.0,5.836111111111111,1.0833333333333333,2171.0,6.030555555555556,38.57,-122.44,1.597
3.0938,34.0,5.424568965517241,1.040948275862069,1324.0,2.853448275862069,38.58,-122.45,1.894
4.2096,37.0,5.58235294117647,1.0558823529411765,973.0,2.861764705882353,38.54,-122.48,2.566
2.1979,22.0,6.972602739726027,1.4109589041095891,139.0,1.904109589041096,38.57,-122.26,1.528
4.4,22.0,6.58252427184466,1.3300970873786409,336.0,3.262135922330097,38.53,-122.27,1.425
3.3393,15.0,6.602272727272728,1.3863636363636365,655.0,2.481060606060606,38.49,-122.18,1.469
4.65,43.0,7.126279863481229,1.293515358361775,721.0,2.460750853242321,38.56,-122.59,2.45
1.9925,18.0,4.277207392197125,1.0390143737166324,926.0,1.9014373716632444,38.58,-122.57,2.25
3.5208,33.0,5.036585365853658,1.065040650406504,539.0,2.1910569105691056,38.59,-122.58,1.958
2.3942,32.0,4.89748201438849,1.14568345323741,1549.0,2.785971223021583,38.58,-122.58,1.831
3.7585,18.0,5.618263473053892,1.125748502994012,1454.0,2.1766467065868262,38.58,-122.59,1.857
2.4726,15.0,5.180576631259484,1.0007587253414263,3002.0,2.277693474962064,39.15,-121.07,1.434
2.8864,17.0,6.280936454849498,1.1538461538461535,892.0,2.983277591973244,39.09,-121.07,1.431
2.5887,13.0,5.311004784688995,1.0334928229665072,602.0,2.8803827751196174,39.08,-121.1,1.444
2.3062,16.0,5.2631578947368425,1.0368421052631578,508.0,2.673684210526316,39.09,-121.11,1.388
3.6563,17.0,5.901408450704225,1.1338028169014085,388.0,2.732394366197183,39.03,-121.12,1.635
4.4375,10.0,6.041420118343195,0.980276134122288,1168.0,2.303747534516765,39.13,-121.05,1.851
4.0775,10.0,6.140900195694717,1.025440313111546,1275.0,2.4951076320939336,39.14,-121.03,1.645
4.0848,8.0,6.350393700787402,1.0918635170603674,1977.0,2.594488188976378,39.13,-121.07,1.559
3.6333,7.0,7.2434554973821985,1.1073298429319371,1143.0,2.992146596858639,39.11,-121.05,1.702
3.463,8.0,6.363636363636363,1.1662971175166297,1307.0,2.8980044345898004,39.08,-121.04,2.017
3.0781,7.0,5.4875,1.05,246.0,3.075,39.09,-121.0,1.625
4.2031,13.0,6.811111111111111,1.0185185185185186,752.0,2.785185185185185,39.02,-121.08,2.096
3.6087,10.0,6.317073170731708,1.083623693379791,827.0,2.8815331010452963,39.05,-121.07,1.821
4.5042,9.0,7.129129129129129,1.117117117117117,884.0,2.6546546546546548,39.04,-121.07,2.064
3.9185,12.0,6.625441696113074,1.0848056537102473,806.0,2.8480565371024733,39.05,-121.03,1.952
4.2802,14.0,6.325670498084291,1.0689655172413792,633.0,2.425287356321839,39.04,-121.06,1.948
3.8417,11.0,6.667844522968198,1.0706713780918728,775.0,2.7385159010600706,39.03,-121.06,1.872
3.0804,14.0,6.162280701754386,1.1798245614035088,660.0,2.8947368421052637,39.11,-121.22,1.568
3.9,14.0,6.353932584269663,1.0842696629213484,520.0,2.9213483146067416,39.05,-121.19,1.804
5.0389,13.0,5.070093457943925,1.060747663551402,629.0,2.939252336448598,39.1,-121.14,1.715
3.045,9.0,6.475113122171946,1.1493212669683257,681.0,3.081447963800905,39.2,-121.12,1.704
4.0333,10.0,4.857142857142857,1.0214285714285714,354.0,2.5285714285714285,39.15,-121.1,1.615
3.7426,19.0,6.129287598944591,1.0474934036939314,963.0,2.54089709762533,39.18,-121.08,1.627
3.5938,14.0,6.702479338842975,1.3305785123966942,352.0,2.909090909090909,39.26,-121.18,1.403
4.3646,9.0,7.129436325678497,1.173277661795407,1208.0,2.521920668058455,39.25,-121.18,1.859
4.3523,5.0,6.425531914893617,1.0212765957446808,376.0,2.6666666666666665,39.25,-121.2,1.882
3.7125,8.0,6.1395348837209305,1.0465116279069768,782.0,2.2732558139534884,39.23,-121.18,1.75
4.3702,7.0,7.409893992932862,1.1890459363957595,1355.0,2.393992932862191,39.24,-121.21,2.261
5.2359,9.0,6.70334928229665,1.069377990430622,955.0,2.284688995215311,39.23,-121.2,2.133
2.4688,16.0,4.789968652037618,1.1003134796238243,729.0,2.2852664576802506,39.19,-121.18,1.388
3.1042,14.0,5.437837837837838,1.0108108108108107,462.0,2.497297297297297,39.18,-121.16,1.52
2.125,9.0,5.676136363636363,1.0738636363636365,411.0,2.335227272727273,39.17,-121.25,1.518
2.9688,16.0,5.646739130434782,0.9891304347826086,554.0,3.010869565217391,39.2,-121.2,1.283
2.8102,13.0,5.693548387096774,1.1187683284457477,1816.0,2.662756598240469,39.23,-121.15,1.444
2.2917,14.0,6.105590062111801,1.0124223602484472,399.0,2.4782608695652173,39.22,-121.24,1.451
3.3603,11.0,6.170731707317073,1.0926829268292684,573.0,2.795121951219512,39.27,-121.23,1.625
2.3125,48.0,5.424657534246576,1.0365296803652968,471.0,2.150684931506849,39.24,-121.04,1.257
1.5313,20.0,4.18974358974359,0.958974358974359,1053.0,2.7,39.23,-121.05,1.549
2.186,10.0,4.353515625,1.048828125,982.0,1.91796875,39.23,-121.06,1.327
2.425,52.0,5.590804597701149,1.137931034482759,928.0,2.1333333333333333,39.22,-121.07,1.211
1.4241,16.0,4.285285285285285,0.957957957957958,642.0,1.927927927927928,39.23,-121.02,1.25
3.2337,28.0,5.415238095238095,1.019047619047619,1310.0,2.4952380952380957,39.21,-121.03,1.231
4.0062,12.0,5.693965517241379,1.1551724137931034,661.0,2.8491379310344827,39.22,-120.94,1.538
3.67,14.0,5.93950177935943,1.0818505338078293,1373.0,2.4430604982206408,39.27,-120.83,1.601
4.0426,15.0,6.884803921568627,1.1029411764705883,1267.0,3.105392156862745,39.23,-121.0,1.917
2.8942,16.0,6.160493827160494,1.131687242798354,737.0,3.0329218106995883,39.22,-120.99,1.825
3.3009,15.0,5.777992277992278,1.084942084942085,1296.0,2.501930501930502,39.2,-120.99,1.568
3.6563,13.0,5.563245823389021,1.107398568019093,1110.0,2.649164677804296,39.17,-120.93,1.649
3.6434,14.0,6.637931034482759,1.0,285.0,2.456896551724138,39.13,-120.99,1.554
3.6607,23.0,6.296296296296297,1.128395061728395,1016.0,2.508641975308642,39.18,-120.99,1.53
3.2813,10.0,6.030927835051546,1.1597938144329898,537.0,2.768041237113402,39.16,-121.0,1.632
3.5859,17.0,5.035294117647059,0.9823529411764704,518.0,3.047058823529412,39.19,-121.04,1.443
3.2303,17.0,4.783613445378151,0.9642857142857144,1149.0,2.4138655462184877,39.17,-121.02,1.495
3.2,52.0,6.108374384236453,1.160919540229885,1424.0,2.3382594417077174,39.27,-121.02,1.55
2.4283,49.0,6.16996699669967,1.2524752475247525,1422.0,2.3465346534653464,39.26,-121.03,1.431
3.1094,14.0,5.869565217391305,1.0942028985507246,302.0,2.188405797101449,39.26,-121.0,1.361
2.2278,52.0,6.220883534136546,1.104417670682731,604.0,2.42570281124498,39.25,-121.02,1.554
3.4028,14.0,5.614457831325301,0.9969879518072288,894.0,2.6927710843373496,39.29,-121.06,1.718
3.5385,14.0,5.611510791366906,1.0701438848920863,1569.0,2.821942446043165,39.32,-120.94,1.574
3.9537,17.0,6.013461538461539,1.0365384615384616,1390.0,2.673076923076923,39.25,-121.06,1.728
3.5417,17.0,6.150943396226415,1.161725067385445,974.0,2.6253369272237195,39.3,-120.89,1.551
3.7917,16.0,6.155294117647059,0.9929411764705882,1090.0,2.5647058823529414,39.26,-120.99,1.792
2.8102,17.0,5.560581583198708,1.138933764135703,1693.0,2.7350565428109856,39.31,-121.13,1.289
2.3594,16.0,7.384615384615385,1.4326923076923077,646.0,3.105769230769231,39.32,-120.19,1.557
3.5652,14.0,6.838983050847458,1.38135593220339,1000.0,2.824858757062147,39.32,-120.17,1.198
4.3958,9.0,6.645631067961165,1.2378640776699028,1193.0,2.895631067961165,39.33,-120.1,1.248
5.6856,9.0,9.275720164609051,1.646090534979424,694.0,2.8559670781893005,39.36,-120.15,1.381
3.0043,24.0,16.793296089385475,3.427374301675977,780.0,2.17877094972067,39.32,-120.26,1.221
4.665,11.0,15.272727272727272,2.43030303030303,397.0,2.4060606060606062,39.35,-120.27,1.456
3.1842,9.0,24.9,5.045454545454546,294.0,2.672727272727273,39.34,-120.25,1.625
3.4792,8.0,36.47826086956522,6.304347826086956,291.0,2.530434782608696,39.35,-120.24,1.808
4.0481,7.0,22.22826086956522,3.891304347826087,245.0,2.6630434782608696,39.36,-120.23,1.523
4.5882,8.0,26.366197183098592,3.95774647887324,203.0,2.859154929577465,39.35,-120.22,1.984
4.7917,7.0,26.88235294117647,4.676470588235294,85.0,2.5,39.35,-120.21,1.875
5.0622,7.0,16.42138364779874,2.4842767295597485,482.0,3.031446540880504,39.35,-120.19,1.741
5.0782,28.0,5.747983870967742,1.0,1287.0,2.594758064516129,33.94,-117.95,2.641
4.8906,34.0,5.894179894179894,1.0555555555555556,1159.0,3.066137566137566,33.94,-117.96,2.289
4.1205,36.0,5.771604938271605,1.0432098765432098,947.0,2.9228395061728394,33.94,-117.97,2.17
5.5608,34.0,6.08955223880597,0.9813432835820896,690.0,2.574626865671642,33.94,-117.97,2.558
4.0893,35.0,5.26775956284153,0.9836065573770492,1056.0,2.8852459016393444,33.94,-117.97,2.157
4.4107,31.0,5.69164265129683,1.07492795389049,918.0,2.645533141210375,33.93,-117.97,2.02
4.5461,33.0,4.696132596685083,1.0193370165745856,981.0,2.709944751381216,33.93,-117.97,1.94
3.46,31.0,4.457575757575758,0.9727272727272728,841.0,2.5484848484848484,33.93,-117.96,2.328
3.776,29.0,4.622754491017964,1.0419161676646709,1275.0,2.5449101796407185,33.93,-117.96,1.926
2.6641,31.0,5.035714285714286,1.088235294117647,1407.0,2.9558823529411766,33.94,-117.96,1.852
4.0833,33.0,4.836065573770492,1.010928961748634,1346.0,3.677595628415301,33.93,-117.94,1.625
3.8194,34.0,5.034129692832765,1.0887372013651877,698.0,2.3822525597269624,33.93,-117.94,1.86
2.7125,14.0,4.094262295081967,0.9508196721311476,1037.0,4.25,33.93,-117.94,1.661
3.4702,25.0,4.593333333333334,1.068,2400.0,3.2,33.93,-117.95,1.619
2.6123,37.0,4.17936507936508,1.0,1904.0,3.022222222222222,33.93,-117.95,1.613
4.7446,15.0,5.164102564102564,1.0743589743589743,839.0,2.151282051282051,33.93,-117.96,1.754
5.7796,32.0,6.107226107226107,0.9277389277389276,1296.0,3.020979020979021,33.92,-117.97,2.413
4.1321,35.0,5.3760683760683765,0.9344729344729344,989.0,2.8176638176638176,33.93,-117.97,1.981
3.0,24.0,4.626146788990826,0.9541284403669724,900.0,2.0642201834862384,33.92,-117.97,2.514
3.2158,18.0,4.105263157894737,1.1260964912280702,1654.0,1.8135964912280704,33.92,-117.96,2.15
3.6106,18.0,4.3934681181959565,1.026438569206843,1590.0,2.472783825816485,33.92,-117.95,1.536
3.0588,28.0,3.781065088757397,1.0591715976331362,1062.0,6.284023668639053,33.92,-117.94,1.452
4.0,32.0,5.5,1.033112582781457,1201.0,3.97682119205298,33.92,-117.95,1.782
4.3426,11.0,4.505763688760807,1.0172910662824208,1594.0,2.2968299711815563,33.92,-117.95,1.413
4.6696,32.0,4.743243243243243,0.9324324324324323,1038.0,4.675675675675675,33.92,-117.94,1.655
3.1378,13.0,4.135957066189624,1.0590339892665477,2038.0,3.645796064400716,33.92,-117.95,1.37
4.5096,30.0,5.165048543689321,0.9935275080906149,845.0,2.73462783171521,33.94,-117.94,2.411
2.2156,26.0,3.773076923076923,1.0384615384615383,1236.0,2.376923076923077,33.94,-117.94,1.45
6.0516,30.0,6.780612244897959,0.9744897959183674,1135.0,2.895408163265306,33.94,-117.93,2.45
4.225,28.0,5.576864535768645,1.0943683409436835,1820.0,2.7701674277016743,33.94,-117.93,2.247
3.7933,25.0,4.648183556405353,1.0210325047801148,1702.0,3.254302103250478,33.93,-117.93,1.844
4.7813,30.0,5.95249406175772,0.9358669833729216,1255.0,2.980997624703088,33.94,-117.92,1.982
4.2443,34.0,5.244803695150115,1.0092378752886837,1393.0,3.2170900692840645,33.92,-117.93,1.744
2.8,37.0,4.82051282051282,1.1666666666666667,931.0,3.978632478632479,33.93,-117.93,1.375
2.1944,33.0,4.567415730337078,1.0617977528089888,1062.0,2.9831460674157304,33.93,-117.93,1.396
3.75,12.0,5.169789227166277,1.0421545667447307,1532.0,1.7939110070257611,33.93,-117.92,1.663
4.7216,20.0,4.961481481481481,1.0148148148148148,1822.0,2.6992592592592595,33.94,-117.89,2.27
3.3173,12.0,4.00462962962963,1.102777777777778,1897.0,1.7564814814814815,33.93,-117.9,2.474
5.4617,17.0,5.48785046728972,1.0373831775700937,1381.0,2.581308411214953,33.92,-117.89,1.903
4.7222,21.0,5.428571428571429,1.3,398.0,5.685714285714286,33.92,-117.91,2.083
3.6106,27.0,4.469262295081967,1.026639344262295,1555.0,3.1864754098360657,33.91,-117.91,1.964
5.0096,34.0,5.936026936026936,1.02020202020202,894.0,3.01010101010101,33.91,-117.91,2.217
4.125,32.0,5.543478260869565,1.0905797101449275,666.0,2.4130434782608696,33.91,-117.91,2.302
3.8333,34.0,4.6761904761904765,0.9904761904761904,1025.0,3.253968253968254,33.92,-117.89,1.704
3.7321,33.0,5.568281938325991,0.986784140969163,527.0,2.3215859030837005,33.91,-117.89,2.165
3.5403,36.0,6.226244343891403,1.16289592760181,687.0,3.1085972850678734,33.91,-117.9,1.954
3.4954,8.0,4.51063829787234,1.1574468085106382,1281.0,2.725531914893617,33.92,-117.89,1.595
2.3935,14.0,4.762195121951219,1.1371951219512195,609.0,1.8567073170731707,33.92,-117.89,1.25
7.898,23.0,6.665217391304348,0.982608695652174,693.0,3.0130434782608697,33.9,-117.89,2.582
4.9743,19.0,5.412935323383085,1.0298507462686568,1002.0,2.492537313432836,33.9,-117.9,1.935
4.9524,26.0,6.571753986332574,1.0842824601366745,1227.0,2.79498861047836,33.91,-117.9,2.266
4.3103,33.0,5.013189448441247,0.9640287769784172,2049.0,2.4568345323741005,33.91,-117.9,2.016
5.0258,12.0,5.882911392405063,1.2436708860759491,622.0,1.9683544303797469,33.89,-117.92,1.618
4.8264,6.0,5.489285714285714,1.2392857142857143,506.0,1.8071428571428567,33.9,-117.98,1.468
3.3199,25.0,4.106854838709677,1.0383064516129032,1435.0,2.8931451612903225,33.87,-117.98,1.888
3.8068,29.0,4.45578231292517,1.129251700680272,937.0,3.187074829931973,33.87,-117.98,1.587
3.875,25.0,5.601092896174864,1.453551912568306,726.0,3.9672131147540974,33.86,-117.98,1.375
4.1287,26.0,3.936507936507936,0.9047619047619048,781.0,2.4793650793650794,33.86,-117.98,2.058
3.7054,28.0,4.120092378752887,1.0161662817551964,1255.0,2.8983833718244805,33.87,-117.97,1.692
3.6006,34.0,4.617710583153348,1.0583153347732182,1682.0,3.632829373650108,33.86,-117.97,1.617
3.5855,35.0,4.473544973544974,0.9708994708994708,1265.0,3.3465608465608465,33.86,-117.97,1.743
3.6471,12.0,4.628378378378378,1.239864864864865,1022.0,3.452702702702702,33.86,-117.97,1.417
3.7813,35.0,5.002331002331002,1.0023310023310024,1230.0,2.867132867132867,33.86,-117.96,1.849
4.2937,35.0,6.092178770949721,1.0363128491620113,1249.0,3.488826815642458,33.86,-117.96,1.832
3.7222,35.0,5.53932584269663,1.0308988764044944,1152.0,3.235955056179775,33.87,-117.96,1.875
4.53,35.0,5.601415094339623,1.035377358490566,1343.0,3.167452830188679,33.86,-117.95,1.935
5.2099,35.0,5.80327868852459,1.009367681498829,1333.0,3.1217798594847777,33.86,-117.95,1.914
3.3516,32.0,4.960167714884696,1.0587002096436058,1283.0,2.689727463312369,33.86,-117.96,1.9
5.4217,46.0,5.902027027027027,1.054054054054054,770.0,2.6013513513513518,33.88,-117.94,2.56
4.285,34.0,5.208469055374593,0.9641693811074918,938.0,3.055374592833876,33.87,-117.95,1.849
4.4784,35.0,4.866141732283465,1.005249343832021,1115.0,2.926509186351706,33.87,-117.95,1.852
3.141,27.0,4.45,1.445,416.0,2.08,33.87,-117.96,1.675
4.7984,37.0,4.429280397022333,0.8933002481389578,1155.0,2.866004962779156,33.87,-117.96,1.758
4.6477,36.0,5.570019723865878,0.9723865877712032,1394.0,2.749506903353057,33.86,-117.94,1.947
2.1432,33.0,3.808270676691729,1.1729323308270676,706.0,2.654135338345865,33.86,-117.94,1.975
5.197,36.0,5.890173410404624,0.9913294797687862,1066.0,3.0809248554913293,33.86,-117.95,1.957
4.5774,36.0,4.9614243323442135,0.9436201780415432,1173.0,3.4807121661721068,33.86,-117.93,1.821
4.0288,35.0,5.333333333333333,0.986842105263158,893.0,3.9166666666666665,33.86,-117.93,1.84
4.6964,35.0,5.613636363636363,1.0318181818181815,875.0,3.977272727272727,33.86,-117.94,1.831
4.75,35.0,5.626984126984127,1.1031746031746033,1247.0,3.298941798941799,33.86,-117.94,1.856
5.1237,52.0,5.7828418230563,0.970509383378016,1001.0,2.683646112600536,33.88,-117.93,2.4
1.4803,10.0,3.062350119904077,1.170263788968825,730.0,1.750599520383693,33.87,-117.93,1.375
3.9375,46.0,4.611607142857143,1.0044642857142858,1275.0,2.845982142857143,33.87,-117.94,1.87
4.3333,35.0,6.00709219858156,1.049645390070922,679.0,2.4078014184397163,33.88,-117.94,2.393
2.1991,44.0,3.08,0.87,301.0,3.01,33.87,-117.92,1.911
2.8438,36.0,4.377431906614786,1.1089494163424125,966.0,3.7587548638132295,33.87,-117.92,1.625
2.315,52.0,5.135135135135135,1.237837837837838,429.0,2.3189189189189188,33.87,-117.93,1.821
4.0812,45.0,5.023076923076923,1.126923076923077,585.0,2.25,33.88,-117.93,2.417
3.75,52.0,6.018957345971564,1.3080568720379149,609.0,2.8862559241706163,33.88,-117.92,2.325
5.2336,34.0,6.382758620689655,1.0034482758620689,784.0,2.703448275862069,33.88,-117.91,2.356
5.3649,32.0,6.399239543726236,1.038022813688213,719.0,2.7338403041825097,33.88,-117.92,2.436
5.2897,35.0,5.775910364145658,0.988795518207283,991.0,2.775910364145658,33.88,-117.9,2.304
4.675,34.0,5.3486590038314175,0.9386973180076628,661.0,2.532567049808429,33.88,-117.9,2.154
2.9861,28.0,4.593253968253968,1.0674603174603174,1360.0,2.6984126984126986,33.87,-117.9,2.186
3.4338,34.0,4.719063545150502,0.9765886287625418,1040.0,3.4782608695652173,33.87,-117.9,1.952
2.5,29.0,4.061594202898551,1.0543478260869563,762.0,2.760869565217391,33.87,-117.91,1.438
2.9076,52.0,4.386609071274298,1.0928725701943844,1191.0,2.572354211663067,33.87,-117.91,1.773
4.5,16.0,5.183783783783784,0.9513513513513514,353.0,1.908108108108108,33.89,-117.88,1.733
3.0263,15.0,2.5864864864864865,0.972972972972973,615.0,1.662162162162162,33.88,-117.88,1.625
1.9127,15.0,2.843642611683849,1.075601374570447,1549.0,2.661512027491409,33.88,-117.89,1.75
5.3836,33.0,6.591666666666667,1.0666666666666669,771.0,3.2125,33.88,-117.89,2.296
5.7519,27.0,6.298192771084337,1.0120481927710845,1037.0,3.1234939759036147,33.88,-117.89,2.434
3.0893,25.0,3.83547557840617,1.12853470437018,755.0,1.9408740359897168,33.87,-117.89,1.882
3.3594,32.0,4.969298245614035,0.9473684210526316,693.0,3.039473684210526,33.87,-117.89,2.021
5.6409,35.0,5.56231884057971,1.0115942028985507,1302.0,3.773913043478261,33.87,-117.88,1.909
3.0465,32.0,4.064766839378239,1.093264248704663,835.0,2.1632124352331608,33.87,-117.89,1.489
3.3472,45.0,4.244725738396625,0.9704641350210972,1237.0,5.219409282700422,33.87,-117.93,1.68
2.6563,36.0,3.072607260726073,0.9207920792079208,778.0,2.567656765676568,33.86,-117.93,1.55
3.3438,17.0,4.409214092140921,1.0785907859078592,1216.0,3.2953929539295395,33.86,-117.93,1.866
5.5867,35.0,5.350574712643678,1.0402298850574712,516.0,2.9655172413793105,33.86,-117.93,1.825
1.7935,29.0,3.745398773006135,1.138036809815951,1822.0,5.588957055214724,33.87,-117.93,1.625
3.3008,28.0,3.8535911602209945,1.0994475138121549,1220.0,3.3701657458563536,33.86,-117.89,1.938
2.4732,26.0,4.35673624288425,1.081593927893738,1415.0,2.685009487666034,33.86,-117.91,1.658
3.6375,26.0,4.933774834437086,1.0662251655629138,247.0,1.6357615894039734,33.86,-117.92,1.339
3.055,33.0,3.775413711583924,0.9598108747044918,1888.0,4.463356973995272,33.87,-117.92,1.578
4.2188,16.0,5.11344537815126,0.9558823529411764,1017.0,2.1365546218487395,33.91,-117.87,1.763
3.0214,19.0,4.113662456946039,1.0459242250287026,2300.0,2.640642939150402,33.89,-117.88,2.184
3.7361,19.0,5.03416149068323,1.0186335403726707,871.0,2.7049689440993787,33.88,-117.86,2.014
2.425,17.0,3.1600877192982457,1.162280701754386,769.0,1.6864035087719298,33.89,-117.87,1.717
3.343,22.0,4.285714285714286,1.216117216117216,1382.0,2.531135531135531,33.89,-117.87,1.846
3.025,25.0,3.9823788546255514,0.9691629955947136,1342.0,2.9559471365638768,33.88,-117.87,1.569
3.3036,24.0,3.75,0.9915254237288136,1519.0,2.1454802259887007,33.88,-117.87,1.839
3.5667,28.0,4.616343490304709,1.0415512465373962,2026.0,2.806094182825485,33.88,-117.87,1.907
3.6417,28.0,4.63943161634103,1.0692717584369449,1682.0,2.9875666074600358,33.88,-117.87,2.043
5.1784,12.0,6.25,0.98046875,685.0,2.67578125,33.87,-117.86,2.54
4.6806,18.0,4.633802816901408,1.0140845070422535,209.0,2.943661971830986,33.86,-117.85,1.875
5.9639,22.0,6.330708661417323,1.031496062992126,1486.0,2.3401574803149607,33.89,-117.85,2.623
5.5918,20.0,6.193846153846154,0.9969230769230768,1997.0,3.0723076923076924,33.9,-117.85,2.605
5.2037,25.0,5.885931558935361,0.973384030418251,811.0,3.0836501901140685,33.9,-117.85,2.422
5.7951,24.0,6.63575042158516,1.053962900505902,1912.0,3.224283305227656,33.89,-117.84,2.269
5.7457,24.0,6.732793522267206,1.0182186234817814,1616.0,3.2712550607287447,33.89,-117.85,2.406
3.2083,21.0,4.150273224043716,1.0601092896174864,1203.0,3.2868852459016398,33.87,-117.88,1.453
4.6563,7.0,3.933530280649926,0.948301329394387,1367.0,2.019202363367799,33.87,-117.87,1.624
2.4929,15.0,4.171428571428572,1.0461538461538462,1766.0,3.881318681318681,33.87,-117.87,1.585
5.6573,19.0,6.713080168776371,1.1772151898734178,891.0,3.759493670886076,33.87,-117.86,2.16
2.7759,18.0,4.013353115727003,1.0578635014836797,2726.0,4.044510385756676,33.85,-117.88,2.0
3.4856,28.0,4.50294695481336,1.043222003929273,2197.0,4.31630648330059,33.86,-117.87,1.428
4.6172,24.0,5.46095717884131,1.0604534005037782,1050.0,2.6448362720403025,33.89,-117.82,2.383
4.1064,16.0,5.0231548480463095,1.024602026049204,1769.0,2.560057887120116,33.86,-117.78,2.461
6.4265,16.0,6.909565217391305,1.0347826086956522,1971.0,3.4278260869565216,33.87,-117.76,2.637
4.625,25.0,6.554716981132075,1.018867924528302,840.0,3.169811320754717,33.89,-117.83,2.457
6.0132,23.0,6.815561959654179,1.0230547550432276,1209.0,3.484149855907781,33.88,-117.83,2.594
6.7837,19.0,6.328571428571428,0.9678571428571427,1787.0,3.191071428571429,33.89,-117.84,2.643
6.9308,18.0,6.704761904761905,1.0793650793650793,1048.0,3.326984126984127,33.88,-117.83,2.317
5.2131,5.0,4.898805340829234,1.0182712579058328,3521.0,2.4743499648629657,33.87,-117.83,2.439
6.0591,19.0,6.397435897435898,0.9686609686609686,2457.0,3.5,33.87,-117.81,2.335
4.2566,16.0,4.924731182795699,1.0595533498759304,3107.0,2.5698924731182795,33.87,-117.8,2.061
3.5625,18.0,5.782608695652174,1.2608695652173914,95.0,4.130434782608695,33.86,-117.81,2.35
6.0829,17.0,6.506079027355623,1.0265957446808511,3822.0,2.904255319148936,33.88,-117.79,2.526
5.3307,16.0,6.005353319057816,1.019271948608137,2624.0,2.809421841541756,33.87,-117.78,1.696
7.5744,25.0,6.932926829268292,1.0365853658536586,524.0,3.1951219512195124,33.9,-117.82,2.593
5.6403,23.0,6.936073059360731,1.0730593607305936,1568.0,3.5799086757990866,33.85,-117.8,2.33
6.057,21.0,6.674358974358975,1.035897435897436,1350.0,3.4615384615384617,33.85,-117.82,2.359
5.2227,18.0,5.552147239263804,0.9355828220858896,1189.0,3.647239263803681,33.85,-117.82,2.135
4.3269,13.0,5.926686217008798,1.06158357771261,1081.0,3.1700879765395893,33.79,-117.8,2.314
6.0531,25.0,5.833333333333333,1.0021097046413503,1666.0,3.5147679324894514,33.8,-117.81,2.307
4.2564,25.0,5.592105263157895,1.0855263157894737,4528.0,4.2556390977443606,33.79,-117.81,2.046
4.7804,17.0,5.305128205128205,1.0320512820512822,2442.0,3.1307692307692307,33.78,-117.8,2.42
5.2541,5.0,5.469879518072289,1.0860585197934596,1467.0,2.5249569707401034,33.8,-117.69,2.371
6.2177,16.0,6.3915094339622645,1.0393081761006289,1962.0,3.0849056603773586,33.62,-117.66,2.566
5.7871,24.0,6.184294871794871,1.0592948717948718,1972.0,3.16025641025641,33.61,-117.67,2.274
6.0471,17.0,6.535849056603774,0.979245283018868,1713.0,3.232075471698113,33.61,-117.66,2.484
6.1401,23.0,6.305799648506151,1.0140597539543057,1695.0,2.978910369068541,33.61,-117.67,2.432
3.929,16.0,4.638222222222222,1.055111111111111,2701.0,2.400888888888889,33.63,-117.68,1.431
6.2403,13.0,6.54320987654321,1.0336700336700335,2897.0,3.251402918069585,33.63,-117.68,2.574
4.4063,9.0,4.564426877470356,1.0434782608695652,3086.0,2.439525691699605,33.63,-117.67,2.022
4.6369,43.0,4.413394919168591,1.0138568129330254,930.0,2.147806004618938,33.77,-117.62,1.864
3.7361,16.0,5.022372528616025,1.0405827263267429,4732.0,2.4620187304890737,33.62,-117.7,1.972
6.0689,19.0,6.7318181818181815,0.9204545454545454,1295.0,2.9431818181818183,33.61,-117.68,2.48
4.0221,16.0,5.594795539033457,1.0780669144981412,1649.0,3.0650557620817844,33.61,-117.69,2.362
5.5779,16.0,5.938223938223938,1.003861003861004,835.0,3.223938223938224,33.65,-117.65,2.348
6.7079,17.0,6.101923076923077,0.9634615384615384,1555.0,2.9903846153846154,33.64,-117.66,2.508
5.1645,11.0,5.358267716535433,1.0905511811023625,1565.0,3.0807086614173227,33.64,-117.67,1.641
6.2242,13.0,6.121320890165111,0.9791816223977028,4597.0,3.3000717875089736,33.65,-117.66,2.379
6.7543,15.0,7.185567010309279,1.0701030927835051,1740.0,3.5876288659793816,33.65,-117.65,2.519
5.5085,16.0,5.461920529801325,1.009933774834437,1967.0,3.256622516556291,33.63,-117.66,2.233
5.4132,4.0,4.754690757470466,1.0507296733842946,3256.0,2.2626824183460736,33.65,-117.64,2.166
3.7139,9.0,5.714093959731543,1.0536912751677852,1293.0,1.7355704697986578,33.62,-117.63,1.967
4.2009,6.0,5.723880597014926,1.0242537313432836,985.0,1.837686567164179,33.63,-117.63,2.38
3.4115,16.0,5.408719346049046,1.050408719346049,1202.0,1.6376021798365124,33.62,-117.64,1.848
6.1493,16.0,6.365313653136531,0.982779827798278,2717.0,3.341943419434194,33.62,-117.66,2.578
5.826,14.0,6.235995232419547,0.965435041716329,3041.0,3.6245530393325383,33.61,-117.64,2.479
4.3542,5.0,4.479820627802691,1.1210762331838564,1185.0,2.65695067264574,33.57,-117.65,1.956
5.5545,16.0,6.2075,1.1075,1357.0,3.3925,33.57,-117.66,2.142
4.7981,16.0,6.408536585365853,1.0670731707317074,1003.0,3.057926829268293,33.54,-117.67,1.708
4.8906,15.0,5.728132387706856,1.0283687943262412,1366.0,3.2293144208037825,33.54,-117.67,1.818
3.7609,6.0,4.446478873239436,1.0154929577464789,1695.0,2.387323943661972,33.55,-117.67,2.223
4.6863,4.0,5.204113924050633,1.1518987341772151,1345.0,2.1281645569620253,33.56,-117.67,1.844
5.1589,3.0,4.2020905923344944,0.89198606271777,563.0,1.961672473867596,33.66,-117.59,1.678
5.2497,4.0,5.536013400335008,1.0787269681742044,1693.0,2.835845896147404,33.66,-117.58,2.15
5.7709,4.0,5.181347150259067,1.093264248704663,833.0,2.1580310880829017,33.65,-117.58,1.903
6.0722,4.0,5.857777777777778,0.9688888888888888,673.0,2.991111111111111,33.66,-117.59,2.608
4.5022,2.0,4.529356943150047,1.1118359739049395,2332.0,2.173345759552656,33.65,-117.59,1.519
6.2464,4.0,6.461855670103093,1.0391752577319588,1599.0,3.296907216494845,33.65,-117.6,2.339
4.6076,6.0,4.665773011617516,1.0875781948168006,2597.0,2.320822162645219,33.66,-117.64,2.04
4.2463,4.0,4.6450777202072535,1.0103626943005182,897.0,2.3238341968911915,33.65,-117.59,1.828
6.1078,2.0,6.570224719101123,1.1474719101123596,1970.0,2.7668539325842696,33.63,-117.61,2.19
4.7237,6.0,5.10752688172043,0.989247311827957,426.0,2.290322580645161,33.45,-117.61,2.207
3.3967,25.0,6.176136363636363,1.2159090909090908,603.0,1.713068181818182,33.42,-117.65,2.494
3.2232,27.0,4.86737400530504,1.0954907161803713,1221.0,3.2387267904509285,33.43,-117.62,2.471
3.3155,27.0,4.419243986254296,1.2164948453608246,2321.0,2.65864833906071,33.43,-117.62,2.31
2.7545,24.0,3.5313351498637604,1.0463215258855585,850.0,2.316076294277929,33.43,-117.62,2.313
4.0647,23.0,4.717112922002328,1.1117578579743888,1950.0,2.270081490104773,33.43,-117.62,2.406
2.3545,33.0,3.6277602523659302,1.2082018927444795,604.0,1.9053627760252363,33.43,-117.61,1.875
3.1029,27.0,4.135802469135802,1.0946502057613168,460.0,1.8930041152263373,33.42,-117.62,1.906
5.4031,4.0,5.445977011494253,1.3011494252873563,996.0,2.289655172413793,33.45,-117.6,2.438
4.0076,22.0,4.933021806853582,1.1573208722741433,1797.0,2.799065420560748,33.4,-117.59,2.521
5.1298,17.0,5.314420803782506,1.0591016548463357,878.0,2.07565011820331,33.41,-117.59,2.46
4.3603,16.0,5.819371727748691,1.18848167539267,628.0,1.643979057591623,33.49,-117.65,2.488
6.3369,4.0,4.863731656184487,0.8490566037735849,1408.0,2.951781970649895,33.47,-117.63,2.56
5.49,15.0,6.136400986031225,1.047658175842235,3033.0,2.4921939194741167,33.45,-117.65,2.393
4.9821,13.0,6.638472032742156,1.1077762619372442,1909.0,2.6043656207366985,33.54,-117.72,2.448
5.1129,14.0,5.706484641638225,1.006825938566553,704.0,2.4027303754266214,33.53,-117.72,2.513
5.4622,17.0,6.417910447761194,1.0776119402985074,1194.0,3.564179104477612,33.6,-117.69,2.27
3.0461,16.0,5.336734693877551,1.2474489795918366,877.0,2.2372448979591835,33.6,-117.7,2.169
5.0527,15.0,6.09556313993174,1.0204778156996588,727.0,2.48122866894198,33.48,-117.68,2.314
4.245,17.0,5.797402597402598,0.9662337662337662,1072.0,2.7844155844155845,33.49,-117.68,2.145
2.1935,15.0,5.299047619047619,1.1028571428571428,983.0,1.8723809523809525,33.49,-117.67,1.833
8.163,10.0,6.0,1.0,128.0,2.098360655737705,33.49,-117.67,2.5
4.0167,18.0,5.030651340996169,1.0153256704980842,1302.0,2.4942528735632186,33.51,-117.66,1.896
4.4732,16.0,6.0,1.0613496932515338,862.0,2.644171779141104,33.5,-117.66,1.863
4.0388,17.0,4.877598152424942,1.1085450346420322,1893.0,4.371824480369515,33.51,-117.67,1.204
3.4792,18.0,4.633802816901408,1.1070422535211268,1490.0,4.197183098591549,33.51,-117.67,1.264
2.9762,19.0,5.541850220264317,1.0837004405286343,545.0,2.4008810572687223,33.51,-117.67,1.844
3.668,19.0,4.544658493870402,1.0875656742556918,1728.0,3.026269702276708,33.47,-117.69,2.438
7.1736,12.0,6.289002557544757,0.9974424552429668,1054.0,2.6956521739130435,33.55,-117.7,2.621
4.1379,3.0,4.458029197080292,1.1624087591240877,1033.0,1.885036496350365,33.56,-117.7,1.833
3.3125,4.0,4.198209718670077,1.1649616368286444,1512.0,1.9335038363171355,33.57,-117.7,1.385
4.6336,2.0,4.96078431372549,1.1019607843137256,1066.0,2.0901960784313727,33.58,-117.71,1.875
3.6196,9.0,4.109215017064846,1.21160409556314,469.0,1.6006825938566551,33.57,-117.7,1.199
4.045,4.0,5.052227342549923,1.1566820276497696,1285.0,1.9738863287250383,33.57,-117.71,2.26
4.877,6.0,4.782552083333333,1.1471354166666667,1846.0,2.403645833333333,33.57,-117.71,1.443
4.6607,4.0,5.012295081967213,1.1270491803278688,505.0,2.069672131147541,33.51,-117.69,1.73
5.5677,4.0,5.92191435768262,1.120906801007557,834.0,2.1007556675062973,33.5,-117.7,2.454
2.8192,29.0,5.350378787878788,1.0265151515151516,3985.0,3.773674242424242,33.68,-117.7,1.625
3.2841,15.0,5.4788461538461535,1.0326923076923078,878.0,1.6884615384615385,33.71,-117.75,1.583
5.5464,3.0,5.224137931034483,1.0761494252873562,1486.0,2.135057471264368,33.7,-117.77,2.075
3.7147,4.0,4.367857142857143,1.1107142857142858,1315.0,2.3482142857142856,33.7,-117.77,1.375
5.8399,16.0,5.589285714285714,0.9785714285714284,950.0,3.392857142857143,33.63,-117.71,2.206
4.5909,16.0,5.475877192982456,1.0964912280701755,1357.0,2.9758771929824563,33.63,-117.71,2.418
3.4261,16.0,5.160377358490566,1.1132075471698113,945.0,2.9716981132075477,33.63,-117.71,2.197
5.0686,19.0,5.973737373737373,0.993939393939394,1639.0,3.311111111111111,33.62,-117.7,2.256
5.5584,23.0,6.967889908256881,1.084862385321101,1501.0,3.442660550458716,33.63,-117.7,2.417
5.8898,22.0,6.445012787723785,0.989769820971867,1338.0,3.421994884910486,33.62,-117.71,2.428
4.3636,15.0,3.7943548387096775,1.0725806451612905,366.0,1.4758064516129032,33.72,-117.76,1.484
6.9501,5.0,5.880886426592798,0.9542936288088644,1933.0,2.677285318559557,33.66,-117.69,2.257
4.7341,4.0,5.274753758424054,1.130637636080871,4762.0,2.468636599274235,33.66,-117.67,2.374
5.928,6.0,5.739922694643843,1.0574268360022088,4783.0,2.6410822749861955,33.65,-117.68,2.399
6.5069,4.0,6.062899786780384,1.0341151385927505,2677.0,2.8539445628997866,33.68,-117.64,2.434
5.7559,18.0,6.07223113964687,1.0497592295345104,1843.0,2.958266452648475,33.64,-117.69,2.158
6.9741,16.0,6.7676240208877285,0.9712793733681462,1279.0,3.339425587467363,33.64,-117.69,2.62
2.885,9.0,5.323108384458077,1.014314928425358,4660.0,4.76482617586912,33.71,-117.82,1.625
2.1719,17.0,5.808743169398907,1.0327868852459017,363.0,1.9836065573770487,33.73,-117.81,2.613
4.821,16.0,5.12133072407045,0.9902152641878668,1317.0,2.5772994129158517,33.72,-117.8,2.014
5.4248,15.0,5.29277566539924,1.015209125475285,681.0,2.5893536121673004,33.7,-117.77,1.872
3.7988,14.0,4.180473372781065,1.1005917159763314,744.0,2.201183431952663,33.69,-117.77,1.841
5.0631,15.0,4.310344827586207,0.9741379310344828,261.0,2.25,33.69,-117.77,1.54
5.1299,16.0,5.776412776412776,0.9901719901719902,2529.0,3.1068796068796067,33.69,-117.78,2.389
4.2083,14.0,4.825737265415549,0.970509383378016,874.0,2.3431635388739944,33.69,-117.8,2.51
3.631,5.0,4.580882352941177,1.0735294117647058,396.0,2.911764705882353,33.68,-117.8,2.25
4.6019,8.0,5.05175983436853,1.0393374741200827,1113.0,2.3043478260869565,33.67,-117.81,2.425
5.2124,9.0,5.329931972789115,1.0170068027210883,675.0,2.295918367346939,33.67,-117.81,1.996
5.1583,8.0,4.83743842364532,1.0172413793103448,913.0,2.248768472906404,33.68,-117.81,1.922
6.0634,15.0,5.935275080906149,1.0679611650485437,841.0,2.72168284789644,33.68,-117.78,2.343
4.6793,14.0,5.833333333333333,1.12,852.0,2.84,33.68,-117.78,2.368
4.0187,11.0,4.851581508515815,1.1605839416058394,849.0,2.065693430656934,33.68,-117.78,2.356
5.7759,5.0,5.495833333333334,1.0854166666666667,1179.0,2.45625,33.67,-117.8,2.4
4.1652,4.0,4.0325,1.0475,1666.0,2.0825,33.68,-117.83,1.845
4.5094,12.0,4.42638036809816,1.0920245398773003,1913.0,1.956032719836401,33.67,-117.77,1.602
5.5631,4.0,5.486666666666666,1.07,859.0,2.8633333333333333,33.71,-117.77,2.278
4.6141,4.0,4.798029556650246,1.1428571428571428,428.0,2.1083743842364533,33.71,-117.78,1.954
5.409,16.0,8.151960784313726,1.2254901960784317,597.0,2.926470588235294,33.7,-117.78,2.339
6.3298,16.0,5.618491921005386,0.985637342908438,3785.0,3.3976660682226214,33.7,-117.79,2.471
4.4286,6.0,4.203166226912929,0.978891820580475,832.0,2.1952506596306067,33.7,-117.79,2.395
5.2923,5.0,4.363380281690141,1.064788732394366,735.0,2.0704225352112675,33.7,-117.8,1.94
5.1741,16.0,5.80327868852459,1.0204918032786885,636.0,2.6065573770491803,33.7,-117.79,2.277
6.5783,15.0,5.9335443037974684,1.0,890.0,2.816455696202532,33.69,-117.79,2.448
3.7059,33.0,3.5285714285714285,1.1428571428571428,167.0,2.3857142857142857,33.6,-117.77,2.375
4.8488,5.0,5.961174713787954,1.241911398705824,4327.0,2.1538078646092584,33.57,-117.73,1.944
4.0,16.0,5.145748987854251,1.008097165991903,1022.0,2.068825910931174,33.66,-117.8,2.234
2.4132,11.0,4.198895027624309,1.0368324125230202,6083.0,3.734192756292204,33.64,-117.84,1.983
5.5137,15.0,4.90443686006826,1.0102389078498293,1382.0,2.358361774744027,33.63,-117.73,1.618
5.6877,16.0,5.548993288590604,0.9932885906040269,2103.0,2.822818791946309,33.62,-117.74,2.314
5.5342,9.0,4.61070110701107,0.9077490774907748,1111.0,2.049815498154981,33.64,-117.75,1.823
1.9,15.0,6.742574257425742,1.2623762376237624,378.0,1.8712871287128716,33.63,-117.72,1.625
4.8611,16.0,4.87603305785124,1.0743801652892562,178.0,1.4710743801652892,33.61,-117.73,1.868
3.4706,16.0,3.5176908752327747,1.0986964618249535,686.0,1.277467411545624,33.62,-117.74,2.417
3.7422,16.0,5.042124542124542,1.054945054945055,857.0,1.5695970695970696,33.61,-117.74,2.298
3.5625,17.0,4.776523702031603,1.069977426636569,662.0,1.4943566591422122,33.61,-117.74,1.808
3.1779,17.0,4.787356321839081,1.0842911877394636,781.0,1.496168582375479,33.61,-117.75,1.865
4.9,5.0,5.215189873417722,1.2278481012658229,1727.0,1.8217299578059072,33.6,-117.75,2.556
3.2845,16.0,4.642126789366054,0.9979550102249488,709.0,1.4498977505112474,33.61,-117.75,2.276
2.6759,17.0,4.631205673758865,1.0319148936170213,832.0,1.475177304964539,33.61,-117.73,1.206
3.5521,8.0,5.292527821939586,1.1971383147853736,1312.0,2.085850556438792,33.6,-117.71,2.298
4.1678,11.0,5.117122851686824,1.0929344366645448,3445.0,2.192870782940802,33.59,-117.7,1.909
4.5833,5.0,3.888888888888889,1.0,384.0,2.245614035087719,33.66,-117.84,2.304
3.7857,5.0,4.199004975124378,1.0696517412935322,857.0,2.1318407960199006,33.66,-117.84,2.316
2.2262,4.0,4.012165450121654,1.1094890510948905,1030.0,2.506082725060827,33.65,-117.84,2.25
3.7875,9.0,2.7264957264957266,1.1367521367521367,426.0,1.8205128205128205,33.65,-117.83,1.875
4.1103,8.0,5.385964912280702,1.0676691729323309,950.0,2.380952380952381,33.65,-117.83,2.504
3.6042,13.0,4.461956521739131,1.1494565217391304,841.0,2.285326086956522,33.66,-117.9,2.26
4.6808,24.0,5.258479532163743,1.0257309941520467,1928.0,2.254970760233918,33.65,-117.9,2.455
5.5422,32.0,5.123595505617978,1.0299625468164797,1279.0,2.3951310861423223,33.66,-117.89,2.531
5.2549,28.0,4.519911504424779,0.9513274336283186,1108.0,2.4513274336283186,33.65,-117.9,2.618
2.625,24.0,3.484251968503937,1.263779527559055,590.0,2.322834645669291,33.65,-117.91,2.179
3.5161,24.0,4.501440922190202,1.2708933717579252,696.0,2.005763688760807,33.63,-117.92,2.364
5.6637,20.0,5.686396677050882,1.1142263759086188,2327.0,2.416407061266874,33.65,-117.94,2.221
4.4211,35.0,5.3059701492537314,1.027363184079602,1473.0,3.664179104477612,33.65,-117.93,2.152
2.7143,31.0,3.46112600536193,0.9544235924932976,1252.0,3.35656836461126,33.64,-117.93,1.854
2.5301,24.0,3.452970297029703,0.9801980198019802,1478.0,3.658415841584159,33.64,-117.93,1.929
3.0708,24.0,4.155482815057283,1.1374795417348609,1623.0,2.656301145662848,33.64,-117.92,1.887
1.6389,24.0,3.294294294294294,0.921921921921922,470.0,1.4114114114114114,33.64,-117.94,2.25
2.7543,15.0,3.933179723502304,1.1843317972350231,1335.0,3.076036866359447,33.64,-117.93,1.778
4.6161,10.0,4.281733746130031,1.13312693498452,1332.0,2.0619195046439627,33.63,-117.93,2.263
4.1029,19.0,4.032994923857868,1.0685279187817258,1118.0,2.8375634517766497,33.65,-117.91,2.134
2.75,5.0,3.889344262295082,1.1762295081967211,497.0,2.0368852459016398,33.64,-117.92,2.25
3.4417,15.0,3.087264150943396,1.125,1330.0,3.1367924528301887,33.65,-117.92,1.825
3.5179,29.0,3.4613259668508287,1.0359116022099448,1198.0,3.3093922651933703,33.65,-117.93,2.25
2.1074,24.0,3.2549019607843137,1.0762527233115469,814.0,1.7734204793028323,33.65,-117.91,1.813
0.9702,28.0,2.5576470588235294,0.9952941176470588,807.0,1.8988235294117648,33.65,-117.92,2.254
4.1026,25.0,3.5496828752642706,0.9936575052854124,1314.0,2.778012684989429,33.65,-117.92,2.115
3.184,20.0,3.863888888888889,1.0916666666666666,856.0,2.3777777777777778,33.65,-117.92,2.2
4.8125,28.0,6.066071428571429,1.0660714285714286,1397.0,2.494642857142857,33.68,-117.92,2.446
5.5,16.0,5.097323600973236,1.094890510948905,963.0,2.343065693430657,33.66,-117.94,2.241
5.2732,15.0,4.81145584725537,1.0572792362768495,1015.0,2.4224343675417663,33.65,-117.94,2.097
4.2036,34.0,4.990675990675991,0.9906759906759908,1559.0,3.634032634032634,33.65,-117.93,2.201
5.01,19.0,6.136792452830188,1.035377358490566,1156.0,2.7264150943396226,33.69,-117.93,2.638
6.4441,26.0,6.017057569296376,1.0085287846481876,1258.0,2.6823027718550105,33.69,-117.93,2.61
4.4732,25.0,4.712616822429907,1.060747663551402,1024.0,2.392523364485981,33.68,-117.92,2.456
5.069,33.0,6.20979020979021,1.006993006993007,1197.0,2.7902097902097904,33.68,-117.93,2.642
3.1483,26.0,3.947867298578199,1.046716316858497,4738.0,3.2078537576167907,33.65,-117.93,2.13
5.2815,30.0,6.392434988179669,1.0070921985815602,1289.0,3.0472813238770686,33.69,-117.91,2.295
3.512,16.0,3.762287334593573,1.0756143667296787,5014.0,2.369565217391304,33.67,-117.91,2.184
4.8359,25.0,6.198419666374012,1.0175592625109746,3903.0,3.426690079016681,33.68,-117.9,2.492
5.0853,26.0,5.916496945010183,1.0264765784114054,1452.0,2.9572301425661918,33.68,-117.89,2.603
4.4625,32.0,5.374340949033392,0.9876977152899824,1475.0,2.592267135325132,33.67,-117.91,2.535
4.0341,26.0,5.162186379928316,1.1881720430107527,2681.0,2.402329749103943,33.66,-117.91,2.433
4.0417,14.0,3.6955903271692745,1.0796586059743956,1584.0,2.2532005689900427,33.65,-117.91,1.809
3.225,21.0,3.935483870967742,1.163594470046083,1099.0,2.532258064516129,33.66,-117.91,1.938
3.1667,22.0,3.803837953091685,1.0,1952.0,2.0810234541577826,33.66,-117.9,1.61
6.6369,4.0,5.428571428571429,1.0833333333333333,623.0,7.416666666666667,33.66,-117.9,1.926
3.3409,8.0,3.849744711889132,1.148796498905908,2389.0,1.7425237053245806,33.68,-117.89,1.813
5.2138,20.0,5.33,0.976,2734.0,2.734,33.69,-117.88,2.331
3.152,21.0,4.4875,1.015,2246.0,5.615,33.71,-117.86,1.528
3.375,36.0,5.162162162162162,1.135135135135135,208.0,5.621621621621622,33.71,-117.86,1.575
4.9148,16.0,5.4702093397745575,1.104669887278583,1924.0,3.0982286634460547,33.71,-117.87,1.555
3.5326,13.0,3.1783625730994154,0.9941520467836256,817.0,2.388888888888889,33.71,-117.87,2.625
5.0956,21.0,5.808917197452229,1.0414012738853504,2266.0,3.6082802547770703,33.7,-117.87,2.46
4.1,27.0,5.522491349480969,1.027681660899654,1703.0,5.892733564013841,33.71,-117.88,1.849
3.5551,30.0,4.712737127371274,0.97289972899729,1914.0,5.186991869918699,33.71,-117.88,1.852
3.1742,20.0,4.228710462287105,1.2384428223844282,1403.0,3.413625304136253,33.71,-117.88,2.45
5.4836,18.0,5.271604938271605,0.9209876543209876,1464.0,3.614814814814815,33.7,-117.88,2.258
5.3254,24.0,7.216216216216216,1.1891891891891893,249.0,3.364864864864865,33.7,-117.88,2.405
3.8029,16.0,4.43952802359882,1.056047197640118,835.0,2.4631268436578173,33.7,-117.88,2.054
3.6875,36.0,3.8521739130434782,1.017391304347826,577.0,5.017391304347826,33.72,-117.9,1.375
4.5607,32.0,4.72093023255814,0.9767441860465116,2839.0,5.501937984496124,33.72,-117.91,1.821
4.3899,33.0,4.8121546961325965,1.0349907918968693,3150.0,5.801104972375691,33.72,-117.9,1.807
3.2639,31.0,3.890365448504984,1.0166112956810631,1690.0,5.614617940199335,33.73,-117.9,1.552
4.65,25.0,5.109411764705882,0.996470588235294,3872.0,4.555294117647059,33.72,-117.89,1.978
3.6618,23.0,4.591633466135458,1.0717131474103585,2493.0,4.96613545816733,33.72,-117.89,1.835
4.5726,32.0,5.864457831325301,1.069277108433735,1786.0,5.379518072289157,33.73,-117.88,1.775
3.9844,38.0,5.403041825095057,1.1406844106463878,1236.0,4.699619771863118,33.72,-117.88,1.653
3.89,36.0,5.805471124620061,1.0699088145896656,1593.0,4.8419452887538,33.72,-117.88,1.7
6.1966,16.0,6.356495468277946,0.9516616314199396,2592.0,3.915407854984894,33.71,-117.9,2.605
4.7422,23.0,5.406844106463878,0.988593155893536,1092.0,4.152091254752852,33.71,-117.89,2.024
4.5814,24.0,5.796812749003984,1.0677290836653386,2663.0,3.536520584329349,33.71,-117.89,2.333
6.2488,16.0,5.461538461538462,0.9031339031339032,1324.0,3.772079772079772,33.71,-117.9,2.52
4.2708,15.0,5.146302250803859,1.0884244372990353,1510.0,2.427652733118971,33.7,-117.92,1.617
3.6505,16.0,4.3538461538461535,1.0951048951048952,1719.0,2.4041958041958043,33.71,-117.91,1.457
3.2386,13.0,3.537142857142857,1.0895238095238096,838.0,1.5961904761904762,33.7,-117.89,1.292
4.6483,12.0,4.74721941354904,1.122345803842265,2153.0,2.1769464105156726,33.7,-117.9,1.908
4.5757,15.0,3.610410094637224,1.0820189274447949,982.0,1.5488958990536277,33.7,-117.9,1.625
3.5694,31.0,4.305019305019305,1.034749034749035,1369.0,5.285714285714286,33.73,-117.86,1.505
2.3333,31.0,3.901960784313725,0.9705882352941176,1602.0,5.235294117647059,33.72,-117.86,1.577
3.5902,39.0,5.116316639741519,1.0807754442649435,2789.0,4.505654281098546,33.72,-117.87,1.659
3.8421,37.0,4.379446640316205,0.982213438735178,2445.0,4.83201581027668,33.72,-117.87,1.74
3.413,37.0,3.581453634085213,1.0726817042606516,2089.0,5.235588972431078,33.72,-117.86,1.506
3.5511,32.0,4.222543352601156,0.9826589595375722,1909.0,5.517341040462428,33.72,-117.86,1.591
2.4211,20.0,3.844544095665172,1.094170403587444,1534.0,2.2929745889387143,33.73,-117.84,1.75
3.1353,22.0,3.644657863145258,1.0816326530612246,4715.0,2.830132052821128,33.74,-117.84,1.214
3.3611,24.0,4.10304449648712,0.9531615925058547,910.0,2.1311475409836067,33.74,-117.84,1.346
2.6771,23.0,3.748453608247423,1.0762886597938144,958.0,1.975257731958763,33.74,-117.83,1.315
1.8,5.0,3.6666666666666665,0.9607843137254902,207.0,4.0588235294117645,33.75,-117.86,1.542
1.9309,31.0,3.7628205128205128,1.1004273504273503,1810.0,3.867521367521368,33.75,-117.86,1.734
2.9271,6.0,2.4880763116057234,0.9523052464228936,3157.0,5.019077901430842,33.75,-117.86,1.232
2.7059,19.0,3.804878048780488,1.0884146341463414,1214.0,3.701219512195122,33.74,-117.85,1.598
2.5651,27.0,3.7947454844006567,1.0377668308702792,2936.0,4.821018062397373,33.75,-117.85,1.714
3.375,9.0,3.1818181818181817,1.0363636363636364,1257.0,7.618181818181818,33.74,-117.86,1.653
4.125,32.0,4.668918918918919,1.0202702702702702,926.0,6.256756756756757,33.74,-117.86,1.759
2.1992,26.0,2.633774160732452,1.020345879959308,5756.0,5.855544252288912,33.74,-117.85,1.708
3.775,23.0,4.239583333333333,1.125,647.0,6.739583333333333,33.73,-117.86,1.774
3.7202,30.0,4.802536231884058,1.036231884057971,3249.0,5.885869565217392,33.73,-117.86,1.821
2.6385,26.0,3.676025917926566,0.9848812095032398,2776.0,5.995680345572354,33.73,-117.86,1.802
2.6734,31.0,3.705229793977813,1.0332805071315372,3289.0,5.212361331220285,33.74,-117.87,1.585
3.4193,45.0,4.537074148296593,1.006012024048096,1970.0,3.9478957915831674,33.73,-117.87,1.77
3.415,52.0,4.627639155470249,1.0095969289827256,2165.0,4.155470249520153,33.74,-117.87,1.725
3.425,38.0,4.031719532554257,1.0717863105175292,3242.0,5.412353923205342,33.74,-117.86,1.656
3.3125,38.0,4.531746031746032,1.0138888888888888,2451.0,4.863095238095238,33.73,-117.86,1.591
2.5,34.0,3.6064,1.008,2984.0,4.7744,33.74,-117.86,1.625
3.0824,33.0,3.7694524495677233,1.080691642651297,2175.0,6.268011527377522,33.73,-117.89,1.774
3.7147,32.0,3.430913348946136,0.9754098360655736,5116.0,5.990632318501171,33.73,-117.9,1.641
4.1,30.0,4.576687116564417,1.0552147239263805,1048.0,6.429447852760736,33.73,-117.9,1.664
3.2037,33.0,3.889643463497453,1.0084889643463495,3232.0,5.487266553480476,33.73,-117.88,1.635
3.75,36.0,5.202105263157895,1.048421052631579,2594.0,5.461052631578947,33.73,-117.88,1.705
4.0231,31.0,4.003322259136213,0.9302325581395348,1476.0,4.903654485049834,33.75,-117.89,1.392
2.9167,32.0,4.501440922190202,1.0518731988472625,2145.0,6.181556195965418,33.74,-117.89,1.584
3.2292,34.0,5.33030303030303,1.0696969696969696,2083.0,6.3121212121212125,33.74,-117.89,1.606
3.425,28.0,4.841726618705036,1.0467625899280577,1575.0,5.66546762589928,33.75,-117.9,1.595
2.2105,19.0,4.745454545454545,1.1484848484848484,1032.0,3.1272727272727274,33.74,-117.9,1.804
2.3783,18.0,4.262443438914027,1.0,1915.0,4.332579185520362,33.74,-117.9,1.667
2.9926,25.0,4.634490238611714,1.0466377440347072,2946.0,3.195227765726681,33.74,-117.91,1.832
4.7639,26.0,4.740667976424361,1.005893909626719,2867.0,5.632612966601179,33.73,-117.91,1.799
3.9659,26.0,4.257234726688103,1.0096463022508038,1804.0,5.80064308681672,33.73,-117.9,1.785
4.7679,25.0,4.275132275132275,0.8624338624338624,1066.0,5.64021164021164,33.74,-117.9,1.731
3.0833,24.0,2.8472222222222223,0.98015873015873,3171.0,6.291666666666667,33.74,-117.9,1.517
3.75,32.0,5.84070796460177,1.2831858407079646,959.0,8.486725663716815,33.74,-117.89,1.59
4.6875,33.0,4.239726027397261,0.952054794520548,1217.0,8.335616438356164,33.74,-117.89,1.544
4.0769,32.0,5.392592592592592,0.9925925925925926,837.0,6.2,33.73,-117.89,1.639
1.5026,10.0,3.326642335766423,1.0766423357664234,2176.0,3.970802919708029,33.75,-117.88,1.518
3.1964,29.0,3.977900552486188,0.9613259668508288,1045.0,5.773480662983426,33.74,-117.88,1.519
3.1691,16.0,3.27437641723356,1.0113378684807257,2329.0,5.281179138321996,33.74,-117.88,1.594
2.8077,31.0,4.17910447761194,1.1044776119402986,1718.0,6.41044776119403,33.74,-117.88,1.403
2.7632,16.0,3.3058510638297878,0.9707446808510638,1925.0,5.11968085106383,33.74,-117.87,1.589
2.5224,19.0,3.5606299212598427,1.0110236220472442,3545.0,5.582677165354331,33.74,-117.88,1.485
3.0083,25.0,3.3438661710037176,1.0353159851301117,3416.0,6.349442379182156,33.74,-117.88,1.635
2.246,6.0,2.647787610619469,1.056637168141593,3800.0,3.3628318584070795,33.76,-117.87,1.833
2.6561,14.0,3.076837416481069,1.066815144766147,6799.0,3.785634743875278,33.75,-117.87,1.444
2.6635,18.0,3.1538461538461537,1.1538461538461535,812.0,3.67420814479638,33.75,-117.87,1.625
3.5972,39.0,2.66990291262136,0.8446601941747572,554.0,5.378640776699029,33.75,-117.86,1.58
1.5054,13.0,2.4764795144157814,0.9074355083459787,3356.0,5.092564491654021,33.75,-117.86,1.375
3.4345,37.0,4.486486486486487,1.0165165165165164,2354.0,3.5345345345345347,33.76,-117.88,2.355
1.7823,17.0,4.055045871559633,1.0871559633027523,1079.0,2.4747706422018347,33.76,-117.88,2.053
4.5125,50.0,5.743589743589744,0.9743589743589745,747.0,3.1923076923076925,33.75,-117.88,1.954
2.8342,34.0,4.69375,1.0515625,5477.0,8.5578125,33.75,-117.88,1.872
3.6953,26.0,3.9094890510948894,1.0248175182481751,3262.0,4.762043795620438,33.76,-117.9,1.768
3.7143,32.0,4.443661971830986,1.011737089201878,2245.0,5.269953051643192,33.75,-117.9,1.63
3.8056,36.0,4.651488616462347,1.001751313485114,2370.0,4.15061295971979,33.76,-117.89,1.772
3.1713,34.0,4.362916006339145,1.0364500792393028,3117.0,4.939778129952456,33.75,-117.89,1.701
3.5972,26.0,5.285714285714286,1.227405247813411,1235.0,3.6005830903790086,33.78,-117.88,1.875
3.3472,26.0,4.338397790055248,0.925414364640884,1572.0,2.1712707182320443,33.78,-117.88,2.374
4.1951,32.0,5.169977924944813,1.2582781456953642,1445.0,3.1898454746136866,33.77,-117.89,1.95
3.9219,35.0,4.888586956521739,0.9320652173913044,1239.0,3.3668478260869565,33.77,-117.89,1.896
4.8,34.0,5.223880597014926,1.044776119402985,723.0,3.5970149253731343,33.76,-117.89,1.927
4.6111,39.0,6.38863287250384,1.0061443932411671,1669.0,2.563748079877112,33.77,-117.86,2.403
4.7083,34.0,5.926691729323308,1.0545112781954886,1679.0,3.156015037593985,33.76,-117.86,2.053
4.2798,14.0,3.994520547945205,1.158904109589041,615.0,1.6849315068493151,33.76,-117.84,2.188
2.8828,26.0,5.290617848970252,1.2013729977116705,1273.0,2.9130434782608696,33.76,-117.85,2.047
5.375,16.0,4.76,1.02,93.0,1.86,33.76,-117.84,2.157
3.6806,22.0,4.666666666666667,0.9629629629629628,196.0,2.419753086419753,33.76,-117.84,2.194
4.0214,16.0,4.345273631840796,1.155223880597015,2164.0,2.153233830845771,33.75,-117.84,1.395
4.5461,33.0,5.029649595687332,0.8814016172506739,1053.0,2.838274932614555,33.76,-117.85,2.138
4.3292,14.0,5.048054919908467,1.0892448512585813,1656.0,1.894736842105263,33.77,-117.84,2.065
4.0398,23.0,5.154782608695652,1.0469565217391303,3570.0,3.1043478260869564,33.77,-117.85,2.331
3.5195,26.0,6.090909090909091,1.0563636363636364,1314.0,2.389090909090909,33.77,-117.84,2.491
4.3698,26.0,5.184275184275184,1.0049140049140048,1146.0,2.815724815724816,33.76,-117.84,2.296
4.6161,30.0,5.950920245398773,1.0940695296523515,1270.0,2.5971370143149284,33.75,-117.82,2.365
2.8261,24.0,4.532994923857868,1.0609137055837563,342.0,1.736040609137056,33.75,-117.82,1.465
3.0958,25.0,4.310618066561014,1.0776545166402536,1559.0,2.470681458003169,33.74,-117.82,1.378
3.4152,34.0,4.691358024691358,1.0599647266313934,1475.0,2.601410934744268,33.75,-117.83,2.102
5.021,23.0,5.4485981308411215,0.9906542056074766,1574.0,2.451713395638629,33.75,-117.81,2.522
5.2998,30.0,6.646182495344506,1.0260707635009312,1540.0,2.8677839851024207,33.74,-117.8,2.472
3.5719,19.0,4.387329591018444,1.078588612670409,2828.0,2.267842822774659,33.73,-117.81,2.528
3.3047,24.0,4.306709265175719,1.036741214057508,1908.0,3.047923322683706,33.74,-117.81,2.169
3.0305,19.0,4.215932914046122,1.0220125786163523,2334.0,2.4465408805031448,33.73,-117.81,1.406
4.7273,23.0,5.506306306306306,1.0018018018018018,1508.0,2.717117117117117,33.73,-117.81,2.342
3.8703,23.0,3.765925925925926,1.1437037037037037,1720.0,2.5481481481481483,33.73,-117.82,1.37
4.7039,24.0,4.447368421052632,1.0,482.0,2.536842105263158,33.73,-117.82,2.25
5.0162,27.0,4.8106060606060606,0.9772727272727272,809.0,3.0643939393939394,33.73,-117.82,2.23
3.0382,23.0,4.019723865877712,1.0670611439842208,4088.0,2.687705456936226,33.74,-117.83,1.836
3.5387,20.0,3.937201365187714,1.0901023890784982,4853.0,3.3126279863481227,33.73,-117.83,1.604
3.7031,25.0,5.163755458515284,1.0283842794759823,1197.0,2.61353711790393,33.75,-117.81,2.278
4.1151,22.0,5.297491039426523,1.1505376344086022,1342.0,2.4050179211469533,33.77,-117.83,2.032
3.6707,23.0,5.441176470588236,1.072549019607843,1226.0,2.403921568627451,33.83,-117.83,2.314
4.0484,15.0,5.389915966386555,1.0873949579831932,1414.0,2.376470588235294,33.8,-117.82,1.656
4.8542,29.0,5.549618320610687,0.900763358778626,724.0,2.763358778625954,33.79,-117.83,2.181
4.1339,26.0,4.280388978930308,1.0259319286871962,3657.0,5.927066450567261,33.79,-117.82,2.223
5.8622,30.0,6.456164383561644,1.0383561643835617,2271.0,3.110958904109589,33.8,-117.83,2.21
3.8681,31.0,4.977777777777778,1.0098765432098766,1095.0,2.703703703703704,33.8,-117.83,1.96
5.3041,37.0,5.741596638655462,0.9663865546218487,1378.0,2.894957983193277,33.79,-117.84,2.357
2.9312,25.0,4.5,1.1152173913043475,1078.0,2.343478260869565,33.79,-117.83,2.201
2.378,34.0,4.259868421052632,0.9917763157894736,1658.0,2.726973684210526,33.79,-117.84,1.996
4.6125,26.0,5.965277777777778,1.0046296296296295,1086.0,2.513888888888889,33.78,-117.84,2.292
4.25,24.0,5.35343618513324,1.1037868162692848,1656.0,2.3225806451612905,33.78,-117.84,2.48
3.75,23.0,5.3968804159445405,1.0571923743500866,2045.0,3.5441941074523395,33.79,-117.81,2.119
3.6953,23.0,4.119850187265918,1.0674157303370786,940.0,3.5205992509363297,33.82,-117.83,1.5
2.8403,24.0,4.256594724220624,1.0731414868105515,2828.0,3.390887290167865,33.81,-117.83,2.256
5.4395,25.0,6.638403990024938,1.0024937655860349,1247.0,3.109725685785536,33.81,-117.82,2.44
5.4298,28.0,6.049079754601227,0.9662576687116564,970.0,2.975460122699386,33.81,-117.83,2.342
6.0705,30.0,6.627565982404692,1.0117302052785924,1182.0,3.466275659824047,33.81,-117.82,2.367
3.4234,46.0,5.494047619047619,1.1398809523809523,867.0,2.580357142857143,33.79,-117.85,2.0
3.6827,52.0,5.758904109589041,1.104109589041096,898.0,2.46027397260274,33.79,-117.85,2.368
3.1792,31.0,3.712328767123288,0.9715489989462592,2660.0,2.802950474183351,33.79,-117.86,1.464
3.8929,52.0,4.730120481927711,1.036144578313253,1197.0,2.8843373493975903,33.79,-117.85,2.11
3.3939,23.0,3.7406103286384975,1.0211267605633805,1977.0,2.3204225352112675,33.78,-117.85,2.121
3.125,25.0,4.15615141955836,1.0410094637223974,1710.0,2.697160883280757,33.78,-117.86,2.15
4.575,16.0,4.690987124463519,1.0965665236051505,908.0,1.9484978540772533,33.77,-117.85,2.25
2.4688,40.0,3.647230320699709,0.979591836734694,729.0,2.1253644314868803,33.79,-117.85,2.364
3.8929,34.0,4.441037735849057,0.9622641509433962,1227.0,2.893867924528302,33.79,-117.86,1.875
2.6959,21.0,3.757617728531856,1.0124653739612188,1952.0,2.703601108033241,33.78,-117.86,1.788
4.3039,21.0,5.034412955465587,1.1599190283400809,1515.0,3.0668016194331984,33.78,-117.87,1.685
4.7208,19.0,4.719798657718121,0.9513422818791948,1334.0,2.238255033557047,33.78,-117.87,1.735
3.7454,30.0,4.367170626349892,1.1274298056155507,1196.0,2.583153347732181,33.78,-117.87,1.86
3.5172,35.0,5.023880597014926,1.035820895522388,1242.0,3.707462686567164,33.8,-117.86,1.904
4.105,42.0,5.475935828877005,1.0213903743315509,483.0,2.5828877005347595,33.79,-117.86,1.945
4.192,25.0,4.886756238003839,1.0460652591170825,1543.0,2.9616122840690977,33.79,-117.87,2.199
5.1418,32.0,5.030508474576271,1.0,928.0,3.145762711864407,33.79,-117.88,1.903
2.8835,16.0,3.85203153426319,1.0594299575500303,5085.0,3.083687083080655,33.78,-117.89,1.938
3.3627,25.0,4.272840016535759,1.0731707317073171,7111.0,2.9396444811905744,33.78,-117.9,1.979
3.0087,19.0,4.3125,0.98,920.0,2.3,33.84,-117.86,1.594
5.1785,17.0,6.16557734204793,1.093681917211329,1370.0,2.9847494553376905,33.84,-117.85,2.473
5.6784,26.0,6.283828382838284,0.9636963696369636,945.0,3.118811881188119,33.83,-117.85,2.324
5.3439,23.0,5.825980392156863,0.9877450980392156,1101.0,2.698529411764706,33.83,-117.86,2.271
4.5217,23.0,5.1867612293144205,1.0212765957446808,2526.0,2.98581560283688,33.84,-117.84,2.194
2.8235,34.0,4.065759637188209,1.08843537414966,1722.0,3.9047619047619047,33.8,-117.86,1.531
4.9917,26.0,5.387387387387387,0.9871299871299872,2447.0,3.1492921492921493,33.81,-117.85,2.481
4.0417,32.0,5.351515151515152,0.9757575757575756,876.0,2.6545454545454548,33.81,-117.85,2.345
3.825,34.0,6.247058823529412,1.1098039215686275,872.0,3.4196078431372547,33.8,-117.85,2.167
4.3269,40.0,5.534090909090909,1.0833333333333333,1322.0,5.007575757575758,33.8,-117.85,1.941
4.0324,26.0,5.6417004048583,1.0374493927125503,2607.0,2.638663967611336,33.81,-117.84,2.449
4.3661,35.0,5.797665369649805,0.9766536964980544,629.0,2.4474708171206228,33.8,-117.84,2.221
3.59,34.0,6.109756097560975,1.0091463414634143,843.0,2.5701219512195124,33.8,-117.84,2.306
6.6603,9.0,6.206642066420664,1.0738007380073802,1015.0,3.745387453874539,33.82,-117.86,2.309
4.7946,24.0,6.311233885819521,1.0368324125230202,4926.0,3.023941068139963,33.82,-117.84,2.512
5.0629,23.0,5.7381174277726,1.0521901211556384,2817.0,2.625349487418453,33.84,-117.84,2.326
3.5521,35.0,4.82532751091703,1.0829694323144106,2425.0,3.529839883551674,33.84,-117.89,1.828
5.6276,35.0,6.558241758241758,0.9802197802197802,1435.0,3.1538461538461537,33.83,-117.89,2.008
3.8456,33.0,5.057755775577558,1.0082508250825082,2204.0,3.636963696369637,33.83,-117.9,2.118
4.8906,21.0,5.356902356902357,1.0033670033670037,904.0,3.043771043771044,33.82,-117.89,1.791
6.0224,38.0,5.1,1.2,41.0,4.1,33.8,-117.89,1.875
5.0605,24.0,5.660714285714286,0.9375,700.0,3.125,33.82,-117.89,2.162
3.6761,18.0,4.403581267217631,1.1143250688705235,1894.0,2.608815426997245,33.82,-117.89,1.405
5.3812,10.0,5.316037735849057,1.1462264150943395,1584.0,2.490566037735849,33.84,-117.87,2.354
3.5893,26.0,5.411552346570397,1.0469314079422385,755.0,2.7256317689530687,33.84,-117.88,2.385
3.7303,31.0,4.840175953079179,1.0439882697947214,1532.0,2.24633431085044,33.84,-117.88,2.238
5.6163,27.0,6.515669515669516,1.0056980056980056,1140.0,3.247863247863248,33.83,-117.87,2.31
6.4685,22.0,6.721374045801527,1.036259541984733,1706.0,3.2557251908396947,33.83,-117.88,2.412
3.8631,17.0,3.6359223300970873,1.1407766990291262,1382.0,2.236245954692557,33.82,-117.88,2.25
6.0488,26.0,5.826797385620915,0.9738562091503268,1048.0,3.4248366013071894,33.82,-117.88,2.32
5.9397,26.0,6.957142857142857,0.9885714285714284,1088.0,3.1085714285714285,33.82,-117.87,2.494
3.7772,26.0,5.412413793103449,1.0772413793103448,2332.0,3.216551724137931,33.85,-117.88,2.239
4.375,34.0,6.226519337016574,1.022099447513812,588.0,3.248618784530387,33.85,-117.88,2.247
6.1168,34.0,5.875,0.8916666666666667,837.0,3.4875,33.84,-117.88,2.139
5.1782,33.0,6.228571428571429,0.9673469387755104,906.0,3.697959183673469,33.84,-117.88,2.25
4.325,31.0,4.688186813186813,1.0494505494505495,2326.0,3.1950549450549453,33.85,-117.9,1.871
3.6,35.0,5.289156626506024,0.9879518072289156,1026.0,3.0903614457831323,33.85,-117.9,1.935
3.3375,32.0,5.245098039215686,1.026143790849673,986.0,3.2222222222222223,33.85,-117.9,1.862
3.2303,13.0,3.664351851851852,1.0972222222222223,1672.0,3.87037037037037,33.85,-117.89,2.013
3.5329,31.0,4.5,1.0308370044052864,1524.0,3.356828193832599,33.84,-117.9,1.874
2.8021,33.0,4.794561933534744,1.1299093655589123,1159.0,3.501510574018127,33.84,-117.89,1.951
2.3173,25.0,4.329824561403509,1.231578947368421,507.0,1.7789473684210526,33.85,-117.88,2.25
3.9286,25.0,4.711640211640212,0.9232804232804231,918.0,2.4285714285714284,33.84,-117.88,2.627
4.5,23.0,4.835734870317003,1.063400576368876,912.0,2.628242074927954,33.84,-117.87,2.373
4.0724,25.0,5.007792207792208,1.0753246753246752,961.0,2.496103896103896,33.84,-117.87,2.314
4.5112,16.0,4.414285714285715,1.0114285714285711,730.0,2.085714285714286,33.84,-117.87,1.39
5.1182,17.0,6.00250626566416,1.0275689223057645,1224.0,3.0676691729323307,33.84,-117.87,2.492
4.2276,17.0,4.586274509803921,1.0441176470588236,2427.0,2.3794117647058823,33.85,-117.85,2.541
4.9306,17.0,4.635245901639344,0.9672131147540984,622.0,2.5491803278688523,33.85,-117.86,1.585
2.3704,38.0,4.08235294117647,1.0431372549019609,1592.0,3.1215686274509804,33.85,-117.92,1.661
4.6111,45.0,5.355437665782493,1.0450928381962865,1549.0,4.108753315649867,33.84,-117.92,2.23
3.2344,44.0,5.045081967213115,1.0573770491803278,682.0,2.795081967213114,33.85,-117.92,1.701
2.7014,35.0,3.4906367041198503,0.9662921348314608,1147.0,4.295880149812734,33.85,-117.91,1.567
2.9583,35.0,3.8633540372670807,1.0062111801242235,1603.0,4.978260869565218,33.84,-117.91,1.754
3.025,22.0,4.006802721088436,0.9829931972789115,865.0,2.942176870748299,33.85,-117.91,1.8
2.6563,29.0,3.651162790697674,1.1209302325581396,1849.0,4.3,33.84,-117.91,1.625
3.3393,26.0,4.122270742358078,0.9366812227074236,1550.0,3.3842794759825328,33.85,-117.94,1.686
2.9474,33.0,5.605855855855856,1.2297297297297298,1857.0,4.1824324324324325,33.85,-117.93,1.784
3.875,31.0,7.1158940397351,1.5397350993377483,966.0,3.198675496688742,33.85,-117.93,1.839
4.2019,25.0,3.625441696113074,1.017667844522968,1646.0,5.81625441696113,33.85,-117.93,1.639
3.2188,36.0,5.4770408163265305,1.0612244897959184,1011.0,2.579081632653061,33.85,-117.93,1.969
4.275,37.0,5.653846153846154,1.1634615384615383,436.0,4.1923076923076925,33.85,-117.94,1.862
3.2301,23.0,4.79933110367893,1.0919732441471572,1680.0,2.809364548494983,33.84,-117.93,1.899
4.1325,13.0,5.064,1.037090909090909,3892.0,2.8305454545454545,33.85,-117.95,2.035
4.125,35.0,6.317204301075269,1.0268817204301075,568.0,3.053763440860215,33.85,-117.96,1.892
4.0061,30.0,5.3241525423728815,1.0084745762711864,1611.0,3.413135593220339,33.85,-117.97,1.829
4.8438,36.0,5.449720670391062,1.0195530726256985,1254.0,3.502793296089385,33.85,-117.96,1.857
3.4028,32.0,3.075892857142857,1.0982142857142858,1202.0,2.6830357142857144,33.84,-117.95,1.837
3.75,19.0,4.473145780051151,1.0383631713554988,969.0,2.4782608695652173,33.84,-117.95,1.734
3.5455,34.0,5.637614678899083,0.9862385321100916,1035.0,4.747706422018348,33.84,-117.95,1.8
3.1884,25.0,5.188630490956072,1.073643410852713,2166.0,2.798449612403101,33.84,-117.94,1.354
3.6214,28.0,2.849056603773585,0.9764150943396226,615.0,2.900943396226415,33.84,-117.94,1.821
4.765,23.0,5.770718232044199,1.0414364640883975,1085.0,2.9972375690607733,33.85,-117.98,1.815
3.9539,33.0,5.656790123456791,1.0839506172839506,1187.0,2.930864197530864,33.84,-117.98,1.911
5.0747,35.0,4.944723618090452,0.8994974874371859,661.0,3.321608040201005,33.84,-117.98,1.896
5.1057,45.0,5.381578947368421,0.9671052631578948,546.0,3.5921052631578947,33.85,-117.97,1.707
3.4583,31.0,4.467455621301776,1.0591715976331362,1617.0,3.189349112426036,33.84,-117.96,1.863
4.8667,34.0,5.712418300653595,1.0,549.0,3.588235294117647,33.84,-117.97,1.868
5.25,35.0,5.788321167883212,0.9343065693430656,589.0,4.299270072992701,33.84,-117.97,1.902
4.2679,25.0,4.942,1.036,1539.0,3.078,33.84,-117.97,1.917
2.8348,18.0,4.766816143497758,0.937219730941704,462.0,2.071748878923767,33.84,-117.97,2.19
4.9115,31.0,5.231578947368421,0.9596491228070176,1895.0,3.324561403508772,33.84,-117.99,2.555
3.2546,16.0,4.045725646123261,1.121272365805169,1118.0,2.2226640159045727,33.83,-117.97,1.875
4.6042,31.0,5.539823008849558,0.995575221238938,714.0,3.15929203539823,33.84,-117.98,2.207
3.3006,17.0,3.926091825307951,1.110862262038074,2104.0,2.356103023516237,33.83,-117.98,1.858
3.2326,21.0,4.506,1.16,1536.0,3.072,33.82,-118.0,2.047
4.0625,31.0,5.50561797752809,1.0674157303370786,1356.0,3.808988764044944,33.82,-118.01,2.259
2.5577,24.0,3.690533015115354,1.0930787589498807,3093.0,2.460620525059666,33.83,-118.01,2.023
2.4609,23.0,4.344,1.072,825.0,3.3,33.83,-118.01,2.196
3.9333,26.0,4.668478260869565,1.046195652173913,1022.0,2.777173913043478,33.83,-118.0,1.961
2.2401,24.0,4.873345935727788,1.0964083175803403,1217.0,2.300567107750473,33.83,-118.0,2.125
4.5294,18.0,5.348457350272232,1.014519056261343,1820.0,3.3030852994555358,33.82,-118.0,2.248
3.2539,25.0,5.226788432267885,1.2709284627092847,1749.0,2.6621004566210047,33.83,-117.99,1.99
3.1538,19.0,4.328260869565217,1.1478260869565218,1202.0,2.6130434782608694,33.82,-117.99,2.521
5.2657,35.0,5.983870967741935,1.0161290322580645,916.0,3.693548387096774,33.83,-117.99,1.914
4.1167,33.0,4.601178781925344,0.9332023575638508,1367.0,2.68565815324165,33.82,-117.99,2.155
3.2823,17.0,4.463446475195823,1.216710182767624,2460.0,3.2114882506527413,33.83,-117.98,2.285
4.9219,34.0,5.965517241379311,1.0057471264367817,578.0,3.32183908045977,33.82,-117.98,2.0
5.5486,34.0,5.352697095435684,0.9128630705394192,867.0,3.5975103734439835,33.82,-117.98,2.181
6.213,32.0,6.0588235294117645,0.8877005347593583,523.0,2.7967914438502675,33.83,-117.98,2.308
4.0185,22.0,4.910979228486647,1.0207715133531157,1807.0,2.6810089020771515,33.83,-117.97,2.009
2.9891,26.0,4.651394422310757,1.00398406374502,1121.0,2.233067729083665,33.82,-117.97,2.052
3.7655,26.0,4.352494577006508,1.0683297180043383,2442.0,2.648590021691974,33.82,-117.97,1.977
3.3831,30.0,4.785834738617201,1.0944350758853287,1758.0,2.9645868465430016,33.83,-117.96,1.974
3.1315,18.0,3.8207024029574863,1.423290203327172,870.0,1.6081330868761552,33.83,-117.96,1.375
3.65,18.0,4.421733505821475,1.054333764553687,1961.0,2.536869340232859,33.84,-117.95,1.714
4.9394,31.0,5.861985472154964,0.9418886198547216,1348.0,3.263922518159806,33.83,-117.95,2.178
3.8828,34.0,6.701492537313433,1.054726368159204,676.0,3.36318407960199,33.82,-117.94,2.154
3.4,27.0,4.203076923076923,1.003076923076923,878.0,2.701538461538461,33.82,-117.94,1.969
3.6875,29.0,5.015410958904109,1.095890410958904,1618.0,2.7705479452054798,33.82,-117.95,2.132
5.0599,35.0,5.271428571428571,0.9857142857142858,641.0,3.052380952380952,33.83,-117.95,2.167
6.3214,34.0,6.294871794871795,0.9487179487179488,498.0,3.1923076923076925,33.83,-117.96,2.208
3.8214,36.0,5.897435897435898,1.0128205128205128,690.0,2.948717948717949,33.83,-117.95,2.109
2.4942,32.0,4.703412073490814,1.078740157480315,1131.0,2.968503937007874,33.83,-117.93,1.863
4.3583,36.0,6.1139896373057,1.049222797927461,1479.0,3.83160621761658,33.82,-117.92,1.872
2.3347,29.0,3.646153846153846,1.0487179487179488,1057.0,2.7102564102564104,33.82,-117.94,2.081
5.0764,24.0,5.455069124423964,1.1002304147465438,2600.0,2.995391705069125,33.82,-117.94,2.286
3.0179,28.0,4.310405643738977,0.9788359788359788,1848.0,3.259259259259259,33.82,-117.93,1.988
3.2969,38.0,4.733812949640288,0.946043165467626,671.0,2.413669064748201,33.84,-117.92,2.2
2.5564,6.0,3.650756693830035,1.1525029103608848,1894.0,2.2048894062863797,33.83,-117.92,1.713
3.375,30.0,3.992327365728901,0.9744245524296676,1104.0,2.823529411764706,33.83,-117.93,2.019
2.8072,23.0,4.1120401337792645,1.1521739130434785,2720.0,4.548494983277592,33.83,-117.9,1.647
1.119,9.0,3.569230769230769,1.1323076923076922,735.0,2.261538461538461,33.83,-117.91,1.75
1.425,17.0,4.716049382716049,1.0617283950617284,272.0,3.3580246913580245,33.83,-117.92,2.125
1.5903,16.0,3.690763052208836,1.0160642570281124,912.0,3.6626506024096384,33.84,-117.91,1.654
3.125,25.0,3.9573643410852712,0.9767441860465116,975.0,3.779069767441861,33.84,-117.91,1.681
3.6607,47.0,4.623853211009174,1.036697247706422,375.0,3.440366972477064,33.83,-117.91,1.606
3.0288,37.0,4.275720164609053,1.0699588477366255,719.0,2.9588477366255144,33.83,-117.91,1.614
5.0275,36.0,5.469387755102041,0.9846938775510204,639.0,3.260204081632653,33.83,-117.92,1.793
3.6042,52.0,5.167235494880546,1.0273037542662116,855.0,2.9180887372013653,33.83,-117.92,1.664
2.5509,32.0,3.6805555555555554,1.0456349206349207,2568.0,5.095238095238095,33.83,-117.91,1.708
2.4931,32.0,4.316363636363636,1.098181818181818,1003.0,3.647272727272728,33.82,-117.9,1.669
4.5057,10.0,3.650943396226415,1.1933962264150944,1535.0,3.6202830188679247,33.82,-117.92,1.524
2.9479,32.0,4.306709265175719,1.022364217252396,2330.0,3.7220447284345046,33.82,-117.91,1.846
2.3843,29.0,5.328413284132841,1.2029520295202951,1038.0,3.830258302583026,33.82,-117.91,1.829
2.5625,18.0,3.473529411764706,1.0382352941176471,781.0,2.297058823529412,33.81,-117.91,1.531
3.7014,32.0,4.957746478873239,1.0809859154929575,1331.0,4.686619718309859,33.82,-117.91,1.796
4.8981,18.0,5.845470692717584,1.0426287744227354,1640.0,2.9129662522202486,33.81,-117.93,1.663
5.6047,34.0,5.369565217391305,0.9402173913043478,759.0,4.125,33.81,-117.92,2.051
4.2731,34.0,5.451117318435754,1.0013966480446927,2054.0,2.868715083798883,33.8,-117.93,2.18
4.6696,17.0,4.841911764705882,0.9411764705882352,679.0,2.4963235294117645,33.8,-117.92,1.595
2.4833,22.0,3.8443579766536966,1.075226977950713,2639.0,3.4228274967574577,33.8,-117.9,1.575
4.375,27.0,5.205741626794258,1.0574162679425838,1440.0,3.444976076555024,33.8,-117.9,2.125
4.2759,33.0,5.513119533527697,0.9737609329446064,932.0,2.717201166180758,33.81,-117.94,2.38
3.256,25.0,3.804395604395604,1.0593406593406594,1127.0,2.476923076923077,33.81,-117.94,2.143
5.8461,34.0,6.323529411764706,0.9950980392156864,664.0,3.2549019607843137,33.81,-117.94,2.274
4.5714,26.0,5.044444444444444,0.8222222222222222,735.0,2.333333333333333,33.81,-117.94,2.432
4.9429,28.0,5.839679358717435,0.9799599198396792,1500.0,3.006012024048096,33.8,-117.94,2.548
3.6771,24.0,4.538461538461538,1.1153846153846154,3003.0,2.9615384615384617,33.81,-117.94,1.722
4.8611,29.0,5.950177935943061,0.9501779359430604,891.0,3.170818505338078,33.8,-117.93,2.319
4.0735,35.0,6.137931034482759,1.091954022988506,514.0,2.954022988505747,33.82,-117.95,2.087
4.3269,35.0,6.648809523809524,1.0773809523809523,496.0,2.952380952380953,33.82,-117.95,2.247
3.63,32.0,4.752079866888519,1.0349417637271214,1499.0,2.4941763727121464,33.82,-117.96,1.834
3.7917,32.0,5.133709981167608,1.0470809792843692,1513.0,2.849340866290019,33.82,-117.96,1.974
4.7667,30.0,5.244604316546763,0.9424460431654677,488.0,3.5107913669064748,33.8,-117.96,1.952
5.2384,35.0,5.543269230769231,0.9230769230769232,884.0,4.25,33.81,-117.96,1.774
4.7772,34.0,4.985915492957746,0.9753521126760564,980.0,3.4507042253521125,33.81,-117.96,1.825
4.7738,35.0,6.048484848484849,0.987878787878788,1409.0,4.2696969696969695,33.81,-117.96,1.8
3.707,29.0,5.08411214953271,1.0934579439252337,1632.0,3.8130841121495327,33.82,-117.96,1.804
3.6422,19.0,4.344202898550725,0.9094202898550724,730.0,2.6449275362318843,33.82,-117.96,2.094
5.118,33.0,6.049122807017544,1.0210526315789474,943.0,3.308771929824561,33.81,-117.95,1.952
4.4663,34.0,5.725663716814159,1.0501474926253689,1021.0,3.0117994100294987,33.81,-117.96,1.839
4.025,24.0,5.976086956521739,1.082608695652174,1367.0,2.9717391304347824,33.81,-117.95,2.407
4.3636,33.0,5.510204081632653,1.0148423005565863,1869.0,3.467532467532468,33.81,-118.0,2.018
3.5268,22.0,4.493197278911564,1.08843537414966,1702.0,2.894557823129252,33.81,-118.0,1.747
4.5179,25.0,5.40117994100295,1.0176991150442478,809.0,2.3864306784660765,33.81,-118.01,1.771
3.1087,24.0,4.735015772870662,1.0157728706624605,1495.0,2.358044164037855,33.82,-118.0,2.028
4.1276,13.0,4.429936305732484,0.963375796178344,1749.0,2.785031847133758,33.81,-118.0,1.538
3.7059,17.0,5.199029126213592,1.058252427184466,946.0,2.296116504854369,33.81,-118.0,1.463
3.975,18.0,3.9081632653061225,0.9591836734693876,487.0,4.969387755102041,33.8,-117.99,1.625
2.8835,17.0,4.447674418604652,1.1744186046511629,883.0,2.566860465116279,33.81,-118.0,1.965
2.8625,21.0,4.958695652173913,1.2108695652173913,1510.0,3.282608695652174,33.82,-117.99,1.896
2.4526,23.0,4.332453825857519,1.0488126649076517,3257.0,4.296833773087071,33.81,-117.99,1.829
2.2,42.0,3.22,0.8,157.0,3.14,33.81,-117.99,1.531
4.1667,46.0,2.7142857142857144,0.5714285714285714,66.0,4.714285714285714,33.81,-117.99,1.625
2.582,28.0,4.617801047120419,1.068062827225131,2304.0,3.0157068062827226,33.81,-117.98,1.818
3.7201,18.0,4.602453987730061,1.0773006134969323,2281.0,2.798773006134969,33.81,-117.98,1.831
5.152,35.0,5.571428571428571,0.968944099378882,479.0,2.975155279503105,33.81,-117.98,2.156
2.8042,26.0,4.017982017982018,1.07992007992008,2457.0,2.4545454545454546,33.81,-117.97,2.063
4.485,30.0,5.276315789473684,1.013157894736842,1753.0,3.844298245614035,33.81,-117.97,1.806
3.3281,25.0,5.102728731942215,1.0256821829855538,2526.0,4.054574638844302,33.8,-117.99,1.808
4.5263,33.0,6.552380952380952,1.0285714285714285,1384.0,4.393650793650794,33.79,-117.99,1.69
3.1801,29.0,4.814814814814815,1.0916179337231968,1589.0,3.0974658869395717,33.79,-117.99,1.905
3.9566,35.0,5.068281938325991,1.02863436123348,2272.0,5.004405286343612,33.79,-117.99,1.678
5.4876,35.0,6.163265306122449,0.9941690962099126,1077.0,3.139941690962099,33.8,-117.98,2.275
4.1115,35.0,4.908333333333333,0.9958333333333332,1659.0,3.45625,33.79,-117.98,1.797
4.3036,32.0,5.375621890547263,1.0746268656716418,1503.0,3.7388059701492535,33.8,-117.98,1.914
5.4631,35.0,6.589403973509934,1.0463576158940395,1614.0,3.562913907284768,33.8,-117.97,2.256
3.6849,33.0,5.529610829103215,1.0846023688663282,1704.0,2.883248730964467,33.79,-117.97,2.114
3.6531,18.0,5.642638036809816,1.0644171779141105,1820.0,2.791411042944785,33.79,-118.0,1.435
3.5313,15.0,4.516913319238901,1.0496828752642706,2300.0,2.431289640591966,33.78,-117.99,2.13
3.2857,21.0,3.945827232796486,1.0351390922401171,1888.0,2.764275256222548,33.79,-117.99,2.133
3.9798,31.0,5.017761989342806,0.9698046181172292,1908.0,3.3889875666074603,33.78,-117.98,1.875
4.1818,34.0,5.5565610859728505,0.9276018099547512,1289.0,2.916289592760181,33.79,-117.97,2.242
3.1049,19.0,4.644695543000628,1.0659133709981168,3554.0,2.231010671688638,33.78,-117.99,1.739
3.9479,35.0,5.362862010221465,1.0170357751277683,2110.0,3.594548551959114,33.78,-117.97,2.038
3.2636,22.0,4.625,1.0554347826086956,2901.0,3.1532608695652176,33.78,-117.98,1.802
3.4821,33.0,5.126614987080103,1.0852713178294573,1119.0,2.891472868217054,33.8,-117.96,2.313
5.2816,36.0,5.965174129353234,1.0024875621890548,1261.0,3.13681592039801,33.79,-117.96,2.218
5.244,35.0,5.488970588235294,0.9816176470588236,811.0,2.981617647058824,33.8,-117.96,2.18
4.425,33.0,6.103359173126615,1.0180878552971575,1185.0,3.062015503875969,33.8,-117.96,1.884
5.6935,34.0,6.380246913580247,1.0074074074074073,1233.0,3.0444444444444443,33.79,-117.95,2.183
3.9536,26.0,4.987878787878788,1.0703030303030303,2184.0,2.6472727272727274,33.78,-117.95,1.91
2.0677,29.0,3.761410788381743,1.0394190871369295,1170.0,2.4273858921161824,33.79,-117.96,2.145
6.37,35.0,6.129032258064516,0.9262672811059908,658.0,3.032258064516129,33.78,-117.96,2.292
2.8,23.0,3.8995756718529,1.0381895332390385,1811.0,2.5615275813295617,33.8,-117.94,2.143
4.4667,34.0,5.812375249500998,1.037924151696607,1625.0,3.2435129740518964,33.79,-117.95,1.906
4.6389,34.0,5.664383561643835,0.976027397260274,905.0,3.0993150684931505,33.8,-117.95,2.146
5.237,32.0,6.187817258883249,0.9746192893401016,634.0,3.218274111675127,33.8,-117.95,2.157
4.7986,24.0,5.701227830832196,1.0695770804911324,1902.0,2.5948158253751705,33.79,-117.94,2.365
4.3906,36.0,5.8621621621621625,0.9702702702702702,1018.0,2.7513513513513512,33.78,-117.93,2.313
4.7731,34.0,5.837777777777778,1.04,1409.0,3.131111111111111,33.78,-117.94,1.992
4.0909,36.0,6.043478260869565,1.030690537084399,1240.0,3.171355498721228,33.79,-117.93,1.908
5.2129,34.0,5.937190082644628,1.018181818181818,2138.0,3.533884297520661,33.79,-117.93,1.934
4.5739,35.0,6.01010101010101,0.9696969696969696,1033.0,3.478114478114478,33.79,-117.92,1.905
3.1726,29.0,4.190692395005676,1.0998864926220204,2683.0,3.045402951191828,33.79,-117.92,1.987
2.8622,26.0,4.516501650165017,1.0132013201320131,1877.0,3.097359735973597,33.79,-117.92,1.843
4.25,22.0,4.493387589013225,1.0722278738555442,2759.0,2.806714140386572,33.79,-117.91,1.703
4.0362,33.0,5.100934579439253,1.0261682242990655,2223.0,4.155140186915888,33.78,-117.91,1.779
3.9018,28.0,5.245508982035928,0.9820359281437124,2187.0,2.6191616766467067,33.78,-117.93,1.823
3.522,28.0,4.065241844769404,1.079865016872891,3282.0,3.691788526434196,33.77,-117.92,1.903
3.045,26.0,4.44364012409514,1.0723888314374357,3596.0,3.718717683557394,33.78,-117.91,1.84
3.4837,35.0,4.672316384180791,0.9124293785310734,1065.0,3.0084745762711864,33.78,-117.92,1.865
2.9726,9.0,3.603448275862069,1.0496957403651117,2017.0,2.0456389452332657,33.78,-117.95,1.338
4.5052,32.0,4.636363636363637,0.922077922077922,654.0,4.246753246753247,33.77,-117.94,1.708
3.2591,33.0,4.128133704735376,1.0403899721448469,2235.0,3.1128133704735377,33.77,-117.94,1.759
3.8056,11.0,3.988919667590028,1.0318559556786704,1806.0,2.5013850415512464,33.78,-117.94,1.711
3.0125,40.0,4.271428571428571,0.9714285714285714,163.0,2.3285714285714287,33.78,-117.94,1.661
4.5833,36.0,5.627450980392157,1.0374331550802138,1842.0,3.283422459893048,33.77,-117.93,1.907
2.4931,26.0,3.977653631284916,1.037243947858473,1528.0,2.845437616387337,33.78,-117.96,2.361
3.7303,32.0,4.315789473684211,1.0526315789473684,1376.0,2.5864661654135337,33.78,-117.95,1.885
4.1917,38.0,4.776699029126213,0.9967637540453076,1114.0,3.605177993527508,33.77,-117.95,1.818
3.2632,38.0,4.848039215686274,1.2058823529411764,691.0,3.3872549019607843,33.77,-117.95,1.809
4.1321,32.0,4.975113122171946,1.0237556561085972,2777.0,3.141402714932126,33.77,-117.96,2.228
2.9414,20.0,4.6776470588235295,0.9976470588235294,1277.0,3.0047058823529413,33.77,-117.97,1.622
2.6618,22.0,4.210131332082551,1.0787992495309568,1543.0,2.8949343339587243,33.77,-117.97,1.796
3.4955,15.0,3.709447415329768,0.946524064171123,1617.0,2.8823529411764706,33.77,-117.99,1.609
3.6333,7.0,4.094545454545455,1.0363636363636364,1576.0,2.8654545454545453,33.77,-117.98,1.698
3.1771,18.0,5.046070460704607,1.08130081300813,1301.0,3.5257452574525745,33.76,-117.97,1.94
4.0955,22.0,4.888217522658611,1.0166163141993958,2034.0,3.0725075528700905,33.77,-117.98,1.742
4.32,29.0,4.788643533123029,0.9842271293375394,1086.0,3.425867507886436,33.76,-117.98,1.969
4.7464,28.0,4.714285714285714,0.9251700680272108,901.0,3.064625850340136,33.76,-117.97,1.875
4.2813,24.0,4.339869281045751,0.9477124183006536,1012.0,3.30718954248366,33.76,-117.96,1.895
3.7734,22.0,4.781783681214422,1.0550284629981024,2126.0,4.03415559772296,33.76,-117.96,1.939
2.7986,14.0,4.586837294332724,1.117001828153565,1814.0,3.316270566727605,33.75,-117.96,1.761
4.1295,29.0,5.332361516034985,1.067055393586006,1703.0,4.965014577259475,33.76,-117.95,1.88
4.2386,27.0,4.915851272015655,0.9902152641878668,1861.0,3.6418786692759295,33.76,-117.94,1.842
3.7232,33.0,4.353474320241692,1.0181268882175227,1233.0,3.7250755287009065,33.76,-117.94,1.762
4.3512,24.0,4.976100628930817,1.021383647798742,3196.0,4.020125786163522,33.76,-117.95,1.914
4.015,30.0,5.017142857142857,1.0409523809523809,4480.0,4.266666666666667,33.75,-117.94,1.867
4.6167,25.0,5.777292576419214,0.9082969432314412,852.0,3.7205240174672487,33.75,-117.96,2.373
2.78,22.0,4.243542435424354,0.9944649446494463,1625.0,2.998154981549816,33.75,-117.96,1.963
5.1416,24.0,5.944281524926686,1.0498533724340176,1405.0,4.120234604105572,33.75,-117.95,2.314
4.0508,27.0,4.962318840579711,0.9420289855072465,1036.0,3.002898550724637,33.76,-117.97,1.839
3.9107,26.0,5.186728395061729,1.1141975308641976,2709.0,4.180555555555555,33.75,-117.97,1.907
3.75,32.0,5.393103448275862,0.9310344827586208,973.0,3.3551724137931034,33.75,-117.97,1.904
4.1577,24.0,4.484593837535014,0.984593837535014,3308.0,4.633053221288516,33.76,-117.93,1.741
4.2219,24.0,4.539473684210527,1.1151315789473684,1472.0,4.842105263157895,33.75,-117.93,1.628
3.5967,15.0,4.257391304347826,1.0469565217391303,1666.0,2.897391304347826,33.75,-117.93,1.416
3.371,17.0,4.04969696969697,0.9733333333333334,3381.0,4.098181818181819,33.76,-117.93,1.618
4.05,21.0,4.471317829457364,1.0263565891472868,2613.0,4.051162790697674,33.76,-117.93,1.779
3.3629,8.0,4.115044247787611,1.0584070796460177,1511.0,2.674336283185841,33.75,-117.92,1.375
4.0313,19.0,4.444444444444445,1.0902777777777777,1413.0,3.270833333333333,33.75,-117.92,1.475
4.4732,29.0,5.482978723404256,0.946808510638298,1849.0,3.934042553191489,33.77,-117.89,1.948
3.9613,35.0,5.17312661498708,0.9767441860465116,1726.0,4.459948320413437,33.77,-117.9,1.823
3.0902,26.0,4.168042010502625,1.048762190547637,4545.0,3.40960240060015,33.77,-117.91,1.904
3.8506,22.0,4.944845699277741,1.0302035456336178,5254.0,3.4497701904136573,33.76,-117.91,1.674
2.8438,26.0,4.6390532544378695,1.047337278106509,662.0,3.9171597633136095,33.76,-117.92,1.743
2.8594,20.0,4.151458137347131,1.118532455315146,4818.0,4.532455315145814,33.76,-117.91,2.151
2.6442,23.0,4.13425925925926,1.0324074074074074,1149.0,5.319444444444445,33.75,-117.92,1.563
3.0625,32.0,3.930348258706468,0.9900497512437813,1196.0,5.9502487562189055,33.75,-117.92,1.428
3.0635,8.0,3.4807121661721068,1.0074183976261128,3842.0,5.700296735905044,33.75,-117.91,1.6
3.9219,15.0,4.466666666666667,1.0444444444444445,677.0,2.5074074074074075,33.74,-117.93,1.426
3.1403,30.0,3.541755888650964,0.9293361884368307,1843.0,3.9464668094218416,33.74,-117.93,1.53
3.1773,13.0,4.165915238954013,1.1406672678088368,3385.0,3.052299368800721,33.74,-117.92,1.865
2.1838,18.0,3.578602620087336,1.0720524017467248,2513.0,5.486899563318778,33.74,-117.92,1.597
3.3846,15.0,2.930327868852459,0.8770491803278688,1394.0,5.713114754098361,33.74,-117.91,1.625
4.3882,24.0,5.082139446036294,1.0152817574021011,4011.0,3.830945558739255,33.74,-117.92,1.893
3.9816,27.0,4.928667563930014,1.1224764468371466,3009.0,4.049798115746972,33.73,-117.93,1.795
4.2222,24.0,5.323308270676692,1.0526315789473684,3118.0,3.907268170426065,33.74,-117.94,2.072
5.2563,24.0,5.878151260504202,1.0056022408963583,2468.0,3.456582633053221,33.73,-117.94,2.114
3.7162,16.0,4.91651865008881,1.0657193605683837,1182.0,2.099467140319716,33.74,-117.95,2.012
5.4485,25.0,5.685714285714286,0.9918367346938776,976.0,3.983673469387755,33.74,-117.95,2.252
4.1603,17.0,4.3907284768211925,0.9072847682119204,1401.0,3.0927152317880795,33.7,-117.98,1.605
4.4766,24.0,5.670761670761671,1.1400491400491402,1101.0,2.705159705159705,33.71,-117.98,2.3
3.6696,19.0,4.868811881188119,1.2054455445544554,1251.0,3.0965346534653464,33.71,-117.99,2.188
4.8611,26.0,5.176630434782608,1.013586956521739,1098.0,2.983695652173913,33.71,-117.98,2.296
6.0905,26.0,5.631147540983607,0.9590163934426228,731.0,2.9959016393442623,33.68,-117.96,2.248
4.7656,25.0,5.842565597667639,1.0174927113702623,1085.0,3.163265306122449,33.68,-117.96,2.307
2.3674,18.0,5.348453608247422,1.111340206185567,817.0,1.6845360824742268,33.68,-117.96,2.192
4.25,24.0,5.439899833055092,1.0676126878130217,3441.0,2.87228714524207,33.68,-117.96,1.521
5.7301,26.0,6.2444444444444445,0.9709401709401708,1930.0,3.299145299145299,33.68,-117.97,2.609
4.875,26.0,5.42911877394636,1.011494252873563,817.0,3.1302681992337167,33.69,-117.95,2.304
5.5312,27.0,5.623376623376624,0.9837662337662336,1115.0,3.6201298701298703,33.68,-117.95,2.392
3.6364,19.0,6.465408805031447,1.20125786163522,340.0,2.138364779874214,33.68,-117.95,2.528
3.0417,25.0,4.926605504587156,1.1712538226299694,554.0,1.694189602446483,33.67,-117.95,1.373
3.7315,22.0,4.638386648122392,1.0486787204450625,1500.0,2.086230876216968,33.65,-117.98,1.979
4.2159,18.0,5.705555555555556,1.1444444444444444,436.0,2.422222222222222,33.65,-117.98,2.113
3.8187,20.0,5.099173553719008,1.3636363636363635,792.0,2.1818181818181817,33.64,-117.98,1.375
4.2566,16.0,4.819444444444445,1.0555555555555556,784.0,2.1777777777777776,33.74,-117.97,1.392
3.599,18.0,5.707910750507099,1.0933062880324544,1439.0,2.918864097363083,33.74,-117.97,2.62
5.7121,27.0,6.335347432024169,0.9818731117824774,1217.0,3.676737160120846,33.73,-117.97,2.225
5.0875,26.0,6.07168458781362,0.931899641577061,885.0,3.172043010752688,33.73,-117.97,2.242
4.1484,19.0,4.655352480417754,1.08355091383812,1025.0,2.6762402088772848,33.74,-117.96,2.3
4.4728,17.0,6.042857142857143,1.0464285714285717,934.0,3.335714285714286,33.73,-117.92,2.058
3.9929,14.0,4.571047957371226,1.0497335701598578,3171.0,2.8161634103019537,33.73,-117.92,2.258
4.1366,10.0,4.38388625592417,1.132701421800948,1581.0,2.4976303317535544,33.71,-117.93,1.588
5.343,17.0,6.3180327868852455,1.0098360655737706,2585.0,2.8251366120218577,33.7,-117.95,2.319
5.6825,24.0,6.69921875,1.0703125,1601.0,3.126953125,33.71,-117.98,2.646
5.3737,26.0,6.211678832116788,0.9854014598540146,1337.0,3.2530413625304138,33.71,-117.97,2.529
4.0345,25.0,5.466124661246613,0.967479674796748,1063.0,2.880758807588076,33.7,-117.99,2.294
4.4148,17.0,5.856304985337244,0.997067448680352,952.0,2.791788856304985,33.7,-117.98,2.392
3.7479,17.0,5.084084084084084,1.0945945945945943,1715.0,2.575075075075075,33.69,-117.99,2.13
5.7117,16.0,5.774881516587678,1.037914691943128,986.0,2.3364928909952605,33.69,-117.98,2.472
3.4679,18.0,3.8483935742971886,1.0602409638554218,2192.0,2.200803212851405,33.73,-117.98,2.197
6.0494,24.0,5.175824175824176,1.0018315018315018,1738.0,3.183150183150183,33.72,-117.98,2.404
5.2655,28.0,5.532028469750889,0.998220640569395,1891.0,3.3647686832740216,33.72,-117.98,2.431
5.8252,7.0,5.144414168937329,1.0663033605812895,2493.0,2.2643051771117166,33.67,-117.98,2.647
2.8061,14.0,4.8798076923076925,1.0721153846153846,1974.0,1.5817307692307692,33.66,-117.97,1.803
5.5105,26.0,6.7053941908713695,1.2116182572614107,700.0,2.904564315352697,33.68,-117.97,2.321
3.5848,18.0,4.487804878048781,1.024390243902439,1047.0,2.3215077605321506,33.68,-117.99,1.869
4.2165,15.0,4.962085308056872,1.0489731437598735,1729.0,2.7314375987361768,33.67,-117.99,2.346
3.4899,14.0,4.29778933680104,1.093628088426528,2272.0,2.954486345903771,33.68,-117.99,2.167
3.5859,17.0,4.0,1.0094562647754135,903.0,2.1347517730496453,33.67,-117.99,2.625
3.2353,16.0,4.40282131661442,1.109717868338558,1260.0,1.974921630094044,33.66,-118.0,2.529
2.7614,18.0,3.4558058925476605,1.001733102253033,3031.0,5.253032928942807,33.71,-117.99,2.375
2.7865,17.0,3.703703703703704,1.0601851851851851,1803.0,4.173611111111111,33.71,-117.99,2.167
5.163,24.0,5.5,1.0116279069767442,2465.0,2.605708245243129,33.72,-118.03,2.61
4.6649,24.0,5.631703470031546,1.0488958990536277,3418.0,2.695583596214511,33.72,-118.04,2.378
3.8365,24.0,5.082125603864735,1.0169082125603863,1181.0,2.8526570048309177,33.73,-117.99,2.509
3.1912,20.0,3.8947368421052633,1.0820073439412483,1770.0,2.1664626682986534,33.73,-117.99,2.208
5.5514,26.0,6.618518518518519,1.0185185185185186,801.0,2.966666666666667,33.72,-117.99,2.557
4.2875,17.0,5.235514018691589,1.2130841121495326,1473.0,2.7532710280373838,33.72,-117.99,1.348
3.628,14.0,4.477894736842106,1.1305263157894736,1338.0,2.816842105263158,33.72,-117.99,1.885
4.625,13.0,4.671711292200233,1.0512223515715948,1999.0,2.3271245634458677,33.7,-117.99,2.488
5.3259,16.0,5.466666666666667,1.0888888888888888,886.0,3.2814814814814817,33.69,-117.99,2.164
4.7821,14.0,4.666666666666667,1.0882658359293873,2222.0,2.307372793354102,33.72,-118.04,1.694
4.1862,14.0,4.074695121951219,1.0472560975609757,1192.0,1.8170731707317076,33.72,-118.05,1.889
4.0238,15.0,3.849056603773585,1.0272536687631026,942.0,1.9748427672955973,33.72,-118.04,1.825
5.2589,17.0,4.6182266009852215,1.1625615763546795,900.0,2.2167487684729066,33.72,-118.05,2.261
3.8038,22.0,4.574324324324325,1.0734797297297298,2260.0,1.908783783783784,33.72,-118.05,1.745
2.925,26.0,4.302752293577981,1.0435779816513762,1499.0,3.438073394495413,33.76,-118.0,1.76
4.525,30.0,5.184049079754601,1.107361963190184,2269.0,3.4800613496932518,33.75,-118.01,1.86
2.7589,26.0,3.755434782608696,1.0516304347826086,1977.0,5.372282608695652,33.75,-118.0,1.375
4.25,27.0,5.17825311942959,1.0463458110516934,1781.0,3.1746880570409983,33.76,-118.02,2.148
5.7157,26.0,6.292631578947368,1.0084210526315789,1596.0,3.36,33.75,-118.02,2.312
5.742,25.0,5.886075949367089,1.0746835443037974,2503.0,3.168354430379747,33.76,-118.03,2.219
5.2001,16.0,6.118892508143323,1.0586319218241045,1291.0,2.1026058631921822,33.75,-118.04,2.356
5.3559,26.0,5.741496598639456,0.9546485260770976,1274.0,2.888888888888889,33.74,-118.04,2.358
6.128,26.0,6.457142857142857,1.0235294117647058,1961.0,3.295798319327731,33.74,-118.02,2.482
5.5599,26.0,6.21608040201005,1.0217755443886096,1902.0,3.185929648241206,33.73,-118.02,2.341
3.8158,24.0,5.006476683937824,1.038860103626943,2670.0,3.4585492227979278,33.75,-117.98,1.8
3.3438,37.0,4.630036630036631,1.0036630036630036,783.0,2.868131868131868,33.75,-117.98,1.996
3.0909,30.0,4.447368421052632,1.105263157894737,1314.0,3.1435406698564594,33.75,-117.99,1.844
4.7404,29.0,5.553225806451613,1.0241935483870968,2257.0,3.640322580645161,33.74,-117.98,2.075
4.506,26.0,5.500676589986468,1.0027063599458728,1960.0,2.6522327469553453,33.74,-117.99,2.4
4.375,17.0,5.318781725888325,1.0609137055837563,2440.0,2.4771573604060912,33.73,-117.99,2.481
3.1902,29.0,5.145098039215687,1.0470588235294118,922.0,3.615686274509804,33.77,-117.99,2.024
4.0194,28.0,5.05503144654088,1.0251572327044025,2066.0,3.248427672955975,33.76,-117.98,1.974
3.369,30.0,4.378830083565459,1.0083565459610029,1351.0,3.763231197771588,33.76,-117.99,1.909
1.9439,17.0,3.6409155937052935,1.0543633762517883,1468.0,2.100143061516452,33.76,-117.99,1.777
3.3125,22.0,4.069986541049798,1.0148048452220726,2357.0,3.172274562584118,33.75,-117.99,1.918
2.1375,23.0,3.276371308016877,1.0928270042194093,1988.0,4.194092827004219,33.76,-117.98,1.5
4.4545,24.0,4.497607655502392,0.9688995215311004,967.0,2.313397129186603,33.76,-117.98,1.925
5.1345,27.0,5.5,0.9741784037558684,1537.0,3.607981220657277,33.75,-117.98,2.106
5.1507,34.0,6.257396449704142,1.0414201183431953,1253.0,3.707100591715976,33.77,-118.02,2.075
5.0091,33.0,5.883771929824562,0.956140350877193,1520.0,3.333333333333333,33.77,-118.02,2.115
3.6289,25.0,4.568831168831169,1.0493506493506493,1404.0,3.646753246753247,33.76,-118.02,1.958
5.422,33.0,5.253787878787879,0.9015151515151516,890.0,3.371212121212121,33.77,-118.01,2.041
5.8362,32.0,6.511029411764706,1.088235294117647,995.0,3.6580882352941178,33.77,-118.01,2.175
3.9855,35.0,6.53627760252366,1.1009463722397477,1249.0,3.9400630914826498,33.76,-118.01,1.919
2.2981,26.0,3.65982905982906,1.0205128205128204,2038.0,3.483760683760684,33.76,-118.01,1.777
3.4327,24.0,5.015151515151516,1.0113636363636365,687.0,2.602272727272727,33.77,-118.0,1.928
3.0263,29.0,3.948207171314741,1.00199203187251,1426.0,2.8406374501992038,33.76,-118.0,1.942
3.5139,28.0,5.265350877192983,1.1030701754385963,1155.0,2.5328947368421053,33.77,-118.0,2.117
2.9083,14.0,3.6482084690553744,1.0390879478827362,982.0,3.198697068403909,33.76,-118.0,1.792
3.0625,12.0,3.74251497005988,0.9910179640718564,1047.0,3.134730538922156,33.76,-118.0,2.088
3.0,21.0,4.587454764776839,1.083232810615199,1511.0,1.8226779252110976,33.77,-118.03,2.212
5.2077,7.0,5.476635514018692,1.102803738317757,232.0,2.1682242990654204,33.77,-118.02,1.813
5.635,27.0,6.802721088435374,1.054421768707483,880.0,2.993197278911565,33.77,-118.03,2.189
5.8053,24.0,6.457627118644068,0.9813559322033898,1818.0,3.08135593220339,33.77,-118.03,2.559
5.0866,32.0,6.195426195426196,1.027027027027027,1370.0,2.8482328482328483,33.76,-118.03,2.235
5.8914,26.0,5.938616071428571,0.9921875,2932.0,3.2723214285714284,33.79,-118.03,2.376
4.1548,32.0,5.222585924713584,1.037643207855974,1718.0,2.811783960720131,33.79,-118.03,2.166
5.4372,30.0,6.227848101265823,1.020253164556962,1277.0,3.232911392405063,33.79,-118.01,2.232
5.5446,28.0,6.092057761732852,1.0090252707581226,1754.0,3.166064981949458,33.78,-118.02,2.289
5.9357,19.0,5.8584070796460175,1.0575221238938053,1160.0,2.566371681415929,33.78,-118.01,2.074
5.1061,26.0,6.714765100671141,1.0134228187919463,836.0,2.8053691275167787,33.78,-118.03,2.575
6.0,26.0,6.281501340482574,1.0107238605898123,1166.0,3.1260053619302948,33.78,-118.01,2.331
5.8426,26.0,6.400702987697716,0.9789103690685412,1623.0,2.8523725834797893,33.78,-118.04,2.594
5.7705,25.0,6.494755244755245,1.0052447552447552,1640.0,2.867132867132867,33.78,-118.04,2.471
6.1142,23.0,6.361638361638362,1.028971028971029,3281.0,3.277722277722278,33.79,-118.02,2.404
5.7837,23.0,6.607940446650124,1.066997518610422,1499.0,3.7196029776674937,33.79,-118.01,2.58
5.875,24.0,10.5,1.75,32.0,4.0,33.8,-118.02,1.938
5.32,16.0,6.186153846153847,1.0784615384615384,1488.0,2.289230769230769,33.8,-118.01,2.195
5.0261,33.0,5.640756302521009,0.9789915966386554,1359.0,2.8550420168067228,33.8,-118.04,2.451
4.8,21.0,4.60377358490566,1.0566037735849056,1215.0,2.547169811320755,33.8,-118.06,1.969
4.1379,22.0,4.683168316831683,1.094059405940594,1015.0,2.512376237623762,33.8,-118.06,2.125
3.6217,20.0,4.536184210526316,1.0953947368421053,937.0,3.0822368421052637,33.8,-118.06,1.953
3.6442,17.0,4.584586466165414,1.0413533834586466,1161.0,2.1823308270676693,33.8,-118.07,1.931
4.5395,21.0,5.866253321523472,1.0664304694419842,3193.0,2.828166519043401,33.84,-118.04,2.56
4.055,20.0,5.257950530035336,1.1024734982332156,972.0,3.4346289752650176,33.83,-118.04,2.019
5.123,25.0,5.841509433962264,1.0528301886792453,732.0,2.762264150943396,33.82,-118.05,1.596
4.5833,25.0,6.354216867469879,1.1132530120481927,965.0,2.325301204819277,33.82,-118.06,1.909
5.4216,25.0,6.428308823529412,0.9430147058823528,1839.0,3.380514705882353,33.81,-118.06,2.63
3.8792,22.0,4.715254237288136,1.1457627118644067,810.0,2.7457627118644066,33.8,-118.07,2.182
3.3155,21.0,4.503787878787879,1.0643939393939394,577.0,2.185606060606061,33.81,-118.08,2.375
5.6093,17.0,5.970967741935484,1.1161290322580646,770.0,2.4838709677419355,33.82,-118.03,2.444
3.6815,17.0,4.765864332603939,1.0437636761487965,1077.0,2.3566739606126914,33.82,-118.03,2.453
4.7466,19.0,5.765661252900232,1.013921113689095,1286.0,2.983758700696056,33.82,-118.02,2.583
3.2933,16.0,3.927586206896552,1.1310344827586207,665.0,2.293103448275862,33.83,-118.02,2.6
4.225,34.0,4.635311143270623,0.9450072358900145,2072.0,2.9985528219971056,33.83,-118.03,1.984
4.625,25.0,5.952848722986247,1.0451866404715129,1668.0,3.277013752455796,33.83,-118.03,2.296
3.175,25.0,4.173913043478261,1.059782608695652,529.0,2.875,33.83,-118.03,1.328
4.53,22.0,5.181194906953967,1.0323212536728696,2812.0,2.754162585700294,33.83,-118.06,2.264
3.8512,17.0,3.93812375249501,1.029940119760479,1112.0,2.219560878243513,33.83,-118.06,1.638
4.6458,24.0,6.24294670846395,1.0579937304075235,1568.0,2.457680250783699,33.82,-118.06,2.134
5.8527,22.0,6.309486780715397,0.9704510108864696,2204.0,3.4276827371695178,33.81,-118.04,2.41
5.6846,27.0,6.016096579476861,1.0362173038229376,1849.0,3.720321931589537,33.81,-118.04,2.161
5.2542,26.0,5.6066666666666665,0.9711111111111111,1377.0,3.06,33.81,-118.05,2.346
5.7089,26.0,6.694290976058932,1.0441988950276244,1779.0,3.276243093922652,33.81,-118.03,2.374
4.9803,29.0,5.33378196500673,1.0390309555854644,2104.0,2.831763122476447,33.83,-118.01,2.086
3.9628,29.0,5.862068965517241,1.0830721003134796,1724.0,2.7021943573667717,33.84,-118.01,2.156
4.0156,28.0,4.646987951807229,1.0325301204819275,2328.0,2.8048192771084337,33.84,-118.03,1.96
3.1497,26.0,4.404384896467723,1.0864799025578562,2257.0,2.749086479902558,33.83,-118.02,2.176
3.7885,21.0,4.75,1.0555555555555556,1173.0,2.7152777777777777,33.82,-118.02,2.045
4.1591,10.0,5.623376623376624,1.2886002886002883,1992.0,2.8744588744588744,33.82,-118.01,1.923
4.4583,18.0,4.918309859154929,1.0169014084507042,3032.0,2.846948356807512,33.81,-118.01,1.901
5.1155,34.0,5.43213728549142,0.9578783151326054,2227.0,3.4742589703588145,33.81,-118.02,2.009
5.6677,26.0,5.944162436548224,0.9720812182741116,1290.0,3.274111675126904,33.86,-118.02,2.207
5.3416,31.0,5.444759206798867,0.9320113314447592,1030.0,2.917847025495751,33.85,-118.02,2.13
4.0865,30.0,5.132743362831858,0.991150442477876,1434.0,3.172566371681416,33.85,-118.03,2.037
3.9156,23.0,5.473107569721115,1.1364541832669324,2873.0,2.8615537848605577,33.85,-118.03,2.241
3.8864,29.0,5.16,1.1175,1265.0,3.1625,33.85,-118.01,2.093
4.6326,29.0,4.7828125,0.95625,2396.0,3.74375,33.85,-118.01,1.952
4.5083,34.0,5.233009708737864,0.9951456310679612,575.0,2.79126213592233,33.85,-118.0,1.88
3.4306,29.0,5.7388059701492535,1.1243781094527363,1218.0,3.029850746268657,33.86,-118.01,1.942
4.5,28.0,5.102117061021171,1.0435865504358657,2112.0,2.6301369863013697,33.84,-118.01,2.021
5.1775,35.0,5.875881523272215,1.005641748942172,2354.0,3.3201692524682653,33.84,-118.01,2.134
4.4821,35.0,5.987931034482759,0.9706896551724138,2091.0,3.605172413793104,33.84,-118.02,2.141
5.4746,30.0,5.998745294855709,1.0426599749058971,2568.0,3.2220828105395234,33.84,-118.03,2.264
3.4167,36.0,5.19634703196347,1.0410958904109588,725.0,3.310502283105023,33.86,-117.99,1.872
4.9777,34.0,6.407894736842105,1.006578947368421,957.0,3.148026315789474,33.85,-117.99,2.126
4.0455,33.0,5.069135802469136,1.0320987654320988,1154.0,2.8493827160493828,33.85,-118.0,1.972
3.875,32.0,6.52808988764045,1.101123595505618,563.0,3.162921348314607,33.86,-118.0,2.03
5.2548,35.0,6.018115942028985,0.9855072463768116,949.0,3.438405797101449,33.85,-117.99,1.926
5.103,34.0,5.90625,0.9744318181818182,1379.0,3.917613636363636,33.84,-117.99,2.07
4.0039,30.0,5.180602006688964,1.0869565217391304,885.0,2.959866220735786,33.84,-118.0,1.951
2.8169,29.0,4.266558966074314,1.0290791599353797,2413.0,3.898222940226171,33.84,-118.0,1.651
3.139,25.0,4.240480961923848,1.0788243152972612,4188.0,2.7975951903807617,33.87,-118.01,1.857
3.0252,20.0,4.041095890410959,1.0342465753424657,2898.0,3.308219178082192,33.86,-117.99,1.78
4.2422,15.0,4.3605313092979125,1.0759013282732448,1261.0,2.3927893738140416,33.88,-117.99,1.594
3.9559,42.0,4.6528662420382165,0.961783439490446,986.0,3.140127388535032,33.88,-117.99,1.611
2.735,18.0,4.049306625577812,1.1093990755007703,2276.0,3.50693374422188,33.88,-118.0,1.708
3.1205,16.0,3.728476821192053,1.1015452538631347,1260.0,2.781456953642384,33.87,-117.99,1.74
2.95,13.0,4.515151515151516,1.1774891774891776,1356.0,2.935064935064935,33.87,-118.0,1.656
3.0147,17.0,4.362616822429906,1.0037383177570094,1662.0,3.1065420560747663,33.87,-117.99,2.17
3.59,34.0,4.257731958762887,1.0549828178694158,869.0,2.986254295532646,33.87,-117.99,1.619
2.9,20.0,4.083333333333333,1.0851063829787233,1607.0,2.849290780141844,33.86,-117.99,1.761
6.6704,25.0,6.829317269076305,1.022088353413655,1503.0,3.0180722891566263,33.88,-117.99,2.406
4.5033,21.0,5.258097165991903,1.0323886639676114,2539.0,2.5698380566801617,33.89,-117.99,1.605
5.1315,17.0,5.460176991150442,1.0147492625368733,764.0,2.253687315634218,33.89,-117.97,1.818
2.8649,17.0,4.223300970873787,1.0800970873786409,1158.0,2.8106796116504853,33.89,-117.97,1.375
5.0731,9.0,5.071698113207547,1.0528301886792453,530.0,2.0,33.88,-117.97,1.851
6.2427,11.0,6.161016949152542,1.0466101694915255,635.0,2.690677966101695,33.88,-117.97,2.185
1.7083,33.0,20.097826086956523,4.173913043478261,218.0,2.369565217391304,39.17,-120.1,1.438
2.1987,30.0,24.024193548387096,4.701612903225806,316.0,2.548387096774193,39.09,-120.06,1.24
1.1912,22.0,52.69047619047619,8.857142857142858,98.0,2.333333333333333,39.15,-120.06,1.7
4.1316,15.0,28.23684210526316,4.75,197.0,2.5921052631578947,39.12,-120.2,2.0
3.0375,25.0,18.71551724137931,3.327586206896552,248.0,2.1379310344827585,39.14,-120.18,1.719
3.9722,21.0,17.25,3.1944444444444446,309.0,2.145833333333333,39.14,-120.16,1.278
3.6563,18.0,10.447852760736197,2.208588957055215,354.0,2.1717791411042944,39.17,-120.18,1.469
2.9125,32.0,8.057416267942584,1.7177033492822966,454.0,2.172248803827751,39.17,-120.15,1.458
5.75,25.0,21.397435897435894,4.461538461538462,163.0,2.08974358974359,39.15,-120.15,1.766
3.5667,17.0,15.02116402116402,2.7777777777777777,390.0,2.063492063492064,39.18,-120.12,1.792
3.9375,17.0,18.5,3.0125,202.0,2.525,39.19,-120.1,2.132
3.087,20.0,9.78735632183908,1.6896551724137931,409.0,2.3505747126436782,39.2,-120.1,1.969
4.5795,18.0,13.858024691358024,2.419753086419753,421.0,2.598765432098765,39.21,-120.11,1.583
3.1193,21.0,20.03333333333333,3.826666666666666,385.0,2.566666666666667,39.24,-120.11,1.533
4.8182,19.0,16.78846153846154,2.9423076923076925,251.0,2.4134615384615383,39.23,-120.08,1.469
4.962,20.0,24.532894736842103,4.039473684210527,365.0,2.401315789473684,39.24,-120.07,1.695
3.01,21.0,10.553648068669528,2.253218884120172,584.0,2.506437768240344,39.25,-120.06,1.635
2.65,30.0,11.12206572769953,2.2018779342723005,510.0,2.3943661971830985,39.24,-120.04,1.238
4.1364,24.0,23.54736842105263,5.168421052631579,264.0,2.778947368421053,39.27,-120.04,1.545
1.8269,32.0,4.445544554455446,1.465346534653465,825.0,2.722772277227723,39.24,-120.02,2.25
2.6023,26.0,13.985507246376812,2.833333333333333,307.0,2.2246376811594204,39.26,-120.01,1.393
3.653,13.0,6.418196994991653,1.181135225375626,3264.0,2.7245409015025044,38.98,-120.91,1.468
2.5373,18.0,4.734887108521486,1.031318281136198,2954.0,2.1514930808448653,38.91,-121.06,1.43
2.4273,27.0,4.846262341325811,1.0648801128349787,1568.0,2.211565585331453,38.9,-121.08,1.384
4.2917,17.0,6.222493887530562,1.0464547677261613,3096.0,2.5232273838630808,38.88,-121.06,1.843
2.6701,41.0,4.8887323943661976,1.06056338028169,1680.0,2.3661971830985915,38.89,-121.08,1.39
1.7375,52.0,4.81203007518797,1.056390977443609,523.0,1.966165413533835,38.9,-121.07,1.222
5.2903,20.0,6.550161812297735,1.0129449838187703,879.0,2.8446601941747574,38.89,-121.15,2.394
3.3802,17.0,5.756559766763848,1.0451895043731778,1683.0,2.4533527696793005,38.86,-121.12,2.165
3.0917,48.0,6.059139784946237,1.010752688172043,530.0,2.849462365591398,38.87,-121.13,1.281
4.2723,23.0,5.531772575250836,1.0,787.0,2.632107023411371,38.91,-121.15,1.931
6.0,10.0,6.4498714652956295,1.0848329048843188,1037.0,2.665809768637532,38.85,-121.08,2.201
5.1721,17.0,7.501118568232662,1.0357941834451905,1417.0,3.170022371364653,38.74,-121.16,2.371
4.2143,22.0,6.425233644859813,1.0116822429906542,1161.0,2.7126168224299065,38.84,-121.14,2.365
5.07,22.0,6.532374100719425,1.0,832.0,2.9928057553956835,38.82,-121.14,2.33
4.1685,20.0,6.70063694267516,1.178343949044586,745.0,2.372611464968153,38.8,-121.15,2.175
5.1857,18.0,6.274074074074074,1.022222222222222,1276.0,3.150617283950617,38.8,-121.18,2.201
3.1583,16.0,5.622377622377623,1.034965034965035,792.0,2.769230769230769,38.76,-121.21,2.392
4.3962,11.0,7.306581059390048,1.0256821829855538,2006.0,3.219903691813804,38.75,-121.21,2.644
4.7941,16.0,6.543123543123543,1.06993006993007,1201.0,2.7995337995337994,38.75,-121.18,2.476
5.4896,5.0,7.061051004636785,1.0571870170015456,3667.0,2.833848531684698,38.75,-121.24,2.296
4.9,12.0,6.56648451730419,1.0491803278688523,1556.0,2.8342440801457194,38.72,-121.24,2.037
2.6065,19.0,5.648175182481752,1.294890510948905,2086.0,3.045255474452554,38.74,-121.27,1.549
5.3451,14.0,6.153703703703704,0.924074074074074,1527.0,2.827777777777778,38.73,-121.26,1.721
3.3941,22.0,5.4506079027355625,0.9984802431610942,3526.0,2.679331306990881,38.74,-121.26,1.359
6.0804,6.0,7.034690799396682,0.971342383107089,2105.0,3.1749622926093517,38.72,-121.27,1.987
4.485,10.0,6.434129089301504,1.032714412024757,3507.0,3.1007957559681696,38.72,-121.25,1.794
2.5083,21.0,4.604784688995215,1.0688995215311006,1985.0,1.8995215311004785,38.75,-121.27,1.285
4.05,33.0,5.556400506970849,0.9860583016476552,1775.0,2.249683143219265,38.74,-121.28,1.347
3.6455,9.0,5.328859060402684,1.0536912751677852,2717.0,2.604985618408437,38.73,-121.3,1.392
3.141,21.0,5.481751824817518,1.0121654501216546,1050.0,2.554744525547445,38.73,-121.36,2.201
4.3897,14.0,6.245689655172414,0.9827586206896552,670.0,2.8879310344827585,38.74,-121.32,1.863
4.0519,7.0,5.927762039660057,1.0623229461756374,2147.0,3.0410764872521248,38.75,-121.31,1.292
4.2259,3.0,6.495501285347044,1.143637532133676,8361.0,2.6866966580976865,38.77,-121.33,1.693
6.0097,12.0,7.047058823529412,1.0235294117647058,443.0,2.6058823529411765,38.76,-121.29,1.875
5.8718,6.0,6.505962521294719,0.9369676320272572,1738.0,2.9608177172061327,38.77,-121.28,2.014
3.816,7.0,5.658705216844751,1.0930232558139534,4445.0,2.793840351979887,38.8,-121.28,1.479
3.5288,11.0,5.016260162601626,0.9539295392953928,1049.0,2.8428184281842817,38.78,-121.24,1.411
0.8691,18.0,4.036764705882353,1.0514705882352942,249.0,1.8308823529411764,38.78,-121.24,1.365
2.0807,13.0,4.869731800766283,1.1123882503192848,1513.0,1.9323116219667944,38.78,-121.23,1.426
6.3914,8.0,8.356968215158924,1.256723716381418,1312.0,3.207823960880196,38.78,-121.22,2.18
5.4498,5.0,7.749051833122629,1.038558786346397,4819.0,3.0461441213653604,38.82,-121.24,2.173
5.5205,14.0,7.225531914893617,1.0340425531914894,1974.0,2.8,38.8,-121.25,1.887
3.7904,15.0,6.109813084112149,1.133177570093458,1063.0,2.483644859813084,38.79,-121.24,1.732
3.5265,11.0,5.285115303983228,1.0922431865828093,1390.0,2.914046121593292,38.8,-121.22,1.248
6.0,20.0,6.007707129094412,0.9633911368015414,1405.0,2.7071290944123314,38.87,-121.19,2.094
3.5607,21.0,6.12106135986733,1.0613598673300166,1758.0,2.915422885572139,38.83,-121.21,1.519
4.4085,8.0,5.745810055865922,0.9916201117318436,2268.0,3.1675977653631286,38.85,-121.19,1.394
2.9484,15.0,5.575155279503106,1.067080745341615,2114.0,2.626086956521739,38.83,-121.18,1.244
4.0862,19.0,6.047457627118644,1.0949152542372882,1714.0,2.905084745762712,38.85,-121.39,1.627
4.0282,16.0,5.842592592592593,1.0018518518518518,1630.0,3.0185185185185186,39.0,-121.3,1.264
4.4958,19.0,5.8997668997669,1.0745920745920745,1206.0,2.8111888111888117,38.92,-121.22,1.926
4.4769,16.0,5.8655462184873945,1.0028011204481793,1092.0,3.0588235294117645,38.87,-121.27,1.914
4.6771,16.0,6.919732441471572,1.0434782608695652,889.0,2.9732441471571907,38.92,-121.14,2.12
3.0321,21.0,4.731082654249127,1.0139697322467986,1847.0,2.150174621653085,38.92,-121.1,1.355
4.0679,24.0,6.347394540942928,1.0496277915632757,1149.0,2.8511166253101736,38.91,-121.11,1.905
1.0179,42.0,3.6607142857142856,1.0446428571428572,706.0,6.303571428571429,38.94,-121.1,1.25
4.515,15.0,6.379061371841155,1.063778580024067,2335.0,2.809867629362214,38.92,-121.07,1.64
3.3021,34.0,5.671957671957672,0.984126984126984,899.0,2.378306878306878,38.92,-121.05,1.588
4.3553,15.0,6.095588235294118,1.0161764705882352,1872.0,2.752941176470588,39.0,-121.15,2.206
4.5129,16.0,6.174757281553398,1.046116504854369,1199.0,2.9101941747572817,38.95,-121.19,1.963
1.8238,14.0,4.606635071090047,1.0545023696682465,1830.0,2.1682464454976302,38.95,-121.11,1.586
4.7019,14.0,6.143631436314363,0.962059620596206,1140.0,3.089430894308943,38.98,-121.06,2.128
4.8214,12.0,7.207843137254902,1.0784313725490196,1572.0,3.0823529411764707,38.97,-121.05,2.019
5.2536,13.0,6.35064935064935,0.9567099567099568,688.0,2.9783549783549783,38.97,-121.09,1.919
5.0126,16.0,5.9144385026737964,1.0427807486631016,505.0,2.700534759358289,39.0,-121.1,1.923
2.7463,18.0,5.122015915119364,1.0079575596816976,1271.0,3.3713527851458887,38.95,-121.08,1.561
2.4278,14.0,5.338790931989925,1.0377833753148615,1729.0,2.177581863979849,38.93,-121.08,1.677
4.7143,14.0,5.757575757575758,0.98989898989899,839.0,2.824915824915825,38.94,-121.07,1.507
2.75,22.0,4.744471744471745,1.0933660933660934,1009.0,2.479115479115479,38.95,-121.04,1.532
2.3696,17.0,5.765743073047859,1.1335012594458438,1182.0,2.977329974811083,39.04,-120.99,1.668
3.6354,17.0,5.471061093247588,1.062700964630225,1540.0,2.4758842443729905,38.99,-120.98,1.629
4.8051,21.0,5.857142857142857,1.053391053391053,1874.0,2.704184704184704,39.0,-121.04,1.743
3.9734,17.0,6.215584415584416,1.0376623376623375,2066.0,2.6831168831168832,39.01,-121.02,1.854
3.9196,25.0,7.214477211796247,1.6032171581769437,964.0,2.584450402144772,39.18,-120.87,1.427
2.8603,17.0,6.427561837455831,1.3745583038869258,736.0,2.6007067137809186,39.15,-120.87,1.289
3.0,16.0,41.333333333333336,8.476190476190476,44.0,2.095238095238096,39.3,-120.33,1.75
4.0819,14.0,39.75590551181102,6.082677165354331,701.0,2.75984251968504,39.28,-120.18,1.413
3.3699,22.0,23.39660056657224,3.991501416430595,845.0,2.3937677053824364,39.2,-120.22,2.44
2.5326,24.0,5.532085561497326,1.1657754010695187,909.0,2.43048128342246,39.12,-120.96,1.391
3.0403,20.0,5.607361963190184,1.1116564417177914,2125.0,2.607361963190184,39.08,-120.98,1.48
3.1972,8.0,5.685325264750378,1.0847201210287445,1744.0,2.638426626323752,39.05,-120.94,1.515
2.2019,15.0,10.813218390804598,2.2528735632183907,717.0,2.060344827586207,39.72,-120.66,1.305
3.9583,9.0,16.024590163934427,3.262295081967213,294.0,2.4098360655737703,39.82,-120.74,1.265
5.8453,10.0,15.115384615384617,2.230769230769231,247.0,2.375,40.23,-121.19,1.938
1.6944,11.0,21.37209302325581,4.627906976744186,69.0,1.6046511627906976,40.19,-121.08,1.375
3.4844,23.0,13.258823529411766,2.647058823529412,215.0,2.5294117647058822,40.23,-121.06,1.438
3.3462,14.0,18.348754448398576,3.131672597864769,616.0,2.192170818505338,40.25,-121.15,1.452
3.6415,15.0,7.491891891891892,1.335135135135135,703.0,3.8,34.01,-117.37,1.242
3.3687,45.0,5.594174757281554,0.9980582524271844,1470.0,2.854368932038835,34.0,-117.38,1.238
2.7054,52.0,5.741214057507987,1.060702875399361,905.0,2.891373801916933,33.99,-117.38,1.417
3.145,37.0,5.3478260869565215,1.034324942791762,948.0,2.1693363844393594,33.98,-117.39,1.691
3.0694,24.0,5.21978021978022,1.0054945054945057,383.0,2.1043956043956045,33.97,-117.41,1.25
1.6389,29.0,4.573122529644269,1.173913043478261,2027.0,8.011857707509881,33.97,-117.38,1.55
2.1528,10.0,3.4516129032258065,0.946236559139785,462.0,2.4838709677419355,33.98,-117.38,1.625
2.025,52.0,8.375,1.8333333333333333,130.0,5.416666666666667,33.98,-117.37,1.25
3.024,27.0,4.725536992840095,1.0572792362768495,2807.0,3.3496420047732696,33.97,-117.35,1.225
7.2519,33.0,7.526515151515151,1.0378787878787878,1398.0,2.647727272727273,33.96,-117.37,2.166
8.2405,25.0,7.630573248407643,1.0063694267515924,951.0,3.0286624203821657,33.96,-117.35,2.352
7.6632,28.0,7.819905213270142,0.995260663507109,557.0,2.639810426540284,33.95,-117.35,2.048
6.6635,14.0,7.50080775444265,1.0250403877221326,3565.0,2.879644588045234,33.94,-117.37,2.196
4.3176,52.0,6.251417769376181,1.0453686200378072,1269.0,2.398865784499055,33.97,-117.39,1.362
2.6895,30.0,5.091379310344828,1.2120689655172414,1406.0,2.424137931034483,33.97,-117.38,1.5
3.2917,52.0,5.564245810055866,0.9636871508379888,948.0,2.64804469273743,33.96,-117.39,1.293
3.575,51.0,6.060402684563758,1.080536912751678,709.0,2.379194630872483,33.96,-117.4,1.255
5.0194,38.0,5.961206896551724,1.0258620689655171,649.0,2.7974137931034484,33.97,-117.4,1.489
3.8618,41.0,6.345724907063197,1.0260223048327135,660.0,2.453531598513011,33.97,-117.4,1.348
3.864,24.0,5.444714459295262,1.094775212636695,2398.0,2.913730255164034,33.96,-117.41,1.234
4.337,34.0,5.953727506426735,0.9383033419023136,956.0,2.4575835475578405,33.97,-117.41,1.578
2.9583,37.0,5.2,0.9278688524590164,675.0,2.2131147540983607,33.95,-117.41,1.321
3.0542,37.0,5.094076655052265,0.8954703832752613,849.0,2.9581881533101044,33.95,-117.41,1.239
3.4491,30.0,5.483478260869565,1.0834782608695652,1544.0,2.685217391304348,33.96,-117.38,1.338
3.1667,36.0,5.267175572519084,1.0267175572519085,598.0,2.282442748091603,33.95,-117.39,1.229
4.125,35.0,5.571428571428571,0.989547038327526,721.0,2.5121951219512195,33.95,-117.39,1.207
1.1601,43.0,4.688888888888889,1.2296296296296296,292.0,2.162962962962963,33.95,-117.4,1.214
4.3542,32.0,7.122186495176849,1.1286173633440515,771.0,2.4790996784565915,33.95,-117.37,1.426
4.0966,20.0,5.780068728522337,1.0171821305841924,706.0,2.4261168384879723,33.94,-117.37,1.401
4.0625,21.0,6.41038961038961,0.987012987012987,1164.0,3.0233766233766235,33.94,-117.38,1.368
4.8333,26.0,6.214432989690722,1.0185567010309278,1832.0,3.777319587628866,33.93,-117.39,1.279
3.1795,32.0,4.889830508474576,1.0084745762711864,1509.0,2.557627118644068,33.93,-117.42,1.256
2.1865,15.0,3.9,1.103225806451613,3012.0,2.4290322580645163,33.93,-117.43,1.293
3.9128,30.0,5.90138067061144,1.017751479289941,1521.0,3.0,33.94,-117.44,1.269
4.375,33.0,6.039647577092511,1.039647577092511,715.0,3.149779735682819,33.93,-117.44,1.299
3.7333,29.0,5.590361445783133,1.016867469879518,1358.0,3.272289156626506,33.91,-117.45,1.214
4.2788,23.0,5.767352185089974,0.9691516709511568,2609.0,3.353470437017995,33.9,-117.44,1.487
4.3222,15.0,6.361247216035634,1.1184855233853006,7540.0,3.3585746102449887,33.91,-117.43,1.38
7.7197,4.0,6.153846153846154,0.7692307692307693,55.0,4.230769230769231,33.89,-117.42,1.938
4.2321,9.0,6.357808857808858,1.027972027972028,3015.0,3.513986013986014,34.02,-117.42,1.628
4.2589,21.0,6.487684729064039,1.0369458128078817,1376.0,3.3891625615763545,33.98,-117.43,1.522
4.5625,12.0,6.6796246648793565,1.0167560321715818,5008.0,3.35656836461126,33.99,-117.44,1.713
4.4063,15.0,6.104430379746836,1.0031645569620251,1237.0,3.914556962025317,34.0,-117.5,1.285
4.8371,17.0,6.087053571428571,1.03125,1691.0,3.774553571428572,33.98,-117.49,1.606
4.2099,21.0,6.283464566929134,1.0918635170603674,1291.0,3.388451443569554,33.98,-117.5,1.387
4.9886,8.0,7.050669772859639,1.1141525917297612,5810.0,3.3838089691322075,33.98,-117.47,1.581
4.369,23.0,5.154639175257732,0.9690721649484536,1361.0,3.5077319587628866,34.01,-117.48,1.211
4.4545,21.0,5.8375,1.153125,2021.0,3.1578125,34.02,-117.49,1.424
2.1764,24.0,4.407365439093485,1.0396600566572238,3996.0,2.2640226628895186,34.02,-117.51,1.353
3.8529,12.0,5.95326278659612,1.0167548500881831,3266.0,2.880070546737213,34.0,-117.48,1.455
3.2067,36.0,5.641369047619048,1.1101190476190477,2258.0,3.3601190476190474,34.0,-117.51,1.247
5.2759,14.0,6.50143815915628,0.986097794822627,7600.0,3.6433365292425695,33.99,-117.52,1.829
3.8906,34.0,5.95852534562212,0.9907834101382488,774.0,3.566820276497696,33.97,-117.53,1.41
4.0833,29.0,5.053003533568905,0.9646643109540636,872.0,3.081272084805654,33.97,-117.53,1.41
3.6691,35.0,6.175438596491228,1.087719298245614,184.0,3.2280701754385963,33.97,-117.51,1.375
3.1859,26.0,5.838323353293413,1.1477045908183632,1921.0,3.834331337325349,33.94,-117.6,1.531
4.2263,21.0,6.5606936416184976,1.0809248554913296,2834.0,3.276300578034682,33.94,-117.53,2.032
4.4762,30.0,6.247685185185185,1.0717592592592593,2672.0,3.092592592592593,33.94,-117.55,1.639
1.625,29.0,6.65,1.05,136.0,3.4,33.94,-117.56,1.643
7.0215,6.0,6.534090909090909,0.8295454545454546,318.0,3.613636363636364,33.94,-117.56,2.571
5.9333,17.0,6.917748917748917,0.961038961038961,1581.0,3.4220779220779223,33.95,-117.55,2.294
5.4872,7.0,6.774685222001326,0.9880715705765408,5205.0,3.4493041749502984,33.91,-117.59,2.034
3.5525,7.0,5.273611111111111,1.1805555555555556,2369.0,3.290277777777778,33.9,-117.57,1.376
2.3417,16.0,3.9375,1.0511363636363635,365.0,2.073863636363636,33.89,-117.56,1.917
5.6973,25.0,6.548034934497816,0.9585152838427948,1396.0,3.0480349344978164,33.89,-117.55,1.648
5.1695,2.0,7.299228583028826,1.3061307348761673,7305.0,2.9658952496954933,33.89,-117.52,2.208
7.2379,15.0,6.472222222222222,0.9409722222222222,1006.0,3.493055555555556,33.91,-117.6,2.51
4.1865,25.0,6.03139534883721,1.086046511627907,2725.0,3.1686046511627906,33.93,-117.55,1.543
4.8167,24.0,5.514734774066798,0.9842829076620824,1653.0,3.2475442043222005,33.92,-117.55,1.633
3.4459,21.0,5.990228013029316,1.0553745928338762,871.0,2.8371335504885997,33.9,-117.55,1.988
6.1561,12.0,10.043859649122806,1.399122807017544,728.0,3.192982456140351,33.92,-117.53,2.335
6.155,16.0,6.998316498316498,0.9865319865319864,2036.0,3.427609427609428,33.92,-117.58,2.464
5.3735,22.0,7.237569060773481,1.0939226519337018,1324.0,3.657458563535912,33.91,-117.57,2.146
7.8118,17.0,7.3478260869565215,1.0217391304347827,200.0,4.3478260869565215,33.93,-117.59,2.442
4.3723,19.0,5.956030150753769,1.048994974874372,2903.0,3.646984924623116,33.93,-117.5,1.356
3.2857,17.0,5.730769230769231,1.0897435897435896,3754.0,4.010683760683761,33.91,-117.49,1.391
4.55,28.0,6.037356321839081,0.9683908045977012,1061.0,3.0488505747126435,33.92,-117.5,1.468
4.9984,12.0,6.18805765271105,1.0199039121482498,4285.0,2.940974605353466,33.95,-117.51,1.691
4.1264,15.0,5.539007092198582,1.107269503546099,3795.0,3.36436170212766,33.95,-117.47,1.246
4.2985,12.0,5.720577617328519,1.0613718411552346,4861.0,3.5097472924187727,33.96,-117.5,1.392
4.8214,29.0,5.418604651162791,0.8895348837209303,711.0,4.133720930232558,33.95,-117.5,1.434
4.0256,28.0,5.967880085653105,1.0492505353319057,1684.0,3.605995717344754,33.94,-117.49,1.271
3.7431,19.0,6.240208877284595,1.1240208877284594,3043.0,3.972584856396866,33.93,-117.46,1.328
3.5208,21.0,5.02112676056338,1.0,476.0,3.352112676056338,33.92,-117.46,1.211
2.6776,31.0,4.868888888888889,1.02,1564.0,3.475555555555556,33.93,-117.48,1.22
3.6583,18.0,5.329201101928375,1.064738292011019,2500.0,3.443526170798898,33.92,-117.47,1.261
3.9522,26.0,5.32258064516129,1.032258064516129,2156.0,3.8637992831541217,33.93,-117.49,1.246
2.2241,21.0,5.218236173393124,1.1360239162929746,1920.0,2.8699551569506725,33.91,-117.47,1.273
3.3187,10.0,5.292391304347826,1.1576086956521738,4936.0,2.6826086956521737,33.9,-117.46,1.448
4.7295,14.0,5.60377358490566,0.969811320754717,6295.0,3.393530997304582,33.89,-117.48,1.499
3.6071,7.0,4.887774594078319,1.0687679083094557,5271.0,2.517191977077364,33.9,-117.49,1.591
4.2207,22.0,5.563944530046225,1.0261941448382126,1869.0,2.879815100154083,33.91,-117.48,1.411
4.0556,16.0,4.979779411764706,0.9237132352941176,2690.0,2.4724264705882355,33.89,-117.51,1.58
4.131,24.0,5.397163120567376,1.0673758865248226,2541.0,4.50531914893617,33.88,-117.51,1.238
5.0493,4.0,7.947058823529412,1.1964705882352942,2866.0,3.3717647058823528,33.87,-117.5,2.398
2.2197,33.0,4.325,1.0770833333333334,1374.0,2.8625,33.87,-117.57,1.382
2.3333,37.0,4.6,1.1555555555555554,443.0,3.2814814814814817,33.87,-117.57,1.228
5.1929,27.0,6.424460431654676,1.0323741007194245,939.0,3.3776978417266186,33.87,-117.57,1.65
5.0464,17.0,6.0130151843817785,0.9739696312364424,1685.0,3.6550976138828633,33.87,-117.58,1.639
3.2917,30.0,5.608,1.048,356.0,2.848,33.87,-117.58,1.443
3.5313,34.0,5.701886792452831,1.0264150943396226,773.0,2.916981132075472,33.87,-117.58,1.421
4.8686,4.0,6.293711656441718,1.052914110429448,3887.0,2.980828220858896,33.85,-117.55,1.953
5.2861,6.0,6.435957696827262,1.034077555816686,8222.0,3.220524872698786,33.85,-117.58,1.951
4.125,6.0,7.214285714285714,1.0357142857142858,75.0,2.6785714285714284,33.82,-117.54,2.167
5.3006,9.0,7.329596412556054,1.0706278026905829,2928.0,3.282511210762332,33.85,-117.6,2.214
5.2898,25.0,6.722007722007722,1.028957528957529,3240.0,3.1274131274131274,33.86,-117.56,1.771
3.9414,18.0,5.366754617414248,1.0448548812664908,4976.0,3.282321899736148,33.87,-117.55,1.371
5.536,13.0,6.119174942704355,1.0435446906035142,3920.0,2.9946524064171123,33.88,-117.64,2.048
4.2721,18.0,5.795148247978437,1.0467205750224615,3716.0,3.338724168912848,33.87,-117.6,1.503
5.195,23.0,6.182389937106918,0.9916142557651992,1671.0,3.50314465408805,33.86,-117.6,1.61
3.4419,15.0,5.389399293286219,1.1095406360424027,3823.0,2.701766784452297,33.87,-117.6,1.381
6.2308,2.0,8.801007556675064,1.3738035264483628,5964.0,3.004534005037784,33.87,-117.64,2.579
4.46,22.0,5.947890818858561,0.9925558312655088,1347.0,3.3424317617866004,33.83,-117.52,1.898
5.5362,7.0,7.067741935483871,1.0451612903225806,1156.0,3.729032258064516,33.83,-117.53,1.956
4.7965,5.0,5.84015984015984,1.033966033966034,3258.0,3.254745254745255,33.76,-117.54,1.608
5.1365,14.0,6.7549194991055455,1.037567084078712,1877.0,3.3577817531305905,33.82,-117.52,2.15
4.6875,15.0,7.479057591623037,1.1020942408376964,1361.0,3.56282722513089,33.88,-117.36,1.898
5.1512,2.0,8.834824501032347,1.2677219545767378,4636.0,3.1906400550585,33.9,-117.33,1.878
5.363,17.0,7.29700272479564,1.0735694822888284,1225.0,3.337874659400545,33.89,-117.34,2.113
5.0346,10.0,7.106598984771574,1.076142131979695,2573.0,3.265228426395939,33.88,-117.36,2.405
5.1045,14.0,7.395498392282958,1.0771704180064308,1001.0,3.2186495176848875,33.87,-117.33,1.613
2.9542,15.0,6.074581430745814,1.143074581430746,2317.0,3.5266362252663623,33.85,-117.3,1.279
4.4875,8.0,6.087227414330218,1.02803738317757,973.0,3.0311526479750777,33.76,-117.4,2.491
5.4625,9.0,6.999071494893222,1.0445682451253482,3450.0,3.203342618384401,33.85,-117.4,2.236
2.7232,12.0,7.289308176100629,1.3144654088050314,523.0,3.289308176100629,33.84,-117.26,1.232
4.8125,15.0,6.164179104477612,1.0298507462686568,440.0,3.283582089552239,33.87,-117.32,1.739
2.5379,33.0,5.842677824267782,1.1472803347280334,5650.0,4.728033472803348,33.89,-117.28,1.527
4.1883,15.0,5.341908713692946,1.0771784232365145,2805.0,2.327800829875519,33.96,-117.34,1.845
3.7585,19.0,5.112877583465819,1.0588235294117647,1363.0,2.166931637519873,33.96,-117.32,1.445
7.4141,20.0,7.712605042016807,0.9983193277310924,1660.0,2.7899159663865545,33.94,-117.34,2.365
5.5563,13.0,6.726190476190476,1.016156462585034,3382.0,2.8758503401360542,33.94,-117.34,2.145
5.2713,7.0,6.832116788321168,1.0894160583941606,4218.0,2.565693430656934,33.94,-117.31,2.165
1.9531,52.0,4.723333333333334,1.1766666666666667,881.0,2.9366666666666665,33.98,-117.33,1.625
1.625,8.0,7.6,0.95,1275.0,63.75,33.97,-117.33,1.625
4.711,27.0,6.535885167464115,1.0167464114832536,2400.0,2.8708133971291865,33.99,-117.32,1.335
3.4896,28.0,5.213414634146342,1.0533536585365857,1502.0,2.289634146341464,33.97,-117.31,1.403
4.6667,4.0,6.892030848329049,1.1134777818582446,8805.0,3.233565919941241,33.97,-117.29,1.606
4.4063,23.0,5.6679174484052535,0.9887429643527204,1580.0,2.964352720450281,34.01,-117.32,1.299
4.7877,11.0,6.087396504139835,1.0285188592456302,3710.0,3.4130634774609017,33.95,-117.24,1.326
3.5851,7.0,5.414443988510464,1.1062782109150595,6763.0,2.775133360689372,33.94,-117.23,1.42
4.2775,5.0,6.007339449541284,1.0128440366972478,6780.0,3.110091743119266,33.95,-117.25,1.387
5.253,5.0,7.093508500772797,1.0517774343122102,4573.0,3.534003091190108,33.96,-117.23,1.633
5.2174,5.0,7.306956521739131,1.0782608695652174,3962.0,3.445217391304348,33.95,-117.21,1.555
6.3223,5.0,8.579225352112676,1.125,1947.0,3.4278169014084505,33.94,-117.14,2.232
5.6409,3.0,7.837745516652434,1.0832621690862512,8437.0,3.602476515798463,33.97,-117.21,1.977
1.3125,10.0,4.438356164383562,0.9680365296803652,773.0,3.529680365296804,33.94,-117.28,1.357
3.0907,13.0,5.743537414965987,1.1863945578231292,4885.0,3.32312925170068,33.92,-117.27,1.272
3.1042,2.0,6.877551020408164,1.1224489795918366,115.0,2.346938775510204,33.93,-117.27,1.648
4.2654,8.0,5.936582501467997,1.0340575455079273,5804.0,3.4081033470346447,33.93,-117.25,1.376
4.1482,7.0,5.674956622325043,1.1069982648930017,5595.0,3.2359745517640253,33.92,-117.25,1.246
4.0473,9.0,5.479078514339445,0.9873060648801129,7596.0,3.571227080394922,33.91,-117.23,1.272
4.1953,5.0,6.161695447409733,1.0627943485086342,6686.0,3.4986917844060703,33.89,-117.23,1.366
4.0938,5.0,6.28125,1.0658482142857142,9509.0,3.5375744047619047,33.92,-117.22,1.309
5.0223,4.0,7.159627773801002,1.050823192555476,5439.0,3.893342877594846,33.93,-117.21,1.526
4.7568,12.0,6.446215139442231,1.0,1610.0,3.207171314741036,33.92,-117.16,1.435
4.0467,8.0,6.05985401459854,1.0664233576642337,5155.0,3.762773722627737,33.9,-117.22,1.215
3.5781,4.0,19.178571428571427,2.845238095238096,275.0,3.273809523809524,33.89,-117.13,2.444
4.189,3.0,7.489331436699858,1.19701280227596,9623.0,3.4221194879089616,33.9,-117.19,1.43
2.8194,8.0,5.759776536312849,1.1229050279329609,606.0,3.3854748603351954,33.85,-117.24,1.363
4.6,7.0,5.133333333333334,0.8,64.0,4.266666666666667,33.83,-117.17,1.875
3.6618,14.0,7.312138728323699,1.329479768786127,621.0,3.5895953757225434,33.83,-117.2,1.613
3.9052,2.0,6.237741456166419,1.1961367013372957,1943.0,2.887072808320951,33.82,-117.21,1.221
4.5881,3.0,6.037243947858473,0.9655493482309124,3295.0,3.067970204841713,33.69,-117.19,1.364
5.3238,8.0,7.831597738768224,1.211544183278786,9360.0,2.784885450758703,33.68,-117.27,2.289
3.8869,10.0,7.104854368932039,1.2621359223300972,1476.0,2.8660194174757283,33.68,-117.23,1.259
4.1386,2.0,8.821215733015494,1.4147794994040523,2826.0,3.368295589988081,33.66,-117.17,1.773
2.375,11.0,4.942105263157894,0.9842105263157894,557.0,2.931578947368421,33.67,-117.07,1.458
3.8036,14.0,5.851293103448276,1.0775862068965518,1540.0,3.3189655172413794,33.83,-117.11,1.396
4.1875,13.0,6.296052631578948,1.1151315789473684,930.0,3.0592105263157894,33.78,-117.11,1.612
4.065,6.0,6.347670250896058,1.050179211469534,935.0,3.3512544802867383,33.82,-117.08,1.482
1.3417,7.0,4.793785310734464,1.1977401129943503,808.0,2.2824858757062145,33.78,-117.18,1.693
2.625,11.0,5.873809523809523,1.105952380952381,2508.0,2.9857142857142858,33.76,-117.16,1.554
2.5847,17.0,5.764344262295082,1.1577868852459017,1345.0,2.7561475409836067,33.78,-117.06,1.453
3.2778,13.0,6.469064748201439,1.087769784172662,2044.0,2.9410071942446043,33.81,-117.14,1.488
4.0717,3.0,7.248285322359396,1.262002743484225,2703.0,3.707818930041152,33.8,-117.22,1.265
2.6322,10.0,4.9916142557652,0.9517819706498952,1323.0,2.7735849056603774,33.73,-117.16,1.407
4.0982,11.0,5.7898550724637685,1.0434782608695652,1757.0,3.182971014492753,33.8,-117.32,1.733
2.1549,22.0,5.022458628841608,1.0898345153664302,2405.0,2.842789598108747,33.81,-117.26,1.465
2.1484,19.0,5.235973597359736,1.118811881188119,2204.0,3.636963696369637,33.75,-117.31,1.292
5.3275,5.0,6.490059642147117,0.9910536779324056,3464.0,3.4433399602385686,33.69,-117.39,1.687
3.2481,8.0,5.535031847133758,1.1019108280254777,2425.0,3.089171974522293,33.7,-117.37,1.238
3.1513,10.0,6.096470588235294,1.143529411764706,1255.0,2.9529411764705884,33.71,-117.34,1.543
3.1832,9.0,6.288461538461538,1.0833333333333333,596.0,3.8205128205128207,33.67,-117.31,1.574
4.2788,10.0,5.375,1.1145833333333333,282.0,2.9375,33.68,-117.35,1.25
3.375,9.0,5.654468085106383,1.1608510638297873,7235.0,3.078723404255319,33.67,-117.38,1.318
2.2423,17.0,5.800457404230989,1.3184676958261865,4776.0,2.730703259005146,33.67,-117.38,1.326
3.8056,7.0,6.599340478153339,1.1236603462489696,7139.0,2.9427040395713107,33.63,-117.29,1.622
2.6949,15.0,5.496394230769231,1.1153846153846154,2513.0,3.0204326923076925,33.66,-117.28,1.636
3.2258,10.0,5.604651162790698,1.1121751025991793,2082.0,2.848153214774282,33.6,-117.36,1.593
3.5125,10.0,7.090128755364807,1.356223175965665,725.0,3.111587982832618,33.65,-117.25,1.556
3.235,12.0,6.094650205761317,1.0905349794238683,757.0,3.11522633744856,33.64,-117.19,2.107
3.6273,7.0,6.651162790697675,1.140396210163652,2975.0,2.5624461670973298,33.61,-117.21,1.509
4.5936,2.0,9.524554269627776,1.57428839537066,9419.0,2.946199562089459,33.58,-117.2,1.743
4.7944,3.0,7.497267759562842,1.169398907103825,1223.0,3.341530054644809,33.61,-117.16,2.153
4.3651,2.0,6.621134020618556,1.1108247422680413,1232.0,3.1752577319587627,33.61,-117.12,1.456
3.9443,2.0,7.507731958762887,1.1947717231222386,7132.0,2.625920471281296,33.57,-117.16,1.873
3.7538,4.0,5.251325556733828,1.0604453870625663,2912.0,3.088016967126193,33.54,-117.16,1.475
4.2917,8.0,7.164285714285715,1.1928571428571428,388.0,2.771428571428572,33.62,-116.96,2.219
3.475,6.0,6.352941176470588,1.0588235294117647,43.0,2.5294117647058822,33.53,-117.19,1.875
3.9963,4.0,6.761377613776138,1.2469249692496924,8824.0,2.713407134071341,33.49,-117.12,1.911
4.5841,4.0,7.006453099792579,1.1424291311362065,13251.0,3.053929476837981,33.52,-117.12,2.123
4.6904,4.0,7.312148028962188,1.1367658889782783,3886.0,3.1263073209975865,33.45,-117.15,1.742
3.9617,6.0,6.910372608257805,1.1424974823766365,5860.0,2.9506545820745216,33.57,-117.23,1.83
3.0043,6.0,5.724757952973721,1.0919778699861686,3062.0,2.1175656984785616,33.71,-117.02,1.347
3.1591,19.0,6.452132701421801,1.1033175355450238,2703.0,2.562085308056872,33.71,-116.91,1.897
5.3623,15.0,7.55956678700361,1.1407942238267148,937.0,3.3826714801444044,33.73,-116.89,2.013
4.4792,11.0,8.047619047619047,1.2108843537414966,543.0,3.693877551020408,33.68,-116.95,1.739
2.8125,18.0,4.9625,1.1125,239.0,2.9875,33.63,-116.92,1.438
2.3712,14.0,5.304651162790698,0.9906976744186048,894.0,2.0790697674418603,33.74,-116.9,1.279
2.964,14.0,5.817567567567568,1.108108108108108,3136.0,3.027027027027027,33.75,-116.93,1.215
3.7175,17.0,6.606914212548015,1.089628681177977,2344.0,3.001280409731114,33.73,-116.94,1.2
4.0433,13.0,6.996116504854369,1.112621359223301,1644.0,3.1922330097087377,33.73,-116.93,1.323
2.4145,14.0,5.838709677419355,1.1370967741935485,2708.0,2.183870967741936,33.77,-116.94,1.376
2.8393,20.0,8.335443037974683,1.2848101265822784,453.0,2.867088607594937,33.76,-117.02,1.207
2.683,15.0,6.365714285714286,1.3485714285714283,653.0,1.8657142857142857,33.83,-116.98,1.393
2.5612,5.0,5.7405857740585775,1.0613668061366806,1714.0,2.390516039051604,33.76,-116.87,1.308
1.5982,20.0,6.124015748031496,1.2263779527559056,1000.0,1.968503937007874,33.74,-116.88,1.4
2.3169,13.0,5.568286445012788,1.0879795396419438,4266.0,2.1820971867007675,33.75,-116.91,1.234
2.933,13.0,6.244604316546763,1.0623501199040768,978.0,2.3453237410071943,33.73,-116.86,1.707
3.5255,21.0,5.694581280788177,1.0492610837438423,2174.0,2.6773399014778323,34.0,-117.04,1.321
4.7356,22.0,6.82875605815832,1.063004846526656,1849.0,2.987075928917609,33.99,-116.99,1.959
2.7344,25.0,4.166112956810632,1.0365448504983388,715.0,2.3754152823920265,33.98,-117.11,1.49
3.125,6.0,7.8,1.1,27.0,2.7,33.89,-117.03,1.875
3.7083,26.0,8.525423728813559,1.1694915254237288,293.0,4.966101694915254,33.92,-116.99,1.475
3.0417,2.0,7.040816326530612,1.263265306122449,1950.0,1.989795918367347,33.86,-116.89,1.463
5.5,18.0,6.743902439024391,1.2195121951219512,215.0,2.6219512195121952,34.0,-116.91,1.938
3.3333,16.0,19.119565217391305,3.8768115942028976,657.0,2.380434782608696,33.83,-116.75,1.434
3.0625,25.0,12.517605633802816,2.536384976525821,1874.0,2.199530516431925,33.75,-116.71,1.505
3.5882,21.0,13.568627450980392,2.788235294117647,658.0,2.5803921568627453,33.71,-116.68,1.611
2.9141,11.0,9.855371900826446,2.731404958677686,682.0,2.8181818181818183,33.62,-116.74,2.143
3.8281,3.0,7.980769230769231,1.3942307692307692,272.0,2.6153846153846154,33.52,-116.8,1.635
2.8071,14.0,6.011834319526627,1.2958579881656804,443.0,2.621301775147929,33.48,-116.89,1.375
3.038,12.0,5.912820512820513,1.358974358974359,446.0,2.287179487179487,33.57,-116.87,1.281
2.355,13.0,6.665263157894737,1.4357894736842105,1250.0,2.631578947368421,33.56,-116.72,1.229
3.0694,6.0,5.791666666666667,1.2407407407407407,544.0,2.5185185185185186,33.46,-116.76,1.734
1.9107,13.0,6.631284916201118,1.4245810055865922,442.0,2.46927374301676,33.5,-116.69,1.557
4.0417,5.0,7.64021164021164,1.530864197530864,1420.0,2.504409171075838,33.98,-116.5,1.464
3.6875,17.0,10.03370786516854,1.9303370786516851,853.0,1.9168539325842695,33.84,-116.52,1.304
3.3897,18.0,8.644951140065146,1.793702497285559,2009.0,2.181324647122693,33.84,-116.57,2.302
2.5885,28.0,6.267910447761194,1.3723880597014926,3470.0,2.58955223880597,33.84,-116.53,1.59
2.5212,21.0,5.897923875432526,1.3350634371395618,3623.0,2.0893886966551327,33.82,-116.52,1.452
3.4394,12.0,9.799209486166008,2.017391304347826,2548.0,2.0142292490118576,33.81,-116.52,1.622
2.1176,31.0,5.081282624906786,1.278150633855332,2628.0,1.959731543624161,33.81,-116.54,1.241
3.1493,24.0,7.307322929171669,1.460984393757503,1721.0,2.0660264105642256,33.81,-116.54,1.994
3.7396,13.0,12.77470930232558,2.7252906976744184,1274.0,1.851744186046512,33.8,-116.49,1.489
2.2216,22.0,6.797752808988764,1.5584269662921348,1432.0,1.6089887640449438,33.8,-116.54,1.839
2.25,20.0,6.5,1.4513513513513514,1304.0,1.762162162162162,33.69,-116.5,2.481
3.9737,18.0,10.200217627856366,1.936887921653972,1678.0,1.825897714907508,33.79,-116.54,2.356
2.5489,18.0,11.901869158878505,2.163551401869159,411.0,1.9205607476635516,33.78,-116.53,2.205
4.6855,5.0,6.631184407796102,1.143928035982009,1906.0,2.857571214392804,33.88,-116.53,1.252
1.7204,5.0,11.29896907216495,2.8268041237113404,1050.0,2.1649484536082477,33.84,-116.48,1.375
2.6298,14.0,9.425,2.02,1711.0,1.711,33.79,-116.48,1.452
4.3111,3.0,7.219685039370079,1.190551181102362,3838.0,3.0220472440944883,33.84,-116.47,1.425
2.1411,10.0,10.529500756429652,2.249621785173979,1130.0,1.7095310136157338,33.79,-116.46,1.364
6.1437,17.0,9.252155172413794,1.5344827586206895,1091.0,2.351293103448276,33.78,-116.43,2.321
3.0859,16.0,8.181533646322379,1.5524256651017214,1177.0,1.841940532081377,33.78,-116.45,1.346
6.8729,8.0,14.70673076923077,2.4038461538461537,612.0,2.9423076923076925,33.78,-116.4,2.592
3.3799,6.0,10.860423232778029,2.0360198108959926,4176.0,1.880234128770824,33.78,-116.36,2.393
4.084,7.0,9.65879120879121,1.9115384615384616,3581.0,1.9675824175824173,33.74,-116.38,1.945
4.036,5.0,13.885901162790695,2.851017441860465,2880.0,2.0930232558139537,33.75,-116.33,1.585
3.2846,19.0,7.079500283929585,1.424190800681431,4086.0,2.320272572402044,33.73,-116.31,1.319
4.4107,26.0,6.4275037369207775,1.1464872944693572,1557.0,2.327354260089686,33.77,-116.47,1.225
4.0079,10.0,7.538853503184713,1.5318471337579618,3811.0,2.427388535031847,33.73,-116.38,1.345
3.312,17.0,6.451757666417352,1.3904263275991025,3497.0,2.6155572176514585,33.72,-116.37,1.213
3.5569,19.0,7.112558139534884,1.5051162790697674,2496.0,2.321860465116279,33.72,-116.39,1.28
4.5556,17.0,8.79058327477161,1.7287420941672522,2737.0,1.92340126493324,33.71,-116.38,2.581
6.9833,10.0,10.765466297322252,1.853185595567867,2186.0,2.018467220683287,33.69,-116.39,2.388
3.0021,19.0,5.934803451581975,1.299137104506232,2242.0,2.149568552253116,33.72,-116.37,1.523
3.3639,25.0,6.395348837209302,1.2299741602067182,910.0,2.351421188630491,33.74,-116.41,1.688
2.4659,17.0,9.747727272727271,2.0295454545454548,958.0,2.1772727272727272,33.74,-116.41,1.778
2.2208,15.0,7.362948960302457,1.4782608695652173,900.0,1.7013232514177694,33.68,-116.42,1.383
5.6918,12.0,12.910485933503836,2.153452685421995,883.0,2.258312020460358,33.67,-116.29,2.313
2.8882,10.0,7.8519736842105265,1.582236842105263,863.0,2.838815789473684,33.68,-116.3,1.375
3.2833,9.0,9.628428927680796,2.117206982543641,825.0,2.057356608478803,33.7,-116.22,1.247
4.7195,6.0,6.745067497403946,1.326583592938733,4571.0,2.37331256490135,33.74,-116.29,1.993
3.1771,5.0,7.625531914893617,1.6170212765957446,1097.0,2.334042553191489,33.72,-116.29,1.674
2.375,17.0,4.238095238095238,0.9047619047619048,79.0,3.761904761904762,33.69,-116.18,1.55
3.9167,35.0,5.771241830065359,1.03921568627451,1933.0,2.105664488017429,38.58,-121.43,1.557
4.0972,38.0,5.595982142857143,0.9955357142857144,888.0,1.9821428571428568,38.57,-121.43,1.637
3.7731,38.0,5.491228070175438,0.9883040935672516,710.0,2.076023391812865,38.57,-121.42,1.614
3.9271,43.0,5.296187683284457,0.9941348973607038,764.0,2.2404692082111435,38.58,-121.44,1.471
3.5893,46.0,5.3457330415754925,1.0415754923413567,939.0,2.054704595185996,38.57,-121.43,1.42
3.776,52.0,6.222222222222222,1.101010101010101,975.0,1.9696969696969695,38.57,-121.44,1.645
3.0208,42.0,5.233183856502242,0.9753363228699552,892.0,2.0,38.58,-121.44,1.488
3.4914,44.0,5.963917525773196,1.0695876288659794,796.0,2.051546391752577,38.58,-121.45,1.539
3.5313,48.0,5.419889502762431,0.9834254143646408,704.0,1.9447513812154693,38.57,-121.45,1.479
3.8914,52.0,5.673101673101673,1.0386100386100383,1604.0,2.0643500643500645,38.58,-121.46,1.816
2.3266,43.0,4.478823529411764,1.12,1484.0,1.7458823529411764,38.58,-121.47,1.375
1.6277,48.0,3.676737160120846,1.1238670694864048,1281.0,1.935045317220544,38.58,-121.48,1.406
1.4375,52.0,4.0,1.296,456.0,1.824,38.58,-121.49,1.688
0.7526,5.0,2.5796610169491525,1.0372881355932204,2031.0,6.884745762711864,38.58,-121.5,1.625
2.5821,20.0,3.5811051693404634,1.0873440285204992,1570.0,1.3992869875222815,38.58,-121.5,1.25
0.9196,52.0,1.550408719346049,1.103542234332425,509.0,1.3869209809264305,38.58,-121.49,1.375
1.245,42.0,3.624254473161034,1.125248508946322,761.0,1.5129224652087476,38.58,-121.48,1.375
1.4301,47.0,3.26372155287818,1.0763052208835342,1148.0,1.536813922356091,38.57,-121.48,1.417
1.625,52.0,3.0320855614973263,1.032085561497326,272.0,1.4545454545454546,38.57,-121.48,1.875
2.1691,39.0,4.023668639053255,1.0887573964497042,589.0,1.742603550295858,38.57,-121.47,1.5
1.9034,48.0,3.5758266818700117,1.055872291904219,1443.0,1.645381984036488,38.57,-121.47,1.239
3.0217,52.0,4.424242424242424,1.0404040404040404,176.0,1.7777777777777777,38.57,-121.47,2.0
1.2041,50.0,3.862604540023895,1.1565113500597373,1223.0,1.4611708482676224,38.57,-121.47,1.681
1.5872,52.0,3.5324858757062145,1.0692090395480225,1081.0,1.5268361581920904,38.58,-121.48,1.575
3.2963,52.0,5.223958333333333,1.0729166666666667,825.0,2.1484375,38.57,-121.45,2.361
4.63,52.0,6.936542669584245,1.0415754923413567,1027.0,2.2472647702407,38.56,-121.45,2.338
3.1583,52.0,5.364238410596027,1.1390728476821192,326.0,2.1589403973509933,38.57,-121.46,1.4
3.2386,52.0,5.58125,0.99375,367.0,2.29375,38.57,-121.46,2.132
3.1484,52.0,5.354748603351955,1.0251396648044693,722.0,2.016759776536313,38.57,-121.46,1.589
2.0549,52.0,4.242819843342037,1.0939947780678851,614.0,1.6031331592689295,38.57,-121.46,1.567
3.1827,41.0,5.261904761904762,1.0809523809523809,443.0,2.1095238095238096,38.56,-121.43,1.317
3.7167,45.0,5.531963470319635,1.0639269406392695,873.0,1.9931506849315068,38.56,-121.44,1.319
2.8542,52.0,5.457831325301205,0.993975903614458,257.0,1.5481927710843373,38.56,-121.44,1.394
2.5417,50.0,5.964980544747082,1.1206225680933852,532.0,2.0700389105058368,38.56,-121.43,1.259
3.0938,46.0,5.371428571428571,0.9959183673469388,452.0,1.8448979591836732,38.56,-121.43,1.378
5.1169,52.0,6.3904,1.016,1295.0,2.072,38.57,-121.45,2.325
4.0417,52.0,6.452830188679245,1.0471698113207548,1301.0,2.4547169811320755,38.56,-121.45,1.738
3.3348,52.0,4.929133858267717,1.031496062992126,722.0,1.89501312335958,38.56,-121.46,1.228
2.625,51.0,5.387931034482759,1.012931034482759,452.0,1.9482758620689653,38.56,-121.45,1.212
2.7316,46.0,4.181303116147308,0.9745042492917848,688.0,1.9490084985835692,38.56,-121.48,1.347
1.128,46.0,4.295454545454546,1.047077922077922,1684.0,2.7337662337662336,38.56,-121.5,1.231
1.0649,43.0,3.564625850340136,1.0612244897959184,1320.0,4.489795918367347,38.56,-121.51,1.375
2.8417,45.0,5.078726968174204,1.0569514237855946,1341.0,2.2462311557788945,38.55,-121.51,1.379
2.7885,46.0,5.103092783505154,0.9553264604810996,531.0,1.824742268041237,38.55,-121.51,1.372
3.3844,52.0,5.6900452488687785,1.0407239819004526,836.0,1.8914027149321264,38.55,-121.49,1.511
5.6402,52.0,6.214285714285714,1.015625,957.0,2.1361607142857144,38.55,-121.5,2.098
3.6729,52.0,5.077142857142857,1.0514285714285714,624.0,1.782857142857143,38.56,-121.49,1.378
2.5639,47.0,5.233031674208145,1.2126696832579185,779.0,1.762443438914027,38.54,-121.49,1.23
5.0359,51.0,6.892109500805153,1.0177133655394526,1486.0,2.392914653784219,38.55,-121.49,2.241
5.2362,49.0,6.212443095599393,0.96206373292868,1363.0,2.0682852807283765,38.55,-121.5,2.368
3.7344,44.0,5.583732057416268,0.9617224880382776,452.0,2.1626794258373208,38.54,-121.5,1.798
7.1035,52.0,7.269565217391304,1.0434782608695652,832.0,2.411594202898551,38.55,-121.48,2.287
4.3929,52.0,5.432,0.9546666666666668,811.0,2.1626666666666665,38.55,-121.48,1.625
4.1467,52.0,5.6891891891891895,1.0439189189189189,675.0,2.2804054054054053,38.55,-121.48,1.75
4.8603,52.0,6.776758409785932,1.018348623853211,714.0,2.18348623853211,38.55,-121.48,1.919
2.8542,52.0,4.497237569060774,1.1933701657458564,327.0,1.806629834254144,38.56,-121.48,1.25
4.6923,39.0,5.566433566433567,1.0367132867132869,1188.0,2.076923076923077,38.53,-121.5,1.92
4.25,34.0,6.06390977443609,0.9962406015037594,631.0,2.37218045112782,38.53,-121.51,1.919
5.3135,36.0,6.212410501193317,0.973747016706444,966.0,2.305489260143198,38.53,-121.51,2.166
5.5208,33.0,6.833723653395785,1.0281030444964872,1085.0,2.540983606557377,38.51,-121.51,1.713
6.6112,31.0,6.758474576271187,0.9194915254237288,542.0,2.296610169491525,38.51,-121.51,2.516
4.0972,30.0,5.687170474516696,1.0333919156414764,1167.0,2.0509666080843587,38.52,-121.51,1.814
3.125,40.0,5.873267326732673,1.0613861386138614,1225.0,2.4257425742574257,38.53,-121.49,1.306
3.3906,42.0,5.416974169741698,1.03690036900369,571.0,2.107011070110701,38.53,-121.49,1.242
2.9219,18.0,5.46875,1.3203125,260.0,2.03125,38.51,-121.49,1.529
3.9792,34.0,5.976645435244161,1.0169851380042465,1075.0,2.282377919320594,38.54,-121.51,1.648
4.2885,31.0,5.506238859180035,1.0427807486631016,1366.0,2.4349376114082,38.53,-121.52,1.603
3.5737,30.0,5.685185185185185,1.0488215488215489,1289.0,2.17003367003367,38.53,-121.52,1.712
3.0963,23.0,4.961038961038961,1.0505050505050506,2942.0,2.1226551226551225,38.51,-121.52,1.569
4.1,21.0,5.816031537450723,1.038107752956636,1856.0,2.4388961892247045,38.49,-121.51,1.583
5.0371,25.0,6.385656292286874,1.0081190798376185,1857.0,2.512855209742896,38.5,-121.51,1.802
6.5253,14.0,6.559139784946237,1.016726403823178,2415.0,2.885304659498208,38.51,-121.55,2.168
5.7621,9.0,6.490666666666667,0.984,2036.0,2.7146666666666666,38.5,-121.55,2.046
4.2075,15.0,6.111334002006018,1.0541624874623872,2415.0,2.422266800401204,38.5,-121.54,1.836
4.2216,17.0,5.606080634500992,1.0508922670191672,3362.0,2.222075346992729,38.51,-121.54,2.179
6.4667,17.0,6.236363636363636,0.9636363636363636,1365.0,2.757575757575758,38.5,-121.53,2.168
3.1607,20.0,5.223168654173765,1.1277683134582623,2595.0,2.2103918228279387,38.51,-121.53,1.789
4.8497,19.0,5.730994152046784,0.9415204678362572,2519.0,2.9461988304093567,38.5,-121.52,1.844
4.8811,5.0,5.740473738414006,1.035427394438723,11935.0,2.458290422245108,38.48,-121.53,2.122
3.6196,5.0,4.991044776119403,1.1940298507462686,1341.0,2.0014925373134327,38.49,-121.52,1.528
5.1442,6.0,6.147197839297772,1.036461850101283,3759.0,2.538149898717083,38.49,-121.54,1.745
1.7188,17.0,4.5443645083932855,1.0167865707434052,620.0,1.486810551558753,38.5,-121.47,1.375
4.3644,19.0,5.854783207157605,1.0116999311768755,3517.0,2.420509291121817,38.56,-121.39,1.374
4.3288,23.0,6.065217391304348,0.9347826086956522,1407.0,3.0586956521739133,38.55,-121.38,1.337
4.6944,26.0,5.375438596491228,0.9263157894736842,781.0,2.7403508771929825,38.55,-121.38,1.309
3.5278,25.0,5.144549763033176,1.0213270142180095,1053.0,2.495260663507109,38.55,-121.39,1.262
1.9044,18.0,3.879194630872483,1.0447427293064877,783.0,1.751677852348993,38.55,-121.39,1.543
5.0,26.0,6.933161953727506,1.0231362467866325,1088.0,2.796915167095116,38.55,-121.4,1.425
1.9167,14.0,4.346483704974271,1.20926243567753,1495.0,2.5643224699828475,38.55,-121.41,1.563
2.925,19.0,5.649321266968326,1.1176470588235294,748.0,1.6923076923076923,38.55,-121.4,1.424
2.8231,16.0,3.956291390728477,1.1443708609271523,1240.0,1.6423841059602649,38.6,-121.44,1.375
5.1385,17.0,5.295238095238095,1.002930402930403,2455.0,1.7985347985347986,38.56,-121.41,1.795
3.2443,16.0,4.613541666666666,1.1708333333333334,1538.0,1.6020833333333333,38.57,-121.41,1.907
3.089,18.0,3.997126436781609,1.0816091954022988,2803.0,1.610919540229885,38.58,-121.41,1.414
2.9559,36.0,4.65242718446602,1.0407766990291265,1225.0,2.378640776699029,38.61,-121.39,1.366
4.1488,37.0,5.616901408450704,0.9774647887323944,782.0,2.202816901408451,38.61,-121.4,1.364
2.5363,25.0,4.632016632016632,1.11018711018711,1130.0,2.3492723492723493,38.59,-121.4,1.246
2.0432,18.0,4.243506493506493,1.0129870129870129,1181.0,1.917207792207792,38.59,-121.4,1.568
3.788,35.0,5.714025500910747,0.9908925318761383,1312.0,2.389799635701275,38.6,-121.37,1.368
3.6053,34.0,6.029227557411273,1.0354906054279749,1168.0,2.4384133611691023,38.61,-121.38,1.486
3.5179,36.0,6.339195979899498,1.0075376884422111,927.0,2.329145728643216,38.59,-121.37,2.078
5.0497,38.0,6.537444933920705,1.0462555066079295,1176.0,2.590308370044053,38.58,-121.38,1.917
4.5313,38.0,6.663043478260869,1.039855072463768,685.0,2.481884057971014,38.59,-121.38,1.894
4.775,36.0,6.707865168539326,1.0365168539325842,838.0,2.353932584269663,38.59,-121.37,1.941
5.0997,27.0,7.502608695652174,1.062608695652174,1662.0,2.890434782608696,38.6,-121.35,1.701
4.4643,35.0,5.710059171597633,0.970414201183432,805.0,2.381656804733728,38.6,-121.36,1.33
3.875,36.0,5.204081632653061,0.926530612244898,530.0,2.163265306122449,38.6,-121.36,1.336
5.0492,35.0,6.652542372881356,1.0310734463276836,993.0,2.805084745762712,38.61,-121.36,1.441
5.0508,32.0,7.575688073394495,1.1009174311926606,1185.0,2.717889908256881,38.59,-121.36,2.257
5.9174,23.0,7.102439024390244,1.026829268292683,1132.0,2.7609756097560973,38.59,-121.34,2.259
5.5632,24.0,6.343355965082444,0.9776915615906888,2667.0,2.586808923375364,38.64,-121.36,1.752
4.875,28.0,6.5513918629550325,1.0546038543897216,2631.0,2.8169164882226982,38.63,-121.36,1.464
3.4299,28.0,5.030120481927711,0.9590361445783132,2032.0,2.4481927710843374,38.62,-121.35,1.64
2.5511,25.0,4.327464788732394,1.0941901408450705,2140.0,1.8838028169014085,38.61,-121.35,1.341
3.8882,37.0,6.052486187845304,1.0883977900552486,951.0,2.62707182320442,38.61,-121.36,1.595
3.058,34.0,5.366228070175438,1.1030701754385963,1077.0,2.361842105263158,38.62,-121.36,1.33
4.7283,30.0,7.295264623955432,1.0306406685236769,940.0,2.618384401114206,38.63,-121.36,1.645
4.6111,36.0,5.457627118644068,0.8135593220338984,133.0,2.254237288135593,38.64,-121.37,1.393
2.1472,19.0,4.927645788336933,1.154427645788337,2256.0,2.4362850971922247,38.64,-121.38,1.434
2.6623,32.0,5.116083916083916,1.1146853146853146,1452.0,2.0307692307692307,38.63,-121.37,1.207
4.8194,37.0,4.98989898989899,0.8686868686868687,253.0,2.555555555555556,38.63,-121.37,1.411
4.6127,30.0,5.715919923736892,0.9704480457578646,2532.0,2.413727359389896,38.63,-121.37,1.518
1.6678,27.0,4.736413043478261,1.0326086956521738,697.0,1.8940217391304348,38.62,-121.37,1.661
3.7569,42.0,4.896373056994818,1.0,460.0,2.383419689119171,38.61,-121.37,1.271
3.0086,27.0,5.254424778761062,1.1880530973451326,863.0,1.90929203539823,38.61,-121.38,1.269
3.8068,34.0,7.341317365269461,1.0778443113772456,359.0,2.1497005988023954,38.63,-121.39,1.504
2.4632,35.0,5.56043956043956,0.9862637362637364,786.0,2.159340659340659,38.61,-121.39,1.569
2.2844,27.0,4.104542177361211,1.0720980533525597,2334.0,1.6827685652487383,38.62,-121.39,1.705
1.8176,45.0,4.632302405498282,1.0721649484536082,1059.0,1.8195876288659796,38.62,-121.39,1.609
2.517,30.0,4.498759305210919,1.034739454094293,1577.0,1.956575682382134,38.63,-121.4,1.304
3.8295,28.0,5.75,1.1320754716981132,559.0,2.6367924528301887,38.65,-121.44,1.222
4.6625,44.0,6.197333333333333,1.1013333333333333,823.0,2.1946666666666665,38.6,-121.45,1.589
1.9688,29.0,4.036734693877551,1.0979591836734697,823.0,1.6795918367346938,38.6,-121.46,1.356
3.6788,5.0,5.04269801980198,1.1837871287128714,2933.0,1.8149752475247525,38.61,-121.53,1.788
3.7449,6.0,5.237011592958352,1.123658222413053,5634.0,2.419063975955346,38.63,-121.49,1.293
3.7188,8.0,5.010213277260439,1.0384499849804747,7919.0,2.378792430159207,38.62,-121.5,1.345
2.6745,5.0,4.332298136645963,1.1583850931677018,638.0,1.9813664596273293,38.61,-121.5,2.25
3.9143,8.0,5.306412478336222,1.038474870017331,7463.0,2.5868284228769496,38.62,-121.49,1.297
4.7396,25.0,5.453389830508475,0.9491525423728814,727.0,3.080508474576271,38.73,-121.44,1.355
3.9914,3.0,6.205776173285199,1.0884476534296028,1602.0,2.891696750902527,38.66,-121.46,1.205
4.3118,20.0,5.764849471114728,0.9943043124491456,3455.0,2.8112286411716845,38.68,-121.35,1.2
4.5432,2.0,7.6216498433693,1.222763661677689,8652.0,3.011486251305256,38.72,-121.35,1.513
3.9318,7.0,5.338478500551268,1.0308710033076074,2857.0,3.1499448732083795,38.71,-121.38,1.33
3.5802,5.0,5.089689265536723,1.0519067796610169,7608.0,2.6864406779661016,38.7,-121.35,1.296
4.2743,28.0,6.077338129496403,0.9928057553956836,1543.0,2.775179856115108,38.68,-121.34,1.24
3.0417,35.0,4.798507462686567,0.8731343283582089,331.0,2.470149253731343,38.67,-121.34,1.207
2.7011,8.0,4.291989664082688,1.0400516795865633,1694.0,2.1886304909560725,38.66,-121.35,1.307
2.8092,17.0,4.728395061728395,1.0576131687242798,583.0,2.39917695473251,38.66,-121.34,1.375
2.119,18.0,4.636971046770602,1.0723830734966593,2032.0,2.2628062360801784,38.66,-121.34,1.331
3.6786,27.0,5.929078014184397,1.0602836879432624,757.0,2.6843971631205674,38.64,-121.37,1.597
2.6266,23.0,4.76803118908382,1.0194931773879143,1132.0,2.206627680311891,38.65,-121.33,1.985
4.6,27.0,6.304347826086956,0.9723320158102768,610.0,2.411067193675889,38.65,-121.34,1.99
2.8106,24.0,4.8865836791148,1.024896265560166,1496.0,2.0691562932226835,38.65,-121.33,1.832
3.8068,12.0,4.906194690265487,1.023008849557522,1335.0,2.3628318584070795,38.64,-121.34,1.61
3.7562,17.0,5.728215767634855,1.0394190871369295,1128.0,2.340248962655602,38.64,-121.34,1.397
4.0036,13.0,5.84393063583815,1.0404624277456649,1363.0,2.626204238921002,38.63,-121.34,1.617
2.7181,23.0,4.8675,1.0225,866.0,2.165,38.63,-121.33,1.568
2.2574,19.0,4.667506297229219,1.0453400503778338,772.0,1.9445843828715368,38.62,-121.33,1.358
2.4537,20.0,5.508219178082192,1.1835616438356165,1658.0,2.271232876712329,38.62,-121.34,1.53
2.6023,22.0,4.741333333333333,1.088,875.0,2.333333333333333,38.61,-121.34,1.422
2.0926,11.0,4.134939759036144,0.9734939759036144,722.0,1.7397590361445785,38.61,-121.34,1.661
2.7079,21.0,4.857425742574257,1.0257425742574258,1326.0,2.625742574257426,38.61,-121.33,1.48
3.9063,20.0,5.45719661335842,1.0799623706491064,2586.0,2.4327375352775165,38.61,-121.34,1.621
3.3182,24.0,5.88911704312115,1.0821355236139631,1284.0,2.6365503080082138,38.63,-121.29,2.13
3.0972,31.0,5.359882005899705,1.0973451327433628,992.0,2.926253687315634,38.63,-121.3,1.5
3.0348,20.0,5.325475285171103,1.0714828897338402,3107.0,2.3627376425855515,38.63,-121.32,1.505
6.244,31.0,6.828947368421052,0.9429824561403508,1121.0,2.458333333333333,38.62,-121.31,2.4
3.0864,29.0,6.16751269035533,1.137055837563452,1087.0,2.7588832487309647,38.62,-121.32,1.779
2.6897,33.0,4.467661691542289,0.945273631840796,470.0,2.3383084577114426,38.62,-121.32,1.483
2.774,22.0,5.114023591087811,1.107470511140236,1870.0,2.450851900393185,38.61,-121.32,1.902
4.0833,20.0,6.025301204819277,1.0,2330.0,2.8072289156626504,38.64,-121.3,1.6
4.6302,19.0,6.725124378109452,1.0422885572139304,1927.0,2.396766169154229,38.64,-121.31,1.954
3.6523,19.0,5.794819359236537,1.0620313565098842,3576.0,2.4376278118609407,38.64,-121.32,1.585
5.2081,27.0,5.806779661016949,0.9559322033898304,761.0,2.5796610169491525,38.66,-121.31,1.364
4.7381,26.0,6.007490636704119,0.9176029962546816,751.0,2.812734082397004,38.66,-121.31,1.405
5.078,26.0,5.922680412371134,0.9948453608247424,500.0,2.577319587628866,38.66,-121.32,1.634
3.95,21.0,6.224390243902439,1.0146341463414634,501.0,2.44390243902439,38.66,-121.32,1.436
3.0952,23.0,5.801324503311259,1.1015452538631347,1210.0,2.671081677704194,38.65,-121.32,1.577
5.5,21.0,7.377005347593583,1.0935828877005347,1053.0,2.8155080213903743,38.65,-121.31,1.657
3.712,21.0,6.373333333333333,1.0566666666666666,1818.0,3.03,38.66,-121.3,1.39
4.2188,28.0,6.132007233273056,0.9945750452079566,1546.0,2.7956600361663653,38.66,-121.3,1.392
4.5278,26.0,7.636363636363637,1.069377990430622,1132.0,2.708133971291866,38.65,-121.3,1.443
3.5852,36.0,5.441176470588236,0.9575163398692812,846.0,2.764705882352941,38.65,-121.3,1.216
5.4889,15.0,7.01010101010101,1.0292929292929294,2829.0,2.857575757575757,38.66,-121.21,2.323
5.6529,14.0,6.817821782178218,1.00990099009901,1413.0,2.798019801980198,38.65,-121.21,1.96
5.259,13.0,6.733133433283358,1.0329835082458771,1657.0,2.484257871064468,38.64,-121.24,2.494
4.6437,19.0,6.095833333333333,0.9916666666666668,1349.0,2.810416666666667,38.65,-121.23,2.129
4.8088,19.0,6.297087378640777,1.0601941747572816,1334.0,2.5902912621359224,38.66,-121.23,1.695
6.2082,14.0,7.773892773892774,1.0256410256410255,1329.0,3.097902097902098,38.66,-121.24,2.503
3.7869,17.0,5.815927873779113,1.0525920360631105,3153.0,2.368895567242675,38.66,-121.28,2.161
5.02,26.0,6.672727272727273,1.010909090909091,1616.0,2.938181818181818,38.66,-121.25,1.696
6.1183,19.0,7.013274336283186,0.9823008849557522,1344.0,2.9734513274336285,38.66,-121.26,2.216
6.1872,19.0,7.415686274509804,1.0431372549019609,678.0,2.6588235294117646,38.66,-121.27,1.887
4.1382,15.0,5.562105263157894,1.0947368421052632,1032.0,2.172631578947368,38.66,-121.27,1.898
5.6864,21.0,7.677777777777778,1.0083333333333333,902.0,2.5055555555555555,38.64,-121.25,2.587
2.9016,25.0,5.339080459770115,1.1513409961685823,1247.0,2.388888888888889,38.65,-121.27,1.598
4.3098,22.0,5.8498168498168495,1.0256410256410255,657.0,2.4065934065934065,38.64,-121.27,2.135
4.8375,40.0,6.8625,1.09375,415.0,2.59375,38.64,-121.26,2.174
5.2949,33.0,7.188405797101449,1.0471014492753623,842.0,3.050724637681159,38.65,-121.27,1.733
3.8816,27.0,6.070796460176991,1.0265486725663715,1340.0,2.9646017699115044,38.65,-121.29,1.473
4.8661,24.0,6.358455882352941,1.0533088235294117,1336.0,2.4558823529411766,38.64,-121.28,1.862
3.6298,19.0,5.558320373250389,1.0404354587869362,1373.0,2.135303265940902,38.64,-121.28,2.421
3.7813,15.0,5.620057859209258,1.013500482160077,2868.0,2.7656702025072324,38.7,-121.28,1.432
2.6016,14.0,4.6989733059548255,1.104722792607803,6068.0,2.491991786447638,38.68,-121.28,1.212
3.235,18.0,5.770259638080252,1.0479937057435091,3339.0,2.627065302911093,38.7,-121.3,1.247
3.8776,11.0,6.131555555555556,1.0542222222222222,6000.0,2.6666666666666665,38.69,-121.32,1.245
1.9093,13.0,4.779327317473339,1.1575061525840853,2244.0,1.840853158326497,38.68,-121.33,1.429
2.2813,15.0,4.998011928429423,0.9582504970178928,1166.0,2.3180914512922466,38.72,-121.3,1.319
3.9506,11.0,5.516746411483253,1.0047846889952152,1308.0,3.129186602870813,38.72,-121.31,1.222
4.5245,14.0,5.874680306905371,0.989769820971867,2474.0,3.163682864450128,38.71,-121.32,1.275
4.3643,17.0,5.7188612099644125,0.9804270462633452,1879.0,3.3434163701067616,38.7,-121.32,1.249
3.0703,16.0,5.710651828298887,1.0206677265500794,1740.0,2.766295707472178,38.7,-121.32,1.26
4.6923,15.0,5.766544117647059,0.9356617647058824,1635.0,3.005514705882353,38.69,-121.33,1.227
3.5893,25.0,5.7695852534562215,0.9539170506912442,587.0,2.705069124423963,38.68,-121.32,1.464
2.8426,10.0,4.897243107769423,1.1152882205513786,1898.0,2.3784461152882206,38.67,-121.32,1.306
4.1563,26.0,5.684426229508197,0.9262295081967212,807.0,3.307377049180328,38.67,-121.31,1.357
1.962,17.0,4.071320182094082,1.0682852807283765,1410.0,2.139605462822458,38.67,-121.33,1.302
2.5909,17.0,4.871478873239437,1.028169014084507,1275.0,2.244718309859155,38.66,-121.33,1.254
3.5444,12.0,4.786854460093897,1.0272300469483568,2029.0,1.9051643192488263,38.68,-121.29,1.325
3.6995,13.0,4.94212962962963,0.9930555555555556,779.0,1.8032407407407407,38.69,-121.3,1.349
3.8603,22.0,5.354260089686099,0.9282511210762332,545.0,2.443946188340808,38.68,-121.31,1.343
3.0733,15.0,4.936117936117936,1.0442260442260445,2070.0,2.542997542997543,38.67,-121.3,1.198
5.2817,19.0,5.848017621145375,0.9647577092511012,1253.0,2.759911894273128,38.68,-121.3,1.406
4.8523,20.0,5.848341232227488,0.985781990521327,649.0,3.075829383886256,38.67,-121.3,1.43
4.2037,23.0,6.1461318051575935,0.9742120343839542,1022.0,2.9283667621776504,38.67,-121.3,1.254
4.6488,16.0,6.350847457627118,0.9932203389830508,1817.0,3.0796610169491525,38.7,-121.27,1.453
4.4489,16.0,5.966549295774648,1.051056338028169,1674.0,2.947183098591549,38.69,-121.27,1.456
2.7477,4.0,4.509516837481699,1.2108345534407028,1195.0,1.7496339677891657,38.68,-121.26,1.33
5.7133,13.0,6.75625,1.0166666666666666,1585.0,3.302083333333333,38.7,-121.24,1.668
4.2464,16.0,6.0073664825046045,0.98158379373849,1794.0,3.303867403314917,38.7,-121.25,1.444
5.2586,17.0,6.945035460992908,1.1312056737588652,1809.0,3.2074468085106385,38.69,-121.26,1.37
4.5562,17.0,6.237218813905931,0.983640081799591,1490.0,3.047034764826176,38.69,-121.25,1.345
3.7426,20.0,5.940677966101695,1.0,676.0,2.864406779661017,38.68,-121.24,1.355
4.9688,15.0,6.18595041322314,1.0041322314049588,730.0,3.0165289256198347,38.68,-121.25,1.356
5.2051,13.0,6.842443729903537,0.995176848874598,1948.0,3.1318327974276525,38.68,-121.26,1.674
4.2262,14.0,6.540913921360255,1.0988310308182785,2407.0,2.5579171094580238,38.67,-121.25,2.443
4.2273,18.0,5.069252077562327,0.8670360110803325,905.0,2.5069252077562325,38.67,-121.26,1.418
2.5199,16.0,3.971321695760599,1.1047381546134662,1550.0,1.9326683291770572,38.67,-121.27,1.49
4.0781,8.0,5.300925925925926,1.1157407407407407,447.0,2.0694444444444446,38.66,-121.26,1.243
3.8906,15.0,4.832386363636363,0.9829545454545454,723.0,2.053977272727273,38.67,-121.27,1.287
3.75,16.0,5.768718801996672,1.0232945091514145,1478.0,2.459234608985025,38.68,-121.28,1.473
5.4797,23.0,6.6937984496124034,1.0232558139534884,833.0,3.228682170542636,38.67,-121.28,1.6
4.3625,29.0,6.247126436781609,1.0,430.0,2.471264367816092,38.67,-121.28,1.588
1.8589,20.0,5.225,1.05,921.0,2.558333333333333,38.68,-121.29,1.44
3.6516,20.0,5.757225433526012,1.0491329479768785,889.0,2.569364161849711,38.67,-121.29,1.305
5.2177,15.0,7.384449244060475,1.0161987041036715,3166.0,3.419006479481641,38.72,-121.25,1.627
4.4609,16.0,6.2607361963190185,1.021472392638037,1912.0,2.932515337423313,38.71,-121.27,1.429
4.3009,14.0,5.847244094488189,1.003149606299213,1845.0,2.905511811023622,38.71,-121.25,1.434
4.3826,9.0,6.631578947368421,1.1443123938879456,3275.0,2.780135823429541,38.7,-121.26,1.466
5.6902,5.0,6.266900790166813,1.077260755048288,2623.0,2.302897278314311,38.69,-121.17,2.432
4.3214,28.0,6.414686825053996,1.0172786177105833,1379.0,2.978401727861771,38.7,-121.2,1.317
2.7174,26.0,5.171428571428572,1.020168067226891,1603.0,2.694117647058824,38.69,-121.2,1.375
3.4506,10.0,5.356715141146279,1.0932420872540634,2954.0,2.5269461077844317,38.68,-121.22,1.39
4.4695,23.0,6.677536231884058,0.9891304347826086,818.0,2.963768115942029,38.71,-121.22,2.147
4.8542,18.0,7.328888888888889,1.0577777777777777,2227.0,3.299259259259259,38.71,-121.23,1.705
3.9226,19.0,6.204946996466431,1.0,2357.0,2.7762073027090697,38.69,-121.23,1.487
3.8954,27.0,5.5548523206751055,1.0242616033755274,2432.0,2.5654008438818567,38.67,-121.23,1.33
4.0182,28.0,6.123924268502582,1.0137693631669535,1742.0,2.9982788296041307,38.67,-121.24,1.317
3.4896,9.0,5.9620596205962055,1.1436314363143631,938.0,2.5420054200542004,38.68,-121.2,1.438
4.1071,11.0,5.813953488372093,1.0105708245243128,2827.0,2.988372093023256,38.67,-121.21,1.458
4.05,20.0,6.220264317180617,0.9955947136563876,700.0,3.0837004405286343,38.67,-121.22,1.307
4.817,16.0,6.332129963898917,1.0252707581227436,773.0,2.7906137184115525,38.67,-121.19,1.47
4.6902,10.0,6.534569983136594,1.1264755480607085,1632.0,2.752107925801012,38.67,-121.2,1.71
6.1185,26.0,7.069343065693431,1.0437956204379562,769.0,2.8065693430656933,38.66,-121.19,1.792
5.47,17.0,6.659751037344399,0.9004149377593361,732.0,3.037344398340249,38.66,-121.2,2.048
6.1359,52.0,8.275862068965518,1.5172413793103448,6675.0,230.17241379310343,38.69,-121.15,2.25
3.0,37.0,4.890625,1.04296875,686.0,2.6796875,38.68,-121.17,1.219
3.7796,21.0,5.256997455470738,1.037319762510602,2827.0,2.397794741306192,38.67,-121.16,1.59
5.0159,6.0,6.558232931726908,1.038152610441767,4583.0,3.06760374832664,38.68,-121.15,1.896
3.1161,21.0,5.369465648854962,1.0183206106870228,1687.0,2.5755725190839693,38.68,-121.16,1.316
6.2503,2.0,8.408163265306122,1.1884353741496598,4438.0,3.019047619047619,38.66,-121.13,2.225
4.2031,8.0,5.520833333333333,1.1354166666666667,398.0,4.145833333333333,38.55,-121.13,2.125
6.8869,6.0,7.382384532760472,1.0300751879699248,2354.0,2.5284640171858217,38.51,-121.06,2.631
3.6645,16.0,6.014018691588785,1.030373831775701,1041.0,2.432242990654206,38.47,-121.13,2.034
3.6817,21.0,5.70911214953271,1.0379672897196262,4674.0,2.730140186915888,38.59,-121.32,1.361
2.5035,24.0,5.391625615763547,1.1206896551724137,2149.0,2.646551724137931,38.59,-121.32,1.237
3.9727,17.0,5.745231030097499,1.0487494701144553,6544.0,2.774056803730394,38.61,-121.29,1.327
5.31,15.0,7.1680851063829785,1.0617021276595744,1733.0,3.6872340425531913,38.57,-121.32,1.275
3.1042,18.0,5.463414634146342,0.926829268292683,95.0,2.317073170731707,38.53,-121.28,1.65
2.3684,17.0,4.795857988165681,1.0355029585798816,706.0,2.088757396449704,38.57,-121.33,1.5
2.6635,16.0,4.555555555555555,1.047953216374269,1762.0,2.0608187134502924,38.57,-121.37,1.358
5.6485,26.0,7.629787234042553,1.0382978723404257,653.0,2.7787234042553197,38.57,-121.36,1.295
4.5066,16.0,5.420618556701031,1.0123711340206183,1265.0,2.6082474226804124,38.56,-121.35,1.402
5.0917,17.0,6.125954198473282,0.9847328244274808,748.0,2.854961832061069,38.58,-121.34,1.341
4.4602,14.0,5.836215666327568,1.0254323499491351,2731.0,2.77822990844354,38.57,-121.34,1.345
3.9934,18.0,5.781935483870968,1.0064516129032255,2211.0,2.852903225806452,38.55,-121.35,1.233
5.0427,22.0,6.405405405405405,1.00982800982801,1216.0,2.987714987714988,38.55,-121.35,1.269
5.0622,16.0,6.140161725067386,0.9973045822102424,1203.0,3.242587601078167,38.56,-121.35,1.324
5.2881,17.0,6.573389651531151,0.9904963041182682,3064.0,3.235480464625132,38.56,-121.36,1.38
4.5815,21.0,6.165909090909091,0.9818181818181818,1287.0,2.925,38.55,-121.37,1.255
4.15,19.0,6.180451127819549,1.0075187969924813,457.0,3.43609022556391,38.51,-121.3,1.575
4.2206,29.0,6.639204545454546,1.1107954545454546,1054.0,2.9943181818181817,38.51,-121.35,1.577
4.3658,4.0,6.799092676604018,1.0991574854180168,10329.0,3.347051198963059,38.47,-121.4,1.306
4.5604,4.0,6.737383177570093,1.0663551401869158,6578.0,3.073831775700935,38.47,-121.38,1.459
5.4445,3.0,8.531645569620252,1.2151898734177216,990.0,3.132911392405063,38.43,-121.39,2.376
5.8831,19.0,6.881188118811881,1.0247524752475248,1320.0,3.267326732673267,38.44,-121.27,2.099
4.3879,2.0,7.105691056910569,1.1504065040650406,2816.0,2.861788617886179,38.46,-121.35,1.444
5.7452,14.0,7.0285087719298245,1.019736842105263,1439.0,3.155701754385965,38.44,-121.34,2.409
5.8239,17.0,6.887323943661972,1.0250391236306728,1970.0,3.082942097026604,38.41,-121.32,2.475
5.1811,6.0,9.431884057971017,1.3478260869565215,1168.0,3.3855072463768114,38.42,-121.36,1.884
3.5625,14.0,5.769349845201238,1.0603715170278638,1741.0,2.695046439628483,38.41,-121.37,1.257
4.7557,7.0,6.874717832957111,1.0395033860045146,2916.0,3.291196388261851,38.41,-121.38,1.504
4.45,10.0,5.834752981260648,1.071550255536627,1538.0,2.620102214650766,38.41,-121.38,1.387
4.8831,15.0,6.74512987012987,1.0340909090909092,1722.0,2.7954545454545454,38.4,-121.38,1.544
6.2575,15.0,7.35546875,0.9921875,893.0,3.48828125,38.39,-121.37,1.435
4.175,18.0,5.709371293001186,1.00711743772242,2333.0,2.767497034400949,38.4,-121.36,1.444
5.2447,10.0,6.755936675461742,1.0065963060686016,2568.0,3.387862796833773,38.39,-121.36,1.481
7.0326,10.0,6.670967741935484,0.9870967741935484,478.0,3.083870967741936,38.37,-121.13,2.411
3.8897,14.0,6.097222222222222,1.0717592592592593,1402.0,3.2453703703703702,38.36,-121.2,1.757
4.6989,14.0,6.291469194312796,1.0450236966824644,1277.0,3.0260663507109005,38.4,-121.22,2.138
4.5368,20.0,6.113095238095238,1.0089285714285714,934.0,2.7797619047619047,38.43,-121.22,2.193
4.5272,17.0,5.895161290322581,1.0376344086021505,1148.0,3.086021505376344,38.36,-121.29,1.917
4.4107,17.0,6.426966292134831,1.1348314606741574,626.0,3.5168539325842696,38.31,-121.27,1.516
4.1974,14.0,6.058035714285714,1.1026785714285714,695.0,3.102678571428572,38.33,-121.1,1.578
3.9808,20.0,5.678688524590164,1.0065573770491802,999.0,3.275409836065574,38.28,-121.2,1.602
4.4125,20.0,6.0,1.0456621004566211,712.0,3.251141552511416,38.27,-121.26,1.446
4.8073,11.0,6.669527896995708,1.1158798283261802,793.0,3.40343347639485,38.28,-121.29,1.567
4.4306,14.0,5.355191256830601,0.9344262295081968,659.0,3.601092896174863,38.28,-121.33,1.701
1.9485,16.0,4.518518518518518,1.0343915343915344,687.0,1.8174603174603172,38.28,-121.31,1.554
4.1179,4.0,6.42707240293809,1.1154249737670514,3077.0,3.228751311647429,38.26,-121.32,1.346
4.0516,8.0,6.201298701298701,1.0489964580873672,6002.0,3.543093270365998,38.46,-121.48,1.212
4.9516,3.0,7.338559163867115,1.1590145576707729,16305.0,3.043113101903695,38.43,-121.44,1.537
3.0833,24.0,6.42,1.108,1966.0,7.864,38.34,-121.41,1.625
4.4519,32.0,5.78714859437751,1.0481927710843373,629.0,2.5261044176706826,38.37,-121.45,1.375
2.9744,43.0,6.070063694267516,1.0414012738853504,996.0,3.171974522292994,38.26,-121.56,1.368
2.4353,36.0,5.717213114754099,1.0819672131147542,700.0,2.8688524590163933,38.19,-121.57,1.625
2.6719,23.0,5.159754224270353,1.1136712749615976,1862.0,2.860215053763441,36.85,-121.53,1.936
2.625,36.0,6.029585798816568,0.9940828402366864,602.0,3.562130177514793,36.86,-121.51,2.1
4.7813,21.0,5.741176470588235,1.0487394957983194,1862.0,3.1294117647058823,36.88,-121.6,2.415
3.1375,11.0,4.716374269005848,0.97953216374269,1617.0,4.728070175438597,36.86,-121.45,1.462
2.6818,41.0,4.680851063829787,1.127659574468085,389.0,4.138297872340425,36.86,-121.42,2.25
2.8839,11.0,4.591397849462366,1.0591397849462365,1474.0,3.9623655913978495,36.85,-121.41,1.459
2.6598,50.0,4.803603603603603,1.1045045045045043,1768.0,3.185585585585585,36.85,-121.4,1.573
2.9554,52.0,5.068119891008174,1.0899182561307903,1215.0,3.310626702997275,36.84,-121.4,1.365
3.0912,40.0,4.396261682242991,1.0018691588785047,1430.0,2.6728971962616823,36.84,-121.4,1.553
3.7049,23.0,5.239644970414201,1.0532544378698223,1105.0,3.269230769230769,36.84,-121.41,1.922
1.9405,36.0,4.925490196078432,1.0588235294117647,910.0,3.5686274509803924,36.86,-121.4,1.454
3.7316,13.0,5.508701472556894,1.0468540829986612,2903.0,3.8862115127175367,36.85,-121.38,1.924
4.1875,6.0,5.816358024691358,1.0324074074074074,2061.0,3.180555555555556,36.84,-121.38,2.176
3.5714,11.0,5.575418994413408,1.067039106145251,1023.0,2.857541899441341,36.84,-121.37,2.43
3.6354,17.0,5.457380457380458,1.0644490644490645,1487.0,3.0914760914760917,36.84,-121.38,2.212
4.76,14.0,6.096666666666667,1.02,1951.0,3.2516666666666665,36.83,-121.37,2.16
3.067,11.0,5.659021406727828,1.1299694189602447,1749.0,2.6743119266055047,36.83,-121.4,2.079
4.005,7.0,4.966767371601208,1.0211480362537764,1143.0,3.4531722054380665,36.84,-121.44,1.804
2.3125,7.0,5.348684210526316,1.069078947368421,677.0,2.226973684210526,36.85,-121.42,1.708
3.6333,30.0,5.431578947368421,0.9473684210526316,288.0,3.031578947368421,36.79,-121.32,2.025
3.2292,52.0,7.075313807531381,1.2594142259414225,618.0,2.585774058577406,36.47,-120.95,2.25
5.7763,14.0,6.847746650426309,1.048721071863581,3108.0,3.785627283800244,33.99,-117.72,2.067
5.6501,4.0,6.162349968414403,1.104232469993683,4662.0,2.9450410612760582,33.97,-117.74,2.549
5.228,16.0,6.569451309935739,1.0192782995551162,6931.0,3.426099851705388,33.97,-117.72,1.878
3.851,10.0,4.936789449749886,1.035925420645748,6474.0,2.9440654843110505,33.97,-117.71,1.372
6.2141,4.0,6.716019417475728,1.0784789644012944,3941.0,3.1885113268608416,33.92,-117.7,2.522
5.1165,40.0,5.747368421052632,1.1210526315789473,457.0,2.405263157894737,33.94,-117.76,1.842
2.725,28.0,5.484732824427481,1.1259541984732824,724.0,2.763358778625954,34.09,-117.69,1.402
3.625,25.0,5.305555555555555,1.021604938271605,1098.0,3.388888888888889,34.09,-117.7,1.218
2.5972,29.0,4.037974683544304,0.8955696202531646,1216.0,3.848101265822785,34.08,-117.71,1.343
3.8875,31.0,5.15406162464986,1.0644257703081232,1187.0,3.324929971988796,34.07,-117.71,1.292
4.5185,30.0,5.828767123287672,1.058904109589041,2129.0,2.916438356164384,34.08,-117.69,1.425
3.7083,35.0,5.858181818181818,1.0163636363636364,1970.0,3.581818181818182,34.07,-117.69,1.31
3.8586,34.0,5.385126162018592,0.9814077025232404,2470.0,3.2802124833997346,34.07,-117.69,1.36
3.2344,14.0,5.248730964467005,1.1243654822335023,2026.0,2.571065989847716,34.08,-117.69,1.282
3.6,24.0,5.351648351648351,0.9945054945054944,1286.0,3.532967032967033,34.07,-117.71,1.393
4.1448,33.0,5.961734693877551,1.0089285714285714,2769.0,3.5318877551020407,34.08,-117.7,1.373
3.7969,33.0,5.122112211221122,0.9504950495049505,1326.0,4.376237623762377,34.07,-117.7,1.284
2.5536,25.0,4.510791366906475,1.038369304556355,1337.0,3.206235011990408,34.06,-117.69,1.44
2.3049,25.0,3.641843971631206,1.0797872340425532,2271.0,4.026595744680851,34.06,-117.7,1.5
2.5395,25.0,4.970588235294118,1.2379679144385027,1070.0,2.86096256684492,34.05,-117.68,1.875
4.3264,10.0,5.1652892561983474,1.008264462809917,1055.0,2.90633608815427,34.05,-117.69,1.289
4.7357,24.0,6.016985138004246,0.9978768577494692,1815.0,3.853503184713376,34.05,-117.7,1.625
3.625,16.0,4.404833836858006,0.8912386706948641,912.0,2.7552870090634443,34.06,-117.71,1.604
2.5735,20.0,4.742203742203742,0.9230769230769232,1545.0,3.212058212058212,34.05,-117.71,1.305
4.0096,5.0,5.061293984108967,1.0170261066969353,2028.0,2.3019296254256525,34.04,-117.69,1.826
3.5954,13.0,5.387195121951219,1.0416666666666667,2870.0,2.9166666666666665,34.04,-117.7,1.63
4.625,20.0,6.25,0.9935897435897436,1054.0,3.378205128205128,34.04,-117.71,2.221
2.9811,17.0,5.747545582047686,1.0280504908835906,1859.0,2.6072931276297333,34.04,-117.71,2.318
5.6029,17.0,6.058455114822547,0.9937369519832986,1652.0,3.448851774530272,34.03,-117.72,1.618
6.5958,17.0,6.95703125,1.0234375,860.0,3.359375,34.02,-117.72,2.368
4.125,36.0,6.030927835051546,1.0103092783505154,1213.0,3.1262886597938144,34.01,-117.73,2.13
5.4824,15.0,6.551051051051051,1.036036036036036,2410.0,3.618618618618618,34.0,-117.72,1.797
5.7338,5.0,5.804012345679013,0.8950617283950617,2335.0,3.603395061728395,34.0,-117.68,2.254
5.7021,15.0,6.437007874015748,0.9330708661417324,2711.0,3.557742782152231,34.0,-117.7,1.931
3.6361,17.0,5.690134529147982,1.0878923766816144,7343.0,3.2928251121076237,34.02,-117.71,1.577
3.4267,11.0,5.128698224852071,1.107988165680473,2163.0,3.1997041420118344,34.03,-117.71,1.644
4.7056,20.0,5.904137931034483,0.973103448275862,4861.0,3.352413793103448,34.03,-117.67,1.655
3.0396,16.0,4.83756345177665,1.1302876480541455,1946.0,3.292724196277496,34.03,-117.68,1.243
3.4184,20.0,4.721481481481481,1.045925925925926,3690.0,2.7333333333333334,34.03,-117.69,1.625
3.2073,20.0,4.76332899869961,1.0110533159947983,5718.0,3.717815344603381,34.01,-117.68,1.235
4.1719,24.0,5.063725490196078,0.9264705882352942,486.0,2.3823529411764706,34.15,-117.68,2.135
5.3525,15.0,6.684989429175476,1.0465116279069768,1145.0,2.4207188160676534,34.12,-117.67,1.917
6.075,19.0,7.848722986247544,1.088408644400786,1523.0,2.9921414538310414,34.13,-117.66,2.541
5.9328,24.0,7.02317880794702,0.9801324503311258,913.0,3.02317880794702,34.13,-117.65,2.559
6.2083,17.0,7.403940886699507,1.0517241379310345,1291.0,3.1798029556650245,34.12,-117.65,2.427
6.0758,4.0,6.520361990950226,1.1689291101055808,1479.0,2.230769230769231,34.12,-117.63,2.268
5.8407,18.0,7.510416666666667,1.1125,1682.0,3.504166666666667,34.12,-117.64,2.029
3.6219,29.0,4.698234349919743,1.0176565008025682,1710.0,2.744783306581059,34.11,-117.65,1.766
2.5868,16.0,5.617414248021108,1.108179419525066,932.0,2.45910290237467,34.11,-117.64,1.469
4.2969,30.0,5.864035087719298,0.9385964912280702,1404.0,3.0789473684210527,34.11,-117.63,1.656
5.7214,16.0,6.231428571428571,0.9171428571428571,1133.0,3.237142857142857,34.12,-117.68,2.594
5.5292,16.0,6.875,1.0150862068965518,1414.0,3.0474137931034484,34.11,-117.68,2.086
6.1195,16.0,7.75251509054326,1.0885311871227363,1726.0,3.4728370221327967,34.12,-117.66,2.511
5.0681,19.0,5.939655172413793,1.139655172413793,1635.0,2.8189655172413794,34.11,-117.66,2.305
6.5587,27.0,6.227642276422764,0.9214092140921408,1071.0,2.902439024390244,34.12,-117.65,2.39
5.3368,28.0,7.241558441558442,0.961038961038961,1140.0,2.961038961038961,34.11,-117.65,2.335
2.6074,17.0,4.43801652892562,1.2219598583234947,1722.0,2.0330578512396693,34.1,-117.69,1.375
2.8326,11.0,4.560148056755089,1.107958050586058,3841.0,2.3695249845774216,34.1,-117.68,1.63
3.875,28.0,5.767123287671233,1.1324200913242009,601.0,2.7442922374429224,34.1,-117.67,1.74
4.3438,19.0,5.181500872600349,1.0558464223385688,1326.0,2.3141361256544504,34.1,-117.67,1.557
3.6,19.0,5.24223602484472,1.1335403726708075,622.0,1.9316770186335404,34.1,-117.65,1.364
3.4634,37.0,5.505586592178771,0.9636871508379888,939.0,2.622905027932961,34.1,-117.66,1.453
2.2429,26.0,3.4608208955223883,1.0317164179104477,1109.0,2.069029850746269,34.1,-117.66,1.5
2.9812,22.0,4.8955696202531644,1.0569620253164558,773.0,2.4462025316455698,34.09,-117.68,1.488
3.6667,26.0,6.122340425531915,1.0638297872340423,593.0,3.154255319148936,34.09,-117.66,1.663
3.2321,20.0,5.3755458515283845,1.0829694323144106,1117.0,2.438864628820961,34.09,-117.66,1.625
3.0357,23.0,4.470219435736677,0.9811912225705328,954.0,2.9905956112852663,34.09,-117.66,1.515
4.3958,33.0,5.936893203883495,0.9611650485436892,1209.0,2.934466019417476,34.09,-117.65,1.456
5.1261,20.0,6.137404580152672,0.9847328244274808,1655.0,3.1583969465648853,34.13,-117.62,1.588
6.148,17.0,7.133587786259542,1.1870229007633588,831.0,3.1717557251908395,34.11,-117.62,2.439
4.4637,31.0,5.88735632183908,0.9517241379310344,1204.0,2.767816091954023,34.11,-117.62,1.928
2.6582,15.0,4.540208136234626,1.143803216650899,2554.0,2.416272469252602,34.1,-117.63,1.228
3.05,34.0,4.499207606973059,1.0443740095087164,1822.0,2.8874801901743266,34.09,-117.64,1.213
2.7159,44.0,5.1054545454545455,1.0636363636363635,1444.0,2.625454545454545,34.1,-117.65,1.393
3.3482,21.0,5.366824644549763,1.1232227488151658,3067.0,2.9071090047393366,34.08,-117.68,1.373
3.0978,28.0,4.937751004016064,0.9879518072289156,1230.0,2.469879518072289,34.08,-117.68,1.372
3.5036,29.0,5.0,1.0543478260869563,1278.0,3.472826086956522,34.07,-117.67,1.234
1.7806,24.0,4.058732612055642,1.0695517774343122,2204.0,3.406491499227202,34.07,-117.68,1.35
4.0375,32.0,5.877483443708609,1.0397350993377483,1067.0,3.533112582781457,34.07,-117.68,1.213
4.7176,35.0,6.703324808184143,1.0,1074.0,2.7468030690537084,34.08,-117.65,1.664
3.3836,38.0,5.693581780538302,1.184265010351967,1410.0,2.919254658385093,34.08,-117.65,1.449
2.9474,37.0,4.869047619047619,1.0138888888888888,1165.0,2.3115079365079363,34.07,-117.66,1.396
2.8702,36.0,5.245569620253165,1.0329113924050632,964.0,2.440506329113924,34.07,-117.66,1.37
2.587,33.0,5.549333333333333,1.090666666666667,1008.0,2.688,34.07,-117.66,1.381
3.3036,36.0,5.689655172413793,0.9042145593869731,623.0,2.3869731800766285,34.08,-117.66,1.41
3.9227,33.0,5.949593495934959,0.959349593495935,1773.0,2.8829268292682926,34.08,-117.66,1.572
3.3958,37.0,6.018691588785047,1.0934579439252337,1284.0,3.0,34.08,-117.64,1.304
3.2083,43.0,5.038363171355499,0.969309462915601,1036.0,2.649616368286445,34.07,-117.64,1.228
3.375,52.0,5.1807780320366135,1.0045766590389016,1031.0,2.359267734553776,34.08,-117.65,1.443
5.4689,40.0,6.648760330578512,1.0661157024793388,624.0,2.5785123966942147,34.08,-117.65,1.582
2.4464,33.0,4.183157894736842,0.9578947368421052,1369.0,2.8821052631578947,34.08,-117.64,1.226
3.3936,15.0,5.532697547683924,1.1049046321525886,2884.0,3.9291553133514983,34.07,-117.62,1.27
2.8977,19.0,5.072674418604652,1.186046511627907,2818.0,4.09593023255814,34.09,-117.63,1.262
4.0139,26.0,5.779151943462898,1.0512367491166077,2259.0,3.991166077738516,34.09,-117.62,1.32
4.4946,24.0,5.294896030245747,1.0472589792060492,2064.0,3.9017013232514177,34.08,-117.62,1.36
3.0199,20.0,5.212922173274596,1.080763582966226,2229.0,3.2731277533039647,34.08,-117.61,1.288
4.4205,23.0,5.078328981723238,0.9451697127937336,1483.0,3.8720626631853783,34.09,-117.61,1.355
4.6167,11.0,4.694835680751174,0.9178403755868544,1503.0,3.528169014084507,34.09,-117.61,1.44
4.7147,12.0,5.251482799525504,0.9750889679715302,2400.0,2.846975088967972,34.08,-117.61,1.587
4.9063,15.0,6.013363028953229,1.024498886414254,1432.0,3.1893095768374167,34.08,-117.6,1.598
2.5677,16.0,4.326133909287257,1.1511879049676026,5110.0,3.678905687544997,34.07,-117.62,1.289
4.6563,16.0,6.093457943925234,0.9364485981308412,1973.0,3.68785046728972,34.04,-117.67,1.62
4.7872,16.0,5.845505617977528,0.9775280898876404,1332.0,3.741573033707865,34.04,-117.66,1.476
3.6467,14.0,5.174168297455969,1.0273972602739727,2021.0,3.954990215264188,34.05,-117.66,1.475
3.9336,15.0,5.553191489361702,1.0687397708674304,2039.0,3.337152209492635,34.04,-117.65,1.51
4.2054,10.0,5.515837104072398,1.048265460030166,2079.0,3.1357466063348416,34.04,-117.66,1.599
3.2062,6.0,4.809847198641766,1.066213921901528,1717.0,2.9151103565365024,34.05,-117.67,1.675
5.2551,13.0,6.071428571428571,0.9894179894179894,1284.0,3.3968253968253967,34.04,-117.67,1.943
3.9107,27.0,5.572815533980583,1.0,321.0,3.116504854368932,34.04,-117.68,1.865
4.4042,9.0,5.416452442159383,1.056555269922879,1138.0,2.9254498714652954,34.02,-117.65,1.591
5.753,14.0,6.071022727272728,0.9801136363636364,1151.0,3.269886363636364,34.03,-117.66,1.855
4.8906,16.0,6.404210526315789,1.103157894736842,1516.0,3.191578947368421,34.02,-117.67,1.785
6.7544,11.0,6.966804979253112,1.045643153526971,1690.0,3.506224066390041,34.02,-117.66,2.079
3.449,15.0,5.151515151515151,1.0524475524475525,2373.0,2.765734265734266,34.03,-117.65,1.491
4.8281,11.0,5.525606469002695,1.0296495956873315,1044.0,2.8140161725067387,34.03,-117.64,1.37
4.1779,10.0,5.817850637522769,1.0546448087431697,2088.0,3.80327868852459,34.03,-117.64,1.591
4.0611,10.0,5.88086642599278,1.11913357400722,2637.0,3.1732851985559565,34.02,-117.64,1.58
5.6168,13.0,6.727524204702628,1.008298755186722,2780.0,3.8450899031811896,34.02,-117.63,1.754
5.5632,9.0,7.241086587436333,0.99660441426146,2280.0,3.870967741935484,34.02,-117.62,1.951
4.8311,15.0,6.3478260869565215,1.064412238325282,2240.0,3.607085346215781,34.03,-117.62,1.76
5.0431,16.0,6.296296296296297,1.0030864197530864,1207.0,3.725308641975309,34.02,-117.62,1.641
3.8125,15.0,5.460365853658536,1.054878048780488,1219.0,3.716463414634146,34.02,-117.61,1.703
5.2849,16.0,5.907303370786517,0.9775280898876404,1305.0,3.665730337078652,34.02,-117.6,1.604
5.5677,16.0,6.2719665271966525,0.9707112970711296,918.0,3.8410041841004174,34.03,-117.6,1.754
3.1672,8.0,5.524832214765101,1.0281879194630872,1785.0,2.3959731543624163,34.04,-117.61,1.502
5.5425,12.0,7.181585677749361,1.1138107416879794,3019.0,3.860613810741688,34.02,-117.66,2.023
2.4375,29.0,6.74496644295302,1.0201342281879195,513.0,3.442953020134228,33.99,-117.64,1.813
5.411,5.0,5.137037037037037,0.8740740740740741,855.0,3.1666666666666665,34.0,-117.66,2.011
2.7284,26.0,6.004901960784314,0.9754901960784312,717.0,3.514705882352941,33.98,-117.6,2.25
4.2578,36.0,5.258823529411765,1.1176470588235294,2886.0,33.95294117647059,33.94,-117.63,1.833
4.0037,2.0,7.536463536463536,1.5144855144855145,2801.0,2.798201798201798,34.0,-117.58,2.452
5.9369,5.0,7.855313700384123,1.1254801536491676,2795.0,3.5787451984635084,34.13,-117.57,2.252
5.1333,4.0,7.107561665992721,1.1399110392236151,7766.0,3.1403154063890013,34.12,-117.54,1.818
3.9241,16.0,5.298245614035087,0.93734335839599,1463.0,3.6666666666666665,34.11,-117.54,1.315
4.6437,21.0,7.507645259938838,1.165137614678899,1094.0,3.345565749235474,34.14,-117.51,1.917
5.285,2.0,9.232253086419751,1.3904320987654322,4436.0,3.4228395061728394,34.12,-117.5,1.917
5.3638,3.0,6.444695259593679,1.0372460496613995,2874.0,3.2437923250564333,34.14,-117.55,2.063
5.3678,7.0,7.38625,1.090625,5499.0,3.436875,34.14,-117.58,2.317
5.5198,14.0,6.559751037344398,1.0311203319502074,7363.0,3.055186721991701,34.14,-117.61,2.456
4.4611,21.0,6.275913497390008,1.0335570469798658,4308.0,3.2125279642058167,34.13,-117.61,1.646
4.6997,17.0,5.7786391042205,1.0318690783807063,3954.0,3.405684754521964,34.12,-117.61,1.569
3.8505,10.0,5.412126068376068,1.0456730769230769,9716.0,2.59508547008547,34.13,-117.59,1.696
4.7547,14.0,5.791438526630165,1.022896963663514,6443.0,3.207068193130911,34.11,-117.58,1.576
4.8889,18.0,5.860894941634241,1.0330739299610896,3360.0,3.268482490272373,34.11,-117.6,1.557
4.7193,4.0,5.664495114006515,1.035016286644951,3455.0,2.813517915309446,34.12,-117.56,1.787
3.7973,4.0,4.860127157129882,1.0990009082652137,2988.0,2.713896457765668,34.12,-117.56,1.813
3.6033,9.0,4.946764091858038,1.0686325678496869,10323.0,2.693893528183716,34.1,-117.61,1.326
2.3603,17.0,4.073743016759776,1.1564245810055866,1987.0,2.2201117318435752,34.1,-117.59,1.393
3.5186,4.0,4.555873925501433,1.1346704871060171,3359.0,2.406160458452722,34.1,-117.58,1.278
3.9755,16.0,4.802,0.93,1757.0,3.514,34.09,-117.59,1.204
5.0769,16.0,6.104609929078015,0.99645390070922,2130.0,3.776595744680851,34.03,-117.59,1.614
4.7857,14.0,5.971428571428572,1.0653061224489797,881.0,3.595918367346939,34.02,-117.59,1.525
5.2692,4.0,5.756238003838772,1.0479846449136276,3182.0,3.053742802303263,34.02,-117.58,1.748
4.6727,5.0,5.395330739299611,1.0202334630350194,3845.0,2.992217898832685,34.02,-117.57,1.589
4.8283,4.0,6.795894428152493,1.0533724340175954,5804.0,3.4041055718475075,34.13,-117.42,1.419
3.2056,7.0,5.564485981308411,1.0009345794392523,3567.0,3.333644859813084,34.12,-117.43,1.341
4.1797,6.0,6.794212218649518,1.1363344051446946,5690.0,3.659163987138264,34.12,-117.47,1.41
3.6602,18.0,5.455840455840455,1.0683760683760684,2767.0,3.9415954415954415,34.08,-117.46,1.207
2.9107,27.0,5.807339449541284,1.135321100917431,1305.0,2.993119266055046,34.06,-117.42,1.431
4.3397,24.0,6.508045977011494,1.0988505747126436,1582.0,3.636781609195402,34.06,-117.46,1.956
2.7574,33.0,6.021834061135372,1.1921397379912664,884.0,3.860262008733625,34.06,-117.47,1.25
3.9464,20.0,7.644329896907217,1.2835051546391754,660.0,3.402061855670103,34.05,-117.49,2.077
5.1647,5.0,5.942942942942943,0.9984984984984984,2456.0,3.687687687687688,34.04,-117.5,1.547
5.0175,4.0,5.424050632911392,1.0268987341772151,2158.0,3.4145569620253164,34.04,-117.5,1.434
4.1775,4.0,5.495446265938069,1.0655737704918034,3527.0,3.2122040072859743,34.04,-117.49,1.437
4.2429,3.0,7.316657191586128,1.3160886867538375,5820.0,3.3086981239340534,34.04,-117.46,1.473
5.246,11.0,7.290148448043185,1.0074224021592442,5221.0,3.5229419703103915,34.14,-117.38,1.614
4.7909,4.0,7.9763779527559056,1.2230971128608925,5020.0,3.293963254593176,34.15,-117.4,1.492
5.3671,16.0,7.047808764940239,1.0119521912350598,1778.0,7.083665338645418,34.18,-117.4,1.818
3.7578,16.0,2.539473684210526,0.5921052631578947,312.0,4.105263157894737,34.2,-117.38,1.375
2.9112,7.0,5.4604810996563575,1.0687285223367695,4052.0,3.4810996563573884,34.11,-117.45,1.217
4.1375,28.0,6.105162523900574,1.0038240917782026,1750.0,3.3460803059273423,34.09,-117.42,1.283
3.4844,28.0,5.18018018018018,0.9436936936936936,1312.0,2.954954954954955,34.08,-117.42,1.277
4.263,31.0,5.9609665427509295,1.0408921933085502,1582.0,2.940520446096654,34.08,-117.43,1.274
2.7437,18.0,5.535776614310646,1.1029668411867364,1621.0,2.8289703315881325,34.09,-117.43,1.202
2.7569,21.0,5.315852205005959,1.1084624553039333,2657.0,3.166865315852205,34.08,-117.42,1.275
2.1189,13.0,4.477919528949951,1.1648675171736995,2475.0,2.4288518155053973,34.08,-117.43,1.217
3.6466,21.0,5.769230769230769,1.0262237762237765,1896.0,3.3146853146853146,34.09,-117.41,1.306
4.2121,14.0,5.14095744680851,0.922872340425532,1443.0,3.8377659574468086,34.11,-117.4,1.281
4.8889,5.0,6.1587628865979385,0.9422680412371134,1821.0,3.754639175257732,34.11,-117.39,1.389
4.9444,16.0,5.533980582524272,0.8786407766990292,627.0,3.0436893203883497,34.11,-117.39,1.327
4.1632,9.0,6.021621621621621,1.0756756756756756,1316.0,3.556756756756757,34.13,-117.39,1.198
2.3456,12.0,4.866323907455013,1.2673521850899745,1054.0,2.709511568123393,34.13,-117.37,1.408
4.9196,7.0,6.3158551810237205,0.9737827715355806,3253.0,4.061173533083646,34.12,-117.39,1.405
3.3438,8.0,5.455172413793103,1.1241379310344828,2184.0,3.0124137931034483,34.09,-117.38,1.276
4.9091,6.0,4.94017094017094,0.8162393162393162,910.0,3.888888888888889,34.07,-117.38,1.224
4.125,52.0,3.125,0.5625,60.0,3.75,34.07,-117.37,2.625
3.7348,4.0,5.705276705276705,1.178893178893179,4775.0,3.072715572715573,34.08,-117.36,1.258
4.4034,5.0,6.427829698857736,1.031152647975078,3615.0,3.7538940809968846,34.09,-117.4,1.332
4.3958,10.0,6.15450643776824,1.0139484978540771,3528.0,3.785407725321889,34.09,-117.39,1.307
3.8558,15.0,6.086687306501548,1.0247678018575852,1118.0,3.461300309597523,34.07,-117.39,1.227
4.1581,22.0,6.3585118376550165,1.0022547914317923,3157.0,3.5591882750845545,34.12,-117.35,1.265
4.0294,18.0,5.865269461077844,1.0409181636726548,3114.0,3.1077844311377247,34.13,-117.37,1.332
3.7286,26.0,7.101449275362318,1.0326086956521738,1862.0,3.3731884057971016,34.13,-117.35,1.32
3.5139,14.0,5.569832402234637,0.9720670391061452,1729.0,3.2197392923649906,34.04,-117.35,1.468
4.4367,5.0,6.1020408163265305,1.0566161948650428,4916.0,3.2363396971691905,34.2,-117.35,1.332
5.7628,16.0,5.691176470588236,0.8970588235294118,489.0,3.5955882352941178,34.22,-117.38,2.213
5.2072,20.0,6.170212765957447,0.9627659574468084,543.0,2.8882978723404253,34.24,-117.41,1.643
6.1426,17.0,6.304964539007092,0.9290780141843972,439.0,3.1134751773049647,34.23,-117.41,1.55
3.1736,26.0,5.392361111111111,1.046875,1396.0,2.423611111111111,34.17,-117.28,1.222
5.5136,19.0,6.62992125984252,1.0,1176.0,3.0866141732283463,34.18,-117.3,1.371
4.6312,7.0,5.839679358717435,0.9639278557114228,1584.0,3.1743486973947896,34.18,-117.34,1.249
2.9877,5.0,4.46780303030303,1.0795454545454546,2564.0,2.428030303030303,34.17,-117.33,1.199
4.0156,9.0,4.677631578947368,0.9144736842105264,316.0,2.0789473684210527,34.16,-117.32,1.31
3.3281,7.0,5.010462074978204,1.13949433304272,2578.0,2.2476024411508284,34.15,-117.31,1.222
6.2236,32.0,6.488789237668161,0.9573991031390134,1151.0,2.580717488789237,34.16,-117.27,1.597
3.8292,36.0,6.694980694980695,1.0810810810810811,604.0,2.332046332046332,34.15,-117.28,1.222
1.9832,26.0,4.92814371257485,1.06187624750499,1068.0,2.131736526946108,34.16,-117.28,1.221
3.1765,32.0,5.41147132169576,1.0723192019950123,815.0,2.0324189526184537,34.15,-117.28,1.35
4.3362,31.0,5.945098039215687,0.9333333333333332,596.0,2.3372549019607844,34.16,-117.25,1.594
3.8906,30.0,5.630813953488372,1.0203488372093024,945.0,2.747093023255814,34.17,-117.26,1.237
4.625,16.0,3.75,0.375,49.0,6.125,34.17,-117.27,2.5
4.7344,29.0,6.444155844155844,0.9948051948051948,1188.0,3.085714285714286,34.04,-117.31,1.346
3.39,5.0,5.19589552238806,1.0764925373134329,1310.0,2.444029850746269,34.04,-117.31,1.495
5.1365,2.0,5.453947368421052,0.9539473684210528,868.0,2.8552631578947367,34.06,-117.28,1.367
4.6708,17.0,6.071672354948806,0.9965870307167236,1006.0,3.433447098976109,34.02,-117.32,1.231
4.7986,18.0,6.130890052356021,1.0523560209424083,1264.0,3.3089005235602094,34.03,-117.33,1.237
3.9024,13.0,5.759342301943199,1.1375186846038865,1685.0,2.5186846038863977,34.03,-117.32,1.224
5.0318,24.0,6.509933774834437,0.9900662251655628,786.0,2.6026490066225167,34.03,-117.31,1.345
5.7393,9.0,5.792270531400966,0.9033816425120772,629.0,3.0386473429951693,34.03,-117.31,1.516
5.2139,18.0,5.733333333333333,0.9614035087719298,899.0,3.1543859649122807,34.02,-117.31,1.293
4.1667,9.0,5.583219645293315,1.0402455661664394,3630.0,2.47612551159618,34.03,-117.29,1.977
6.1986,17.0,6.778225806451613,1.0221774193548387,1520.0,3.064516129032258,34.04,-117.24,2.145
4.4472,18.0,5.445179584120983,1.0047258979206048,2763.0,2.611531190926276,34.04,-117.25,1.611
3.1607,34.0,4.743732590529248,1.1002785515320337,849.0,2.364902506963788,34.05,-117.27,1.382
7.978,5.0,7.995495495495495,1.054054054054054,726.0,3.27027027027027,34.04,-117.24,2.239
5.3366,4.0,6.083687943262412,0.9673758865248226,1981.0,2.8099290780141843,34.04,-117.24,1.651
4.6445,17.0,6.045618247298919,0.9807923169267708,2084.0,2.501800720288115,34.15,-117.23,1.372
2.5625,16.0,5.459745762711864,1.103813559322034,956.0,2.0254237288135597,34.14,-117.23,1.294
4.6111,23.0,6.106349206349206,0.9650793650793652,1621.0,2.573015873015873,34.15,-117.24,1.284
6.0,26.0,5.442666666666667,0.7813333333333333,936.0,2.496,34.15,-117.24,1.402
5.2591,16.0,6.04119850187266,0.9176029962546816,811.0,3.0374531835206,34.14,-117.21,1.407
6.2516,9.0,6.972375690607735,0.9723756906077348,1139.0,3.146408839779005,34.15,-117.22,1.593
7.732,18.0,7.26171875,0.98046875,747.0,2.91796875,34.15,-117.2,1.732
3.1513,14.0,5.526096033402923,1.0939457202505218,989.0,2.0647181628392484,34.14,-117.2,1.6
5.159,18.0,5.944272445820434,1.0309597523219811,890.0,2.7554179566563466,34.14,-117.2,1.448
3.4138,14.0,6.01203007518797,1.069172932330827,1509.0,2.269172932330827,34.13,-117.2,1.267
3.0587,5.0,5.284007352941177,1.2729779411764706,2382.0,2.1893382352941178,34.08,-117.21,1.431
3.2368,8.0,4.602102102102102,1.039039039039039,1440.0,2.1621621621621623,34.07,-117.22,1.292
5.4138,2.0,8.930715935334874,1.3233256351039262,1275.0,2.9445727482678983,34.12,-117.17,1.644
3.2708,40.0,6.857142857142857,1.0,46.0,3.2857142857142856,34.1,-117.12,1.625
6.2178,3.0,8.174479166666666,1.1708333333333334,6080.0,3.1666666666666665,34.12,-117.17,1.739
4.5938,5.0,5.767141009055627,0.9715394566623544,2392.0,3.094437257438551,34.08,-117.19,1.265
2.4943,29.0,5.082840236686391,1.081360946745562,1323.0,1.9571005917159765,34.05,-117.18,1.223
3.1801,29.0,5.757183908045977,1.0057471264367817,1576.0,2.264367816091954,34.05,-117.17,1.493
4.9125,41.0,6.35251798561151,1.0359712230215827,753.0,2.70863309352518,34.04,-117.18,1.407
2.6129,52.0,5.777777777777778,1.0857142857142856,601.0,1.907936507936508,34.05,-117.18,1.37
3.8816,33.0,6.161885245901639,1.0204918032786885,1252.0,2.565573770491804,34.05,-117.19,1.346
6.0715,24.0,6.782051282051282,0.9487179487179488,676.0,2.888888888888889,34.04,-117.2,1.734
5.9915,23.0,6.315412186379929,0.956989247311828,1132.0,4.057347670250896,34.04,-117.2,1.532
6.2917,14.0,7.310262529832936,1.0167064439140812,1570.0,3.747016706443914,34.04,-117.21,2.247
3.2131,4.0,4.373493975903615,1.1506024096385543,1250.0,1.882530120481928,34.05,-117.21,1.375
3.6875,38.0,6.753387533875339,1.032520325203252,1003.0,2.7181571815718155,34.04,-117.18,1.528
4.6806,36.0,6.716012084592145,1.0906344410876132,942.0,2.845921450151057,34.03,-117.19,1.524
6.4962,25.0,7.853125,1.0625,900.0,2.8125,34.03,-117.19,1.824
4.51,9.0,5.736216216216216,1.0735135135135134,2630.0,2.843243243243243,34.08,-117.16,1.358
4.875,5.0,5.7315175097276265,0.8871595330739299,842.0,3.2762645914396886,34.08,-117.17,1.381
5.3526,15.0,6.214765100671141,1.0604026845637584,906.0,3.040268456375839,34.07,-117.15,1.298
5.5875,3.0,6.875930521091812,1.0272952853598014,2506.0,3.109181141439206,34.07,-117.14,1.62
3.9741,15.0,6.645652173913043,1.108695652173913,1154.0,2.508695652173913,34.06,-117.14,1.411
4.0658,25.0,5.788643533123029,1.0157728706624605,1815.0,2.862776025236593,34.06,-117.15,1.274
6.746,5.0,7.080645161290323,0.9650537634408602,1173.0,3.153225806451613,34.05,-117.14,2.041
5.0227,9.0,6.269565217391304,0.9521739130434784,633.0,2.752173913043478,34.05,-117.15,1.623
6.0701,23.0,7.390804597701149,1.0620689655172413,1411.0,3.2436781609195404,34.05,-117.16,1.499
4.2059,24.0,6.069620253164557,1.0696202531645569,1141.0,2.4071729957805905,34.05,-117.17,1.215
6.5648,32.0,7.355844155844156,1.0207792207792208,1033.0,2.6831168831168832,34.03,-117.15,2.372
6.1461,26.0,7.847633136094674,1.03698224852071,1818.0,2.689349112426036,34.03,-117.15,2.171
6.3308,33.0,7.183385579937304,1.0156739811912223,1760.0,2.7586206896551726,34.03,-117.17,2.306
4.0556,37.0,8.833333333333334,1.5,27.0,2.25,34.01,-117.09,1.313
1.3906,38.0,5.403846153846154,1.0576923076923077,151.0,2.9038461538461537,34.06,-117.12,1.208
4.9688,4.0,6.333333333333333,1.0493827160493827,1341.0,2.759259259259259,34.06,-117.13,1.632
4.8173,25.0,6.160493827160494,1.0814814814814817,1071.0,2.6444444444444444,34.04,-117.12,1.466
1.9694,14.0,6.853745541022592,1.1961950059453033,1876.0,2.2306777645659928,34.05,-117.07,1.732
4.2333,16.0,7.207619047619048,1.099047619047619,1615.0,3.0761904761904764,34.07,-117.03,2.203
4.2361,19.0,7.132471728594507,1.0468497576736673,1627.0,2.62843295638126,34.03,-117.02,1.916
4.1361,26.0,5.878195488721804,1.0075187969924813,1884.0,2.833082706766917,34.02,-117.03,1.21
4.7193,15.0,6.6571428571428575,1.0607142857142855,2419.0,2.8797619047619047,34.01,-117.01,1.352
3.3365,20.0,5.782527881040892,1.046468401486989,1453.0,2.700743494423792,34.02,-117.08,1.228
1.5203,27.0,4.65311004784689,1.0669856459330145,859.0,2.055023923444976,34.03,-117.06,1.262
3.599,6.0,6.659670164917541,1.264617691154423,3767.0,2.8238380809595203,34.44,-117.62,1.402
3.4695,6.0,6.402402402402402,1.1246246246246243,2005.0,3.0105105105105103,34.42,-117.56,1.388
3.5167,6.0,6.407602956705386,1.2006335797254488,3094.0,3.267159450897571,34.45,-117.44,1.309
3.2277,4.0,6.541910331384016,1.1695906432748535,3126.0,3.046783625730994,34.47,-117.54,1.265
3.7252,20.0,8.706172839506173,1.6123456790123456,2197.0,2.712345679012345,34.37,-117.63,1.671
4.8623,18.0,11.22844827586207,1.9655172413793105,1301.0,2.8038793103448274,34.34,-117.61,1.769
4.555,39.0,4.900621118012422,0.984472049689441,872.0,2.7080745341614905,34.25,-117.55,1.531
5.1112,4.0,7.366459627329193,1.1211180124223603,1017.0,3.158385093167702,34.49,-117.25,1.709
5.4201,9.0,8.48326359832636,1.1213389121338913,1458.0,3.0502092050209204,34.49,-117.23,1.706
3.071,10.0,6.6875,1.1206896551724137,1283.0,2.765086206896552,34.53,-117.26,1.516
4.6914,7.0,6.808510638297872,1.0148936170212766,1522.0,3.238297872340425,34.51,-117.25,1.422
5.5875,9.0,7.593667546174142,1.0646437994722957,2158.0,2.846965699208443,34.51,-117.23,1.678
5.086,17.0,7.359663865546218,1.0571428571428572,1720.0,2.8907563025210083,34.51,-117.21,1.484
4.1333,13.0,6.383606557377049,1.0437158469945356,2455.0,2.6830601092896176,34.53,-117.25,1.582
3.9792,3.0,7.235448577680525,1.1155361050328227,7588.0,3.3207877461706783,34.48,-117.36,1.221
6.0296,7.0,7.003424657534247,1.1712328767123288,878.0,3.006849315068493,34.5,-117.27,1.941
4.7361,7.0,7.464968152866242,1.117834394904459,846.0,2.694267515923567,34.49,-117.27,1.745
3.662,8.0,6.619926199261992,1.018450184501845,690.0,2.5461254612546127,34.48,-117.27,1.653
4.1933,6.0,6.674351585014409,1.085014409221902,1851.0,2.6671469740634004,34.48,-117.26,1.631
2.1875,13.0,5.511976047904192,1.0,1606.0,2.404191616766467,34.41,-117.25,1.197
3.3438,8.0,6.096871846619576,0.987891019172553,3031.0,3.058526740665994,34.4,-117.27,1.244
4.2224,6.0,6.3992673992674,1.0265567765567765,3660.0,3.351648351648352,34.39,-117.27,1.257
5.0198,9.0,6.696378830083566,1.086350974930362,1074.0,2.9916434540389973,34.35,-117.31,1.519
4.2891,13.0,5.906976744186046,1.0116279069767442,1038.0,3.0174418604651163,34.41,-117.32,1.201
3.7917,15.0,6.402255639097745,1.0263157894736843,847.0,3.1842105263157894,34.39,-117.31,1.234
3.5696,4.0,6.111965811965812,1.106837606837607,3527.0,3.0145299145299145,34.38,-117.39,1.297
4.2414,4.0,5.938084112149533,1.0128504672897196,2541.0,2.968457943925233,34.44,-117.38,1.214
2.2612,12.0,5.235714285714286,1.0244047619047618,11139.0,6.630357142857143,34.45,-116.14,1.375
4.2386,18.0,9.119158878504672,1.6705607476635511,1388.0,3.2429906542056077,34.28,-117.36,1.572
3.3672,18.0,10.386666666666668,1.8373333333333333,1086.0,2.896,34.26,-117.28,1.336
5.2185,16.0,11.028571428571428,2.009523809523809,853.0,2.707936507936508,34.24,-117.28,1.286
4.5536,10.0,11.098130841121495,1.97196261682243,1220.0,2.850467289719626,34.24,-117.26,1.324
2.5446,27.0,22.646341463414632,3.953658536585366,1135.0,2.768292682926829,34.26,-117.16,1.352
7.1997,13.0,19.468,2.872,780.0,3.12,34.28,-117.17,2.538
5.2146,16.0,28.432142857142857,4.096428571428572,879.0,3.1392857142857142,34.27,-117.19,2.552
5.7421,16.0,17.322916666666668,2.9635416666666665,527.0,2.7447916666666665,34.28,-117.21,1.676
6.2233,17.0,20.52069716775599,3.169934640522876,1382.0,3.010893246187364,34.26,-117.2,2.309
4.9716,16.0,14.851851851851851,2.651851851851852,1749.0,3.238888888888889,34.26,-117.22,1.625
3.0434,22.0,19.163120567375888,3.9361702127659575,1062.0,2.5106382978723403,34.24,-117.2,1.372
3.5625,15.0,16.611764705882354,2.9529411764705884,703.0,2.756862745098039,34.25,-117.17,1.655
5.0,31.0,10.821428571428571,2.0892857142857144,1408.0,2.793650793650793,34.22,-117.21,1.611
5.2563,17.0,10.32116788321168,1.8467153284671531,673.0,2.456204379562044,34.24,-117.13,1.441
7.2371,10.0,9.53211009174312,1.5963302752293578,317.0,2.908256880733945,34.22,-117.15,1.719
4.5972,19.0,9.791139240506327,2.0970464135021096,1334.0,2.814345991561181,34.21,-117.12,1.239
5.5762,17.0,10.359649122807015,2.3771929824561404,248.0,2.175438596491228,34.17,-117.13,1.5
1.998,27.0,21.80565371024735,4.646643109540636,1300.0,2.2968197879858656,34.24,-116.94,1.535
1.6336,23.0,11.230633802816902,2.880281690140845,1350.0,2.376760563380281,34.24,-116.91,1.245
3.5288,16.0,12.368852459016392,2.14344262295082,556.0,2.278688524590164,34.25,-116.9,1.897
4.6394,13.0,18.97706422018349,3.651376146788991,573.0,2.628440366972477,34.24,-116.88,2.265
4.9643,11.0,12.1,2.2,230.0,2.555555555555556,34.25,-116.88,1.76
3.9688,15.0,16.55056179775281,3.0786516853932584,622.0,2.3295880149812733,34.24,-116.87,1.828
3.1324,19.0,29.248648648648647,5.632432432432433,441.0,2.383783783783784,34.24,-116.86,1.32
5.4618,13.0,36.06060606060606,7.106060606060606,309.0,2.340909090909091,34.23,-116.86,1.478
3.5104,29.0,26.465968586387437,5.424083769633508,410.0,2.1465968586387434,34.3,-116.99,1.571
4.4063,13.0,16.05701754385965,3.3771929824561404,567.0,2.486842105263158,34.27,-116.89,1.526
4.0556,19.0,10.920529801324504,2.172185430463576,382.0,2.5298013245033117,34.31,-116.86,1.33
4.0132,5.0,26.51141552511416,4.703196347031963,569.0,2.598173515981735,34.25,-116.85,1.631
4.0333,16.0,14.671328671328672,3.13986013986014,342.0,2.391608391608392,34.13,-116.98,1.339
3.9028,52.0,12.90188679245283,2.932075471698113,710.0,2.679245283018868,34.08,-116.88,1.286
1.6875,38.0,17.26923076923077,4.980769230769231,106.0,2.0384615384615383,34.19,-116.88,2.25
3.4912,7.0,8.355308219178083,1.5547945205479452,2933.0,2.511130136986301,34.85,-117.46,1.577
3.5507,4.0,7.32798833819242,1.161807580174927,1869.0,2.724489795918368,34.59,-117.24,1.861
3.654,38.0,4.9363636363636365,1.069090909090909,2357.0,2.1427272727272726,32.75,-117.17,2.49
2.9705,23.0,4.615671641791045,1.1082089552238803,1107.0,2.0652985074626864,32.75,-117.16,2.455
1.9637,49.0,3.7374701670644392,1.1789976133651552,643.0,1.5346062052505969,32.75,-117.16,1.375
2.6042,52.0,3.421686746987952,1.0522088353413654,389.0,1.562248995983936,32.74,-117.16,2.25
3.06,21.0,3.904564315352697,1.008298755186722,903.0,1.8734439834024896,32.74,-117.16,2.438
3.1921,27.0,3.957627118644068,1.023728813559322,982.0,1.664406779661017,32.74,-117.16,2.615
2.1532,28.0,4.301136363636363,1.0909090909090908,540.0,1.5340909090909092,32.75,-117.17,2.4
2.9112,19.0,3.6590296495956873,1.0734501347708896,2496.0,1.6819407008086251,32.75,-117.16,1.991
2.2687,34.0,3.642857142857143,1.1387755102040815,804.0,1.6408163265306122,32.75,-117.16,2.0
3.0445,36.0,4.042813455657492,1.0305810397553516,1211.0,1.8516819571865444,32.76,-117.15,2.148
2.6518,40.0,3.967105263157895,1.0394736842105263,826.0,1.8114035087719296,32.76,-117.15,1.798
2.75,37.0,4.069915254237288,1.0635593220338984,811.0,1.7182203389830508,32.76,-117.15,1.75
2.465,40.0,4.306666666666667,1.1028571428571428,903.0,1.72,32.75,-117.15,1.987
2.6181,9.0,5.077477477477477,1.4792792792792793,851.0,1.5333333333333334,32.75,-117.15,2.042
2.6742,27.0,3.87515299877601,1.0611995104039167,1332.0,1.6303549571603426,32.75,-117.15,1.714
2.2578,43.0,4.059625212947189,1.0340715502555369,962.0,1.6388415672913117,32.74,-117.15,2.636
3.0259,26.0,3.897277227722772,1.0297029702970295,1320.0,1.6336633663366336,32.74,-117.15,2.117
2.6818,35.0,4.38801261829653,1.0378548895899051,726.0,2.2902208201892744,32.75,-117.14,1.594
3.125,47.0,4.914473684210527,1.075657894736842,689.0,2.2664473684210527,32.74,-117.14,1.727
2.5553,16.0,3.717870257037944,1.1113831089351285,2592.0,1.5862913096695226,32.74,-117.14,1.781
2.4828,25.0,4.085653104925053,1.0985010706638116,956.0,2.04710920770878,32.75,-117.14,1.333
2.7852,37.0,3.7540983606557377,1.0758196721311477,955.0,1.9569672131147544,32.75,-117.14,1.292
1.0353,19.0,2.1555555555555554,0.973015873015873,766.0,1.2158730158730158,32.75,-117.14,1.5
2.1937,20.0,3.625766871165644,1.1625766871165644,678.0,2.079754601226994,32.75,-117.14,1.625
2.4167,27.0,3.8775,1.16,880.0,2.2,32.75,-117.14,1.313
2.694,28.0,4.35251798561151,1.087769784172662,1328.0,1.9107913669064749,32.76,-117.14,1.641
2.6777,35.0,4.036565977742448,1.0508744038155804,1308.0,2.079491255961844,32.76,-117.14,1.464
2.1727,32.0,3.98,1.0476923076923077,1246.0,1.916923076923077,32.76,-117.14,1.455
2.0792,35.0,3.527667984189723,0.974308300395257,965.0,1.907114624505929,32.76,-117.14,1.6
2.8281,30.0,4.281923714759536,1.077943615257048,1098.0,1.82089552238806,32.77,-117.13,1.717
2.1094,29.0,4.0,1.0623052959501558,1191.0,1.855140186915888,32.76,-117.13,1.625
2.375,41.0,3.72289156626506,1.0120481927710845,747.0,1.8,32.76,-117.13,1.544
1.9392,27.0,3.433734939759036,1.0466867469879515,1235.0,1.8599397590361448,32.76,-117.13,1.429
2.6333,33.0,3.743529411764706,1.0847058823529412,794.0,1.868235294117647,32.76,-117.13,1.4
2.1563,22.0,3.653203342618384,1.0194986072423398,1283.0,1.786908077994429,32.76,-117.13,1.271
2.1273,24.0,4.035509736540664,1.1351660939289805,1775.0,2.0332187857961053,32.76,-117.14,1.423
1.95,28.0,3.658105939004816,1.0770465489566614,1166.0,1.8715890850722312,32.75,-117.13,1.5
2.1292,23.0,3.538938053097345,1.0460176991150445,2051.0,1.8150442477876103,32.75,-117.13,1.35
2.5872,31.0,3.8357963875205257,1.077175697865353,1186.0,1.947454844006568,32.75,-117.13,1.306
3.0,50.0,4.169491525423729,1.0,698.0,1.9717514124293785,32.75,-117.13,1.688
3.6852,52.0,4.710280373831775,1.0,651.0,2.02803738317757,32.74,-117.13,1.853
2.693,37.0,4.278925619834711,1.0650826446280992,1936.0,2.0,32.75,-117.13,1.741
3.2708,46.0,4.323462414578588,1.0045558086560364,978.0,2.2277904328018225,32.74,-117.12,1.552
3.79,52.0,4.643867924528302,0.9174528301886792,877.0,2.068396226415094,32.74,-117.12,1.634
2.2599,20.0,4.367307692307692,1.1576923076923078,992.0,1.907692307692308,32.75,-117.13,1.576
1.64,25.0,3.911971830985916,1.1161971830985915,1025.0,1.8045774647887325,32.75,-117.12,1.3
2.4297,33.0,3.9565972222222223,1.0260416666666667,1250.0,2.170138888888889,32.76,-117.12,1.39
2.3594,43.0,3.804560260586319,1.0488599348534202,1203.0,1.9592833876221496,32.76,-117.12,1.278
2.4821,26.0,4.125,1.1182432432432432,620.0,2.0945945945945947,32.76,-117.12,1.236
1.9152,28.0,3.782837127845884,1.064798598949212,1339.0,2.3450087565674256,32.76,-117.12,1.281
2.5991,28.0,3.489130434782609,1.0891304347826087,936.0,2.034782608695652,32.76,-117.12,1.475
2.0139,17.0,3.642523364485981,1.0794392523364489,821.0,1.9182242990654208,32.76,-117.12,1.5
2.1856,41.0,3.718987341772152,1.0658227848101265,803.0,2.0329113924050635,32.76,-117.12,1.205
2.5952,48.0,5.667924528301887,1.0264150943396226,590.0,2.2264150943396226,32.77,-117.11,1.903
3.6705,50.0,5.130563798219584,1.053412462908012,617.0,1.830860534124629,32.77,-117.11,1.67
2.7928,48.0,5.106598984771574,1.0710659898477155,893.0,2.266497461928934,32.77,-117.12,1.75
3.125,43.0,4.700650759219089,1.0065075921908897,977.0,2.119305856832972,32.77,-117.12,1.922
3.125,38.0,6.020408163265306,1.0903790087463556,812.0,2.36734693877551,32.77,-117.09,2.165
3.5481,44.0,5.248847926267281,0.9861751152073732,470.0,2.165898617511521,32.76,-117.09,2.031
3.5529,43.0,5.865761689291101,1.0723981900452488,1466.0,2.211161387631976,32.76,-117.09,2.23
3.3854,31.0,4.11669658886894,0.985637342908438,1108.0,1.9892280071813289,32.76,-117.11,2.044
2.875,30.0,4.421686746987952,1.1421686746987951,934.0,2.2506024096385544,32.76,-117.1,1.396
1.9799,28.0,4.260233918128655,1.1608187134502923,672.0,1.9649122807017545,32.76,-117.11,1.227
2.2604,21.0,4.176360225140713,1.125703564727955,1085.0,2.0356472795497185,32.76,-117.11,1.263
2.2287,29.0,3.707865168539326,1.1146067415730336,882.0,1.9820224719101125,32.76,-117.09,1.4
1.5517,31.0,3.110831234256927,0.9748110831234256,816.0,2.0554156171284634,32.76,-117.09,1.225
2.9286,31.0,3.948,1.068,619.0,2.476,32.76,-117.1,1.518
3.2422,33.0,4.672199170124482,1.107883817427386,621.0,2.5767634854771786,32.74,-117.11,1.231
3.8355,34.0,4.914798206278027,0.9910313901345292,574.0,2.5739910313901344,32.73,-117.11,1.267
3.8864,27.0,5.163398692810458,1.0245098039215683,1628.0,2.660130718954248,32.73,-117.11,1.326
1.2347,16.0,3.6666666666666665,1.0825082508250825,930.0,3.0693069306930694,32.75,-117.08,1.281
1.7391,18.0,3.1094890510948905,1.0875912408759123,1639.0,2.990875912408759,32.76,-117.08,1.25
2.3886,14.0,4.805714285714286,1.0380952380952382,1297.0,2.4704761904761905,32.76,-117.07,1.381
2.3148,37.0,5.133587786259542,1.047709923664122,1219.0,2.3263358778625958,32.75,-117.07,1.542
2.3824,14.0,3.9296675191815855,1.088235294117647,2000.0,2.557544757033248,32.75,-117.07,1.447
3.0208,34.0,4.5,0.9835680751173708,1181.0,2.772300469483568,32.75,-117.06,1.292
2.5583,31.0,4.606334841628959,1.1334841628959276,1263.0,2.8574660633484164,32.75,-117.07,1.207
1.8103,26.0,4.0602409638554215,1.0705679862306368,2067.0,3.557659208261618,32.74,-117.08,1.247
3.5078,33.0,4.894894894894895,1.0105105105105106,1784.0,2.6786786786786787,32.74,-117.08,1.265
3.6974,36.0,5.355305466237942,1.0337620578778135,1903.0,3.059485530546624,32.73,-117.08,1.22
2.3812,35.0,6.289473684210527,1.1096491228070176,753.0,3.3026315789473686,32.74,-117.08,1.351
3.6125,36.0,4.969957081545064,0.9356223175965666,619.0,2.6566523605150216,32.73,-117.08,1.225
2.6452,18.0,5.108433734939759,1.1290877796901893,1149.0,1.9776247848537003,32.73,-117.07,1.542
1.6815,22.0,3.923404255319149,1.0212765957446808,1524.0,6.485106382978723,32.78,-117.07,2.188
6.1628,31.0,6.993464052287582,1.0130718954248366,426.0,2.784313725490196,32.77,-117.08,2.192
3.5446,34.0,5.233100233100233,0.9184149184149184,1849.0,4.31002331002331,32.77,-117.07,1.855
4.3529,38.0,6.154723127035831,1.0,1495.0,2.43485342019544,32.77,-117.07,1.84
2.5125,42.0,4.807894736842106,0.9947368421052633,880.0,2.3157894736842106,32.76,-117.07,1.766
2.7778,25.0,5.0990873533246415,1.106910039113429,1580.0,2.0599739243807043,32.77,-117.08,1.841
3.0833,27.0,4.714285714285714,0.9806949806949808,606.0,2.33976833976834,32.76,-117.08,1.554
2.5909,31.0,4.4106529209622,1.0721649484536082,1255.0,2.156357388316151,32.76,-117.09,1.591
1.7743,20.0,3.961119751166408,1.2208398133748055,1199.0,1.864696734059098,32.76,-117.08,1.403
2.7826,21.0,4.232018561484919,1.037122969837587,962.0,2.2320185614849186,32.77,-117.04,1.438
1.8899,23.0,4.664233576642336,1.208029197080292,1200.0,2.18978102189781,32.77,-117.05,1.477
1.7951,18.0,3.9053356282271943,1.1738382099827882,1329.0,2.287435456110155,32.77,-117.06,1.618
2.0284,34.0,4.942857142857143,1.0657142857142856,730.0,2.085714285714286,32.77,-117.06,1.618
2.65,38.0,4.6887966804979255,0.946058091286307,699.0,2.900414937759336,32.77,-117.07,1.676
3.0755,32.0,4.623067776456599,0.9833531510107016,3868.0,4.599286563614744,32.77,-117.06,1.668
2.8097,33.0,5.260416666666667,1.0163690476190477,1568.0,2.333333333333333,32.77,-117.05,1.583
2.3015,36.0,5.284629981024668,1.094876660341556,1275.0,2.419354838709677,32.76,-117.06,1.568
3.2188,38.0,5.571942446043166,1.0359712230215827,636.0,2.287769784172662,32.76,-117.06,1.505
3.25,46.0,5.270949720670391,1.0027932960893855,795.0,2.2206703910614527,32.76,-117.05,1.596
2.965,37.0,4.721442885771543,0.9539078156312624,1231.0,2.466933867735471,32.76,-117.06,1.557
1.7452,24.0,3.3381147540983607,1.2028688524590163,1012.0,2.0737704918032787,32.76,-117.06,1.568
3.8233,36.0,5.18974358974359,1.0461538461538462,1030.0,2.641025641025641,32.75,-117.05,1.398
2.2308,34.0,4.235690235690235,1.0286195286195283,1317.0,2.217171717171717,32.75,-117.06,1.259
3.0938,35.0,5.597911227154047,1.0130548302872062,1003.0,2.618798955613577,32.75,-117.05,1.373
4.6875,18.0,6.346570397111913,1.032490974729242,987.0,3.563176895306859,32.72,-117.07,1.418
3.7891,33.0,5.917525773195877,1.063573883161512,1884.0,3.237113402061856,32.73,-117.06,1.267
3.8194,21.0,4.791773778920309,0.9974293059125964,1498.0,3.8508997429305913,32.71,-117.06,1.257
3.8687,11.0,4.663424124513619,1.017509727626459,1566.0,3.046692607003891,32.71,-117.06,1.452
2.8372,26.0,5.955523672883787,1.1807747489239595,2822.0,4.048780487804878,32.71,-117.07,1.234
4.1645,14.0,5.941935483870968,0.9806451612903224,1914.0,4.116129032258065,32.7,-117.07,1.43
4.0921,20.0,5.577608142493639,1.0330788804071247,1766.0,4.493638676844784,32.69,-117.07,1.35
4.112,12.0,5.250332889480692,0.9813581890812252,3280.0,4.3675099866844205,32.7,-117.06,1.414
3.7366,20.0,5.321944809461235,0.9789750328515112,2870.0,3.771353482260184,32.71,-117.02,1.218
4.1837,22.0,5.670781893004115,1.0617283950617284,1849.0,3.8045267489711936,32.7,-117.02,1.254
5.1769,18.0,6.107806691449814,1.0520446096654277,1134.0,4.215613382899628,32.7,-117.02,1.33
3.5341,25.0,6.012953367875648,1.0310880829015543,1434.0,3.715025906735751,32.7,-117.01,1.208
5.3908,8.0,5.396103896103896,1.025974025974026,740.0,4.805194805194805,32.69,-117.05,1.655
4.8875,9.0,5.735849056603773,1.0150943396226415,1250.0,4.716981132075472,32.69,-117.06,1.577
4.4375,13.0,4.548387096774194,0.9612903225806452,718.0,4.632258064516129,32.69,-117.06,1.549
5.1305,9.0,4.736363636363636,1.009090909090909,491.0,4.463636363636364,32.69,-117.06,1.589
4.419,7.0,5.496458087367178,1.0053128689492326,7302.0,4.310507674144038,32.7,-117.04,1.569
5.0827,18.0,5.503731343283582,0.996268656716418,1149.0,4.287313432835821,32.68,-117.07,1.422
2.85,38.0,5.0893470790378,1.0893470790378006,1080.0,3.711340206185567,32.68,-117.06,1.258
2.0959,36.0,5.240384615384615,1.0934065934065933,2945.0,4.045329670329671,32.68,-117.06,1.25
3.625,21.0,4.8817733990147785,1.0344827586206895,695.0,3.4236453201970445,32.69,-117.05,1.443
4.0505,29.0,5.543835616438356,1.0328767123287672,2353.0,3.223287671232877,32.67,-117.06,1.25
3.9922,35.0,6.540229885057471,1.1111111111111112,1761.0,3.3735632183908044,32.68,-117.05,1.298
3.9646,32.0,5.316981132075472,0.9874213836477987,2842.0,3.5748427672955976,32.67,-117.05,1.378
3.5664,19.0,5.030821917808219,0.9417808219178082,1010.0,3.458904109589041,32.68,-117.05,1.504
5.4863,16.0,6.414201183431953,1.014792899408284,1589.0,4.701183431952662,32.67,-117.05,1.538
5.6889,33.0,7.150313152400835,1.0668058455114822,1528.0,3.189979123173277,32.66,-117.06,2.346
3.5066,24.0,5.648471615720524,1.0720524017467248,1617.0,3.53056768558952,32.66,-117.06,1.334
3.16,14.0,3.204933586337761,1.0531309297912714,1319.0,2.5028462998102468,32.69,-117.05,1.438
3.2174,15.0,7.370967741935484,1.4475806451612905,955.0,3.850806451612903,32.68,-117.05,1.651
5.0947,14.0,5.076923076923077,1.0384615384615383,943.0,3.626923076923077,32.68,-117.04,1.527
4.0668,14.0,4.7193460490463215,0.9305177111716622,2139.0,2.9141689373297,32.67,-117.04,1.375
3.02,9.0,4.126811594202898,1.038647342995169,2521.0,3.044685990338164,32.69,-117.04,1.589
3.775,9.0,5.552158273381295,1.0953237410071943,1530.0,2.75179856115108,32.68,-117.04,1.25
3.3553,7.0,5.229213483146068,1.101123595505618,1304.0,2.9303370786516854,32.7,-117.01,1.322
4.436,7.0,6.360294117647059,1.0546218487394958,3031.0,3.1838235294117645,32.69,-117.02,1.35
5.0829,5.0,5.972014925373134,0.9925373134328358,2061.0,3.845149253731343,32.69,-117.03,1.794
4.6648,10.0,5.395209580838324,0.9760479041916168,698.0,4.179640718562874,32.69,-117.03,1.561
4.5662,8.0,6.307692307692308,1.017948717948718,1784.0,4.574358974358974,32.69,-117.03,1.755
2.8942,26.0,4.718181818181818,1.039393939393939,1948.0,2.951515151515152,32.73,-117.09,1.241
2.2024,5.0,4.098984771573604,0.9822335025380712,1094.0,2.7766497461928936,32.72,-117.1,1.372
3.5789,28.0,5.278438030560272,1.0084889643463495,1559.0,2.646859083191851,32.73,-117.09,1.203
1.901,32.0,3.667779632721202,1.0400667779632722,1784.0,2.978297161936561,32.72,-117.13,1.203
1.8299,9.0,3.7304747320061256,1.10260336906585,1780.0,2.7258805513016844,32.72,-117.13,1.375
3.37,36.0,4.96013018714402,1.045565500406835,3093.0,2.5166802278275022,32.72,-117.12,1.591
3.5156,50.0,6.480337078651686,1.1910112359550562,887.0,2.491573033707865,32.73,-117.12,1.688
3.4151,52.0,5.1703511053316,0.9336801040312094,1750.0,2.275682704811444,32.73,-117.12,1.754
2.6604,46.0,4.738700564971752,1.0847457627118644,1457.0,2.0579096045197742,32.74,-117.13,1.701
5.454,52.0,5.339534883720931,0.9953488372093025,481.0,2.237209302325581,32.73,-117.13,2.409
3.6058,52.0,4.983240223463687,1.037243947858473,1181.0,2.1992551210428304,32.73,-117.13,2.131
2.625,50.0,4.74223602484472,1.049689440993789,728.0,2.260869565217391,32.74,-117.13,2.032
2.1513,43.0,4.407166123778501,1.0863192182410424,1531.0,2.493485342019544,32.73,-117.13,1.45
2.4821,43.0,4.778761061946903,1.1150442477876106,1221.0,2.7013274336283186,32.72,-117.13,1.406
2.7083,52.0,4.9523809523809526,0.9746031746031746,757.0,2.403174603174603,32.72,-117.13,1.991
2.2429,52.0,4.638349514563107,1.0072815533980584,777.0,1.8859223300970875,32.73,-117.13,2.211
2.2804,42.0,3.828009828009828,1.1253071253071254,1227.0,3.0147420147420148,32.72,-117.14,1.391
1.758,17.0,3.141809290953545,1.0342298288508558,1208.0,2.9535452322738385,32.72,-117.13,1.266
2.1164,34.0,3.985882352941176,1.0705882352941176,1467.0,3.451764705882353,32.71,-117.14,1.394
2.0529,43.0,3.845878136200717,1.232974910394265,660.0,2.3655913978494625,32.72,-117.14,1.688
1.6156,45.0,3.3628318584070795,0.9144542772861356,840.0,2.47787610619469,32.72,-117.14,1.563
2.1199,34.0,3.2557840616966582,1.1079691516709511,2011.0,2.5848329048843186,32.72,-117.14,1.604
1.3657,50.0,3.9583333333333335,1.4333333333333331,483.0,4.025,32.7,-117.15,1.625
1.6607,52.0,2.333333333333333,0.8817204301075269,531.0,5.709677419354839,32.71,-117.15,1.375
1.2292,52.0,2.3401360544217686,1.2040816326530612,460.0,3.129251700680272,32.72,-117.15,1.375
0.9142,52.0,2.0153452685421995,1.184143222506394,805.0,2.0588235294117645,32.72,-117.16,1.625
4.2375,7.0,3.8892355694227767,1.0811232449297972,951.0,1.4836193447737909,32.71,-117.17,2.05
0.7685,39.0,2.752212389380531,1.6017699115044248,206.0,1.823008849557522,32.71,-117.17,1.875
4.0,26.0,4.128440366972477,1.211009174311927,317.0,2.908256880733945,32.73,-117.14,1.375
1.3071,51.0,2.647294589178357,1.1022044088176353,781.0,1.565130260521042,32.72,-117.15,2.5
1.0391,24.0,1.9680511182108624,1.0591054313099042,1184.0,1.8913738019169328,32.72,-117.16,1.625
1.9597,52.0,2.839160839160839,1.097902097902098,821.0,1.9137529137529137,32.73,-117.16,2.0
1.2668,27.0,2.7605321507760534,1.044345898004435,653.0,1.4478935698447897,32.72,-117.16,2.25
1.5909,44.0,2.7336244541484715,1.1179039301310043,572.0,2.497816593886463,32.72,-117.17,2.625
1.9203,52.0,3.7789046653144016,1.1338742393509127,906.0,1.8377281947261663,32.73,-117.16,1.958
2.4069,52.0,3.538116591928252,1.0919282511210762,879.0,1.97085201793722,32.73,-117.17,2.15
2.4,40.0,3.7243589743589753,1.0064102564102564,298.0,1.9102564102564104,32.76,-117.2,2.55
2.5882,33.0,4.144981412639405,1.174721189591078,583.0,2.16728624535316,32.75,-117.19,2.583
3.175,20.0,4.774590163934426,1.102459016393443,459.0,1.8811475409836065,32.74,-117.18,1.917
0.536,52.0,5.0,1.0,13.0,2.6,32.75,-117.19,1.625
2.8043,27.0,4.062745098039216,1.0470588235294118,1118.0,2.1921568627450982,32.75,-117.21,2.621
2.9735,24.0,4.478260869565218,1.1270022883295194,2147.0,2.4565217391304346,32.75,-117.22,2.25
2.6121,26.0,3.782608695652174,1.0054347826086956,384.0,2.0869565217391304,32.75,-117.22,1.25
3.8036,26.0,5.609090909090909,1.018181818181818,251.0,2.2818181818181817,32.75,-117.22,1.62
3.3456,11.0,3.895022624434389,1.1266968325791855,1960.0,1.7737556561085972,32.75,-117.23,1.598
2.5259,35.0,4.567398119122257,1.0705329153605017,1562.0,2.4482758620689653,32.73,-117.23,2.402
2.1635,43.0,4.533333333333333,0.9952380952380953,392.0,1.8666666666666667,32.72,-117.23,2.442
4.1806,44.0,6.470046082949309,1.055299539170507,513.0,2.3640552995391704,32.74,-117.23,2.638
2.7515,33.0,4.235772357723577,1.1300813008130082,1785.0,1.8140243902439024,32.74,-117.28,2.477
2.8007,40.0,4.244660194174758,1.0660194174757285,953.0,1.850485436893204,32.74,-117.25,2.571
3.4286,5.0,4.28169014084507,1.1948356807511735,892.0,2.0938967136150235,32.75,-117.23,1.375
2.4779,21.0,3.727272727272727,1.1054545454545457,1131.0,2.056363636363636,32.75,-117.23,1.65
4.6354,16.0,5.485074626865671,1.037313432835821,299.0,2.2313432835820897,32.74,-117.23,1.792
4.8167,16.0,5.072727272727272,1.0493506493506493,798.0,2.0727272727272728,32.74,-117.23,1.698
4.1339,35.0,4.780621572212066,0.959780621572212,1312.0,2.3985374771480803,32.74,-117.23,2.382
2.9896,36.0,4.289393939393939,1.0136363636363637,1279.0,1.937878787878788,32.75,-117.24,2.527
2.3042,36.0,4.461538461538462,1.1418269230769231,822.0,1.9759615384615383,32.75,-117.24,2.206
2.79,41.0,4.067484662576687,1.051124744376278,1015.0,2.0756646216768915,32.75,-117.24,2.26
2.6625,36.0,3.887147335423197,0.9717868338557992,577.0,1.8087774294670849,32.74,-117.25,2.482
2.2017,32.0,3.797860962566845,1.1090909090909091,1731.0,1.851336898395722,32.75,-117.25,2.083
1.7622,36.0,3.928716904276986,1.0712830957230142,974.0,1.9837067209775967,32.75,-117.25,2.058
2.2042,33.0,3.492063492063492,1.0828924162257496,1057.0,1.8641975308641976,32.75,-117.24,2.313
2.4672,37.0,3.1538461538461537,1.0,645.0,1.7108753315649867,32.75,-117.25,2.167
3.4527,22.0,4.708624708624709,1.0862470862470863,1010.0,2.3543123543123543,32.78,-117.22,1.75
3.5484,23.0,4.144694533762058,1.0691318327974275,989.0,1.590032154340836,32.79,-117.23,2.38
4.1652,17.0,5.039473684210527,1.1666666666666667,403.0,1.7675438596491229,32.79,-117.24,2.417
3.1838,20.0,3.783464566929134,1.094488188976378,525.0,2.066929133858268,32.79,-117.24,2.458
2.6902,25.0,6.671875,2.159375,566.0,1.76875,32.79,-117.24,2.125
3.2625,18.0,6.151943462897527,2.127208480565371,508.0,1.795053003533569,32.79,-117.24,1.938
1.7273,19.0,3.432314410480349,1.2314410480349345,525.0,2.2925764192139737,32.8,-117.21,1.375
2.93,23.0,3.881873727087577,1.0692464358452138,1029.0,2.095723014256619,32.8,-117.22,1.833
2.3482,22.0,4.001342281879195,1.1718120805369128,1751.0,2.350335570469799,32.8,-117.23,1.906
2.4643,27.0,3.8486646884273,1.053412462908012,776.0,2.3026706231454006,32.8,-117.23,2.444
2.5568,32.0,3.731934731934732,1.0909090909090908,731.0,1.703962703962704,32.8,-117.25,2.583
2.5813,30.0,3.5719237435008666,1.0935875216637785,1007.0,1.7452339688041594,32.8,-117.25,2.531
2.9781,31.0,3.642737896494157,1.0517529215358932,1069.0,1.7846410684474123,32.8,-117.25,2.125
3.5486,20.0,5.655384615384615,1.6615384615384616,615.0,1.892307692307692,32.8,-117.28,1.938
3.225,21.0,4.514869888475836,1.0762081784386617,1011.0,1.879182156133829,32.8,-117.23,2.294
2.6403,31.0,3.7816711590296497,1.045822102425876,724.0,1.9514824797843664,32.8,-117.23,2.161
3.0293,28.0,3.979976442873969,1.0812720848056536,1849.0,2.177856301531213,32.8,-117.23,2.417
2.9258,26.0,4.302005012531328,1.093984962406015,1492.0,1.8696741854636592,32.8,-117.24,2.348
2.1357,28.0,3.339563862928349,1.031152647975078,692.0,2.155763239875389,32.8,-117.24,1.875
2.288,19.0,3.7037773359840953,0.9880715705765408,868.0,1.7256461232604374,32.8,-117.24,2.1
3.101,29.0,4.004744958481614,1.0462633451957295,1513.0,1.7947805456702255,32.8,-117.24,2.382
2.8421,25.0,3.747292418772563,1.0577617328519855,1060.0,1.9133574007220215,32.81,-117.26,2.278
1.858,18.0,3.817558299039781,1.00480109739369,6303.0,4.323045267489712,32.88,-117.23,2.05
5.3693,26.0,6.2304147465437785,0.9308755760368664,654.0,3.013824884792627,32.86,-117.21,2.607
2.4207,26.0,4.140540540540541,0.9891891891891892,980.0,1.7657657657657655,32.85,-117.2,2.135
3.0104,15.0,3.855218855218855,1.1144781144781144,1034.0,1.7407407407407407,32.87,-117.23,2.042
5.2326,16.0,5.045180722891566,1.0662650602409638,604.0,1.819277108433735,32.86,-117.23,1.883
3.6083,15.0,4.050675675675675,1.016891891891892,510.0,1.722972972972973,32.86,-117.23,1.801
5.0855,15.0,6.039007092198582,1.1347517730496457,587.0,2.0815602836879434,32.86,-117.23,2.098
5.417,11.0,4.925867507886435,1.167192429022082,1223.0,1.9290220820189277,32.87,-117.23,1.968
3.2794,16.0,5.405405405405405,1.0926640926640927,1267.0,2.445945945945946,32.86,-117.21,1.486
3.35,14.0,4.434343434343434,1.018939393939394,1835.0,2.316919191919192,32.87,-117.22,1.71
3.8542,5.0,3.8246187363834414,1.0980392156862746,1599.0,1.7418300653594772,32.87,-117.22,1.766
3.3176,14.0,4.012886597938144,0.9961340206185568,1592.0,2.051546391752577,32.89,-117.21,1.561
4.1429,12.0,5.308550185873606,1.1263940520446096,528.0,1.962825278810409,32.87,-117.21,2.544
4.875,15.0,6.720833333333333,1.2625,702.0,2.925,32.91,-117.15,1.693
4.9464,14.0,5.097165991902834,0.9635627530364372,889.0,3.5991902834008096,32.91,-117.15,1.748
6.0891,5.0,5.469594594594595,0.918918918918919,1063.0,3.591216216216216,32.91,-117.16,2.146
4.8229,10.0,5.4,0.9908045977011494,1598.0,3.6735632183908047,32.91,-117.15,1.832
4.2008,12.0,4.643646408839779,1.0524861878453038,1050.0,2.9005524861878453,32.9,-117.15,1.761
4.3598,5.0,4.694033935413246,1.0684181718664478,5006.0,2.7400109469074985,32.89,-117.16,1.891
3.6111,15.0,5.0,0.9172413793103448,747.0,2.575862068965517,32.91,-117.13,1.963
4.2969,16.0,5.607638888888889,1.0052083333333333,1825.0,3.1684027777777777,32.91,-117.13,1.512
4.0,16.0,4.648972602739726,0.9948630136986302,1619.0,2.7722602739726026,32.91,-117.13,1.547
3.7837,14.0,4.275177304964539,1.0070921985815602,2165.0,3.0709219858156027,32.91,-117.14,1.603
4.2234,16.0,4.682678311499272,1.042212518195051,2054.0,2.98981077147016,32.9,-117.14,1.621
3.7156,15.0,4.420634920634921,1.022222222222222,1798.0,2.853968253968254,32.9,-117.13,1.752
4.6667,13.0,4.937677053824363,1.028328611898017,854.0,2.4192634560906514,32.9,-117.12,1.382
4.2614,16.0,5.529262086513995,1.015267175572519,1460.0,3.715012722646311,32.92,-117.13,1.696
3.6196,17.0,4.9366666666666665,1.05,1002.0,3.34,32.92,-117.13,1.634
3.814,6.0,4.169836956521739,1.0190217391304348,1541.0,2.09375,32.92,-117.14,1.325
4.9706,15.0,5.467116357504215,1.0033726812816188,1936.0,3.264755480607082,32.92,-117.14,1.847
4.7266,16.0,6.053639846743295,0.9233716475095786,917.0,3.513409961685824,32.92,-117.13,1.911
5.5036,16.0,6.548117154811716,1.0753138075313808,893.0,3.736401673640168,32.92,-117.13,1.923
4.9375,15.0,5.888213851761847,1.0024301336573511,2797.0,3.3985419198055893,32.94,-117.13,1.804
5.3062,16.0,6.572072072072072,1.0,1697.0,3.822072072072072,32.93,-117.13,1.955
4.2109,14.0,4.98974358974359,1.1871794871794872,1205.0,3.08974358974359,32.93,-117.14,1.712
4.0521,12.0,3.9623655913978495,0.978494623655914,1009.0,2.712365591397849,32.93,-117.14,1.667
4.5086,16.0,5.7156398104265405,0.9928909952606636,1612.0,3.8199052132701423,32.93,-117.14,1.711
5.3625,7.0,5.97071129707113,1.0167364016736402,927.0,3.8786610878661087,32.93,-117.12,2.189
5.1433,16.0,6.306264501160093,1.0162412993039442,1515.0,3.51508120649652,32.93,-117.15,1.853
5.2864,15.0,4.692771084337349,0.9457831325301204,949.0,2.858433734939759,32.92,-117.14,1.744
4.4615,16.0,4.774818401937046,0.973365617433414,1377.0,3.334140435835351,32.92,-117.15,1.683
4.9024,16.0,5.813267813267813,0.9631449631449632,1482.0,3.641277641277641,32.92,-117.15,1.829
4.5221,16.0,6.38494623655914,1.1053763440860216,1594.0,3.427956989247312,32.92,-117.15,1.683
5.196,4.0,6.281354515050167,1.0936454849498327,7560.0,3.160535117056856,32.92,-117.18,2.107
6.4696,10.0,7.217391304347826,0.9710144927536232,1700.0,3.519668737060041,32.97,-117.13,2.495
6.3237,4.0,7.784104875051208,1.1011880376894716,8980.0,3.678820155673904,32.95,-117.18,2.609
6.3721,12.0,7.617157490396927,1.0230473751600513,2936.0,3.759282970550576,32.96,-117.14,2.415
6.712,15.0,7.844290657439446,1.0103806228373702,1180.0,4.083044982698962,32.96,-117.13,2.402
3.7841,34.0,5.141856392294221,1.0455341506129596,1512.0,2.647985989492119,32.83,-117.22,1.769
5.4605,31.0,5.436813186813187,0.9986263736263736,1924.0,2.642857142857143,32.83,-117.22,1.902
5.7451,17.0,5.482926829268293,0.9121951219512195,553.0,2.6975609756097563,32.83,-117.22,2.373
3.4318,31.0,5.199186991869919,1.0406504065040652,1164.0,2.365853658536585,32.83,-117.22,2.004
3.5234,35.0,5.5588235294117645,0.9926470588235294,423.0,3.110294117647059,32.82,-117.22,1.839
4.55,34.0,5.87215411558669,0.9527145359019265,1583.0,2.772329246935201,32.84,-117.2,1.877
3.2583,32.0,5.226221079691516,1.012853470437018,989.0,2.5424164524421595,32.84,-117.2,1.814
4.5402,34.0,6.441791044776119,1.0925373134328358,1046.0,3.1223880597014926,32.84,-117.21,1.821
2.5909,36.0,4.81858407079646,1.0619469026548674,623.0,2.756637168141593,32.83,-117.2,1.76
3.5078,36.0,4.510703363914373,1.003058103975535,806.0,2.4648318042813457,32.83,-117.21,1.66
4.1806,28.0,6.317738791423002,1.0389863547758285,1334.0,2.6003898635477585,32.83,-117.21,1.996
3.4482,35.0,4.420743639921722,0.980430528375734,1340.0,2.6223091976516635,32.83,-117.21,1.625
4.3862,33.0,5.648520710059172,1.0331360946745562,1954.0,2.3124260355029587,32.81,-117.21,1.848
3.8529,31.0,5.652777777777778,1.0638888888888889,866.0,2.4055555555555554,32.82,-117.21,2.12
2.8472,35.0,4.399361022364217,1.1182108626198084,792.0,2.5303514376996805,32.83,-117.2,1.614
3.9464,35.0,5.135021097046414,0.9282700421940928,643.0,2.7130801687763717,32.82,-117.2,1.716
3.337,35.0,5.320537428023033,1.0307101727447217,1392.0,2.671785028790787,32.82,-117.2,1.723
5.0465,34.0,6.395348837209302,1.0099667774086378,1619.0,2.68936877076412,32.82,-117.19,2.082
5.253,35.0,6.208092485549133,1.0404624277456649,442.0,2.554913294797688,32.82,-117.19,2.04
4.9219,35.0,6.15406162464986,0.988795518207283,945.0,2.647058823529412,32.82,-117.19,1.929
3.6667,31.0,5.581056466302368,1.04735883424408,1476.0,2.6885245901639343,32.84,-117.18,1.759
3.5606,30.0,4.851694915254237,1.1080508474576272,1272.0,2.694915254237288,32.84,-117.18,1.651
4.2768,32.0,5.022304832713755,0.8810408921933085,823.0,3.059479553903346,32.84,-117.18,1.678
5.5277,30.0,5.781902552204176,0.9419953596287703,1250.0,2.9002320185614847,32.84,-117.19,1.971
3.875,35.0,5.546568627450981,1.0465686274509804,1001.0,2.45343137254902,32.84,-117.19,1.72
3.375,23.0,4.349173553719008,1.084710743801653,1218.0,2.5165289256198347,32.83,-117.18,1.841
4.0114,30.0,4.878464818763327,0.9552238805970148,1240.0,2.6439232409381663,32.83,-117.19,1.698
4.3317,30.0,6.06203007518797,1.0432330827067668,1601.0,3.009398496240601,32.83,-117.19,1.733
5.3538,24.0,6.681132075471698,1.0,1591.0,3.0018867924528303,32.83,-117.17,2.125
2.7401,24.0,4.08816120906801,1.0503778337531486,911.0,2.2947103274559195,32.82,-117.17,1.981
3.0375,21.0,4.972270363951473,1.0329289428076256,1471.0,2.5493934142114383,32.82,-117.17,1.976
4.2708,27.0,6.289544235924933,1.0697050938337802,1105.0,2.962466487935657,32.83,-117.18,1.828
3.9265,31.0,5.062857142857143,1.008571428571429,1090.0,3.1142857142857143,32.83,-117.18,1.62
4.6875,28.0,5.99738219895288,0.9712041884816754,1098.0,2.87434554973822,32.82,-117.16,1.88
4.739,26.0,6.464,1.0346666666666666,974.0,2.5973333333333333,32.81,-117.17,1.841
5.0603,26.0,6.304,1.016,346.0,2.768,32.81,-117.17,1.857
3.1032,19.0,4.521537442014579,1.0,3784.0,2.5076209410205434,32.81,-117.18,1.795
3.1146,24.0,4.88785046728972,1.1744548286604362,715.0,2.2274143302180685,32.82,-117.17,1.875
2.2899,14.0,4.145593869731801,1.053639846743295,2046.0,1.9597701149425288,32.81,-117.16,1.59
3.6806,35.0,6.701657458563536,1.1049723756906078,532.0,2.9392265193370166,32.81,-117.16,1.724
3.0625,37.0,5.275,0.9875,211.0,2.6375,32.8,-117.16,1.597
2.5,22.0,3.7587354409317806,1.054908485856905,1213.0,2.0183028286189684,32.8,-117.16,1.778
3.6371,34.0,6.002638522427441,0.9894459102902374,1021.0,2.6939313984168867,32.81,-117.16,1.763
4.22,33.0,6.278688524590164,1.036885245901639,1355.0,2.776639344262295,32.81,-117.17,1.787
2.2284,25.0,4.617521367521367,0.9871794871794872,896.0,1.9145299145299144,32.83,-117.14,1.775
4.5625,25.0,5.628205128205129,0.9647435897435898,722.0,2.3141025641025643,32.82,-117.18,1.623
4.7679,28.0,6.899598393574297,1.0783132530120485,1503.0,3.0180722891566263,32.81,-117.18,2.04
5.1491,33.0,6.228843861740167,0.9928486293206198,2221.0,2.647199046483909,32.81,-117.19,2.07
5.5454,10.0,6.274220032840723,1.0361247947454844,1605.0,2.6354679802955663,32.8,-117.18,2.171
3.8542,30.0,6.249363867684479,0.9923664122137404,1022.0,2.600508905852417,32.8,-117.18,1.985
3.2661,30.0,4.8881578947368425,1.037593984962406,2961.0,2.7828947368421053,32.79,-117.18,1.404
2.2663,44.0,3.442922374429224,0.984779299847793,3009.0,4.579908675799087,32.79,-117.17,1.236
2.1447,43.0,4.4526315789473685,1.0421052631578946,946.0,3.319298245614035,32.79,-117.17,1.333
2.5682,25.0,3.9408450704225353,0.9267605633802816,1308.0,3.684507042253521,32.8,-117.16,1.875
3.4706,20.0,5.274253731343284,1.0335820895522387,1822.0,3.399253731343284,32.8,-117.17,1.576
3.7292,23.0,4.907786885245901,0.9754098360655736,2284.0,4.680327868852459,32.8,-117.15,1.463
3.6375,24.0,4.9390581717451525,1.059556786703601,1697.0,2.350415512465374,32.78,-117.16,1.786
3.3375,32.0,4.053864168618267,0.9672131147540984,1569.0,3.6744730679156903,32.79,-117.16,1.543
2.3658,17.0,4.073093220338983,1.1133474576271187,3102.0,3.2860169491525424,32.78,-117.17,1.641
3.7381,34.0,4.883495145631068,0.9475728155339804,1594.0,3.095145631067961,32.78,-117.16,1.65
2.2768,42.0,4.088888888888889,1.1296296296296295,892.0,3.303703703703704,32.78,-117.17,1.452
3.767,35.0,4.9786476868327405,0.9750889679715302,695.0,2.473309608540925,32.77,-117.17,1.668
4.5481,6.0,4.725490196078432,1.0723039215686274,1547.0,1.8958333333333333,32.77,-117.17,1.648
3.6492,8.0,4.577447335811648,1.2354399008674102,1297.0,1.607187112763321,32.76,-117.18,1.589
3.0481,21.0,4.214501510574018,1.0251762336354482,3122.0,3.1440080563947634,32.78,-117.18,2.1
3.4,23.0,5.424107142857143,1.0044642857142858,592.0,2.642857142857143,32.77,-117.18,2.006
3.8542,34.0,5.68384074941452,1.0679156908665106,2089.0,2.446135831381733,32.8,-117.2,2.0
3.1304,16.0,3.79093567251462,1.1608187134502923,1235.0,1.805555555555556,32.8,-117.19,1.663
2.3599,36.0,4.771971496437055,1.2672209026128265,1620.0,1.9239904988123515,32.8,-117.2,1.684
3.8571,36.0,5.446043165467626,0.9280575539568344,665.0,2.392086330935252,32.79,-117.19,2.351
3.3713,35.0,4.780748663101604,1.0106951871657754,777.0,2.077540106951872,32.79,-117.19,2.384
4.5987,29.0,4.930894308943089,0.926829268292683,654.0,2.658536585365854,32.79,-117.2,2.556
3.2312,34.0,3.40990990990991,0.954954954954955,409.0,1.8423423423423424,32.79,-117.2,1.922
4.4097,34.0,6.37888198757764,1.031055900621118,1659.0,2.5760869565217392,32.78,-117.19,2.52
4.0057,38.0,5.366935483870968,1.0040322580645162,1132.0,2.282258064516129,32.78,-117.2,2.416
3.765,30.0,4.181126331811264,0.974124809741248,3185.0,4.84779299847793,32.77,-117.19,2.38
4.1368,16.0,4.87779433681073,0.9985096870342772,1305.0,1.9448584202682564,32.77,-117.19,1.51
3.8571,9.0,4.7669172932330826,1.1428571428571428,248.0,1.8646616541353385,32.77,-117.19,1.438
2.4397,14.0,4.261025029797378,1.1823599523241954,1645.0,1.9606674612634087,32.77,-117.19,1.406
3.2679,30.0,3.9,1.125,77.0,1.925,32.77,-117.2,1.375
2.8621,31.0,4.225108225108225,1.0194805194805194,936.0,2.0259740259740258,32.77,-117.2,1.969
3.1458,34.0,5.776595744680851,1.127659574468085,900.0,3.191489361702128,32.81,-117.15,1.783
2.3578,41.0,5.455598455598456,1.0077220077220077,1070.0,4.131274131274132,32.8,-117.15,1.667
2.1157,41.0,5.199570815450644,1.0064377682403434,1813.0,3.890557939914163,32.8,-117.14,1.569
3.9417,33.0,6.194895591647332,1.0092807424593968,1256.0,2.91415313225058,32.8,-117.14,1.798
2.5368,35.0,6.21078431372549,1.03921568627451,710.0,3.480392156862745,32.8,-117.14,1.696
4.7813,35.0,6.470162748643761,1.0524412296564196,1568.0,2.835443037974684,32.79,-117.14,1.886
5.25,25.0,5.552816901408451,0.9366197183098592,611.0,2.151408450704225,32.78,-117.15,2.051
5.282,31.0,6.227848101265823,1.018987341772152,422.0,2.670886075949367,32.79,-117.14,1.83
2.7652,19.0,4.031775700934579,1.0355140186915888,1349.0,2.521495327102804,32.81,-117.13,1.774
4.4886,34.0,5.945578231292517,1.0,800.0,2.7210884353741496,32.81,-117.14,1.791
4.5568,33.0,6.1370786516853935,1.0247191011235954,1263.0,2.838202247191011,32.8,-117.13,1.753
3.8719,29.0,5.484674329501916,1.0229885057471264,1392.0,2.6666666666666665,32.8,-117.12,1.742
3.2308,26.0,4.8159090909090905,1.009090909090909,1202.0,2.731818181818182,32.81,-117.13,1.665
3.8125,31.0,5.005797101449275,0.991304347826087,879.0,2.5478260869565217,32.8,-117.12,1.663
3.9732,35.0,6.082857142857143,1.0914285714285714,1044.0,2.9828571428571427,32.8,-117.13,1.749
4.2098,35.0,5.673151750972763,1.019455252918288,723.0,2.813229571984436,32.79,-117.13,1.741
3.6458,35.0,5.341176470588235,0.9529411764705882,698.0,2.7372549019607844,32.79,-117.13,1.738
4.2621,4.0,3.534942820838628,1.0381194409148666,1309.0,1.6632782719186785,32.78,-117.12,1.242
2.6607,16.0,6.151468315301391,1.054095826893354,3174.0,4.905718701700154,32.82,-117.11,1.75
2.15,15.0,4.060975609756097,0.926829268292683,247.0,1.5060975609756098,32.8,-117.09,1.313
6.04,16.0,7.245283018867925,0.9889937106918238,2020.0,3.1761006289308176,32.84,-117.11,2.43
4.375,16.0,4.908564814814815,1.0324074074074074,1771.0,2.0497685185185186,32.82,-117.11,1.665
6.2047,16.0,6.55625,0.9625,467.0,2.91875,32.83,-117.1,2.481
4.3783,16.0,6.028612303290415,1.0643776824034334,1820.0,2.603719599427754,32.83,-117.1,1.795
4.8419,15.0,6.112259970457902,0.9394387001477104,2001.0,2.955686853766617,32.83,-117.09,2.64
6.4335,7.0,7.383081896551724,1.2672413793103448,4446.0,2.3954741379310347,32.83,-117.08,2.606
6.0266,8.0,6.466275659824047,1.0205278592375366,777.0,2.278592375366569,32.83,-117.04,1.774
3.625,25.0,5.329136690647482,0.9928057553956836,1162.0,2.0899280575539567,32.8,-117.08,1.845
2.8631,20.0,4.401209677419355,1.0766129032258065,999.0,2.0141129032258065,32.79,-117.09,1.697
4.7188,36.0,6.008333333333334,1.0194444444444444,915.0,2.5416666666666665,32.8,-117.09,1.741
3.375,32.0,6.373493975903615,1.0763052208835342,635.0,2.550200803212852,32.8,-117.08,1.781
3.5179,16.0,3.64765784114053,1.054989816700611,1006.0,2.0488798370672097,32.79,-117.11,1.293
3.6528,16.0,4.212523719165086,0.9715370018975332,930.0,1.7647058823529411,32.78,-117.11,1.332
4.0982,36.0,5.880769230769231,1.023076923076923,683.0,2.626923076923077,32.79,-117.09,1.712
3.8333,36.0,5.644314868804665,1.0058309037900874,861.0,2.510204081632653,32.79,-117.09,1.7
3.1964,31.0,5.230569948186528,1.0803108808290156,872.0,2.2590673575129534,32.79,-117.09,1.777
2.9881,28.0,4.346055979643766,1.0,816.0,2.0763358778625958,32.78,-117.09,1.653
5.1488,31.0,6.296296296296297,0.9753086419753086,1017.0,2.511111111111111,32.8,-117.07,1.81
3.9828,36.0,5.761363636363637,0.9914772727272728,820.0,2.3295454545454546,32.8,-117.07,1.689
3.9745,36.0,5.951827242524917,1.0664451827242525,1711.0,2.8421926910299,32.79,-117.07,1.708
5.1782,23.0,6.564476885644769,0.9975669099756692,1094.0,2.661800486618005,32.8,-117.07,1.951
4.3594,15.0,5.420054200542006,1.089430894308943,778.0,2.1084010840108403,32.81,-117.07,2.242
6.7927,17.0,7.122965641952984,0.9945750452079566,1694.0,3.0632911392405062,32.81,-117.06,2.347
5.6402,17.0,6.262458471760797,0.9700996677740864,771.0,2.5614617940199333,32.81,-117.05,2.286
3.7167,17.0,5.034129692832765,1.0511945392491469,549.0,1.8737201365187712,32.8,-117.05,1.804
5.5,17.0,7.066037735849057,1.069182389937107,973.0,3.059748427672956,32.8,-117.06,2.22
4.625,21.0,6.589164785553048,1.1196388261851016,984.0,2.221218961625282,32.78,-117.08,2.228
5.7416,25.0,7.154285714285714,0.9857142857142858,1067.0,3.0485714285714285,32.8,-117.04,2.434
6.4797,25.0,7.529644268774703,0.9881422924901184,865.0,3.41897233201581,32.8,-117.05,2.49
4.8,31.0,5.546875,0.9732142857142856,942.0,2.102678571428572,32.78,-117.06,2.208
4.1162,27.0,6.334224598930481,0.9893048128342246,927.0,2.478609625668449,32.8,-117.02,1.772
5.8683,26.0,7.172862453531598,0.9535315985130112,1469.0,2.7304832713754648,32.79,-117.03,2.205
4.3281,19.0,5.499288762446657,1.1024182076813656,1554.0,2.210526315789474,32.8,-117.03,2.2
2.0337,11.0,4.210280373831775,1.02803738317757,630.0,1.47196261682243,32.8,-117.04,1.467
2.6934,17.0,3.614849187935034,1.111368909512761,803.0,1.863109048723898,32.8,-117.01,1.602
3.7159,20.0,5.442655935613682,1.096579476861167,1198.0,2.41046277665996,32.8,-117.01,1.689
4.3152,33.0,6.046686746987952,0.9984939759036144,1864.0,2.8072289156626504,32.79,-117.01,1.593
3.65,29.0,4.987854251012146,0.9838056680161944,665.0,2.6923076923076925,32.8,-117.02,1.689
4.4583,31.0,5.982222222222222,0.9888888888888888,1129.0,2.508888888888889,32.8,-117.02,1.7
5.516,26.0,7.186900958466453,1.0303514376996803,1866.0,2.980830670926517,32.81,-117.01,1.851
4.0656,27.0,6.09375,0.990625,950.0,2.96875,32.81,-117.02,1.64
5.4544,26.0,6.550819672131148,0.9868852459016394,874.0,2.865573770491803,32.81,-117.02,1.809
5.3441,21.0,7.005,1.03,1620.0,2.7,32.81,-117.01,1.935
3.7292,14.0,5.423931623931624,1.0239316239316238,1451.0,2.4803418803418804,32.81,-117.02,1.822
4.9744,16.0,6.303571428571429,1.0321428571428573,743.0,2.6535714285714285,32.82,-117.03,2.097
6.5412,12.0,6.889952153110048,0.971291866028708,1381.0,3.3038277511961724,32.81,-117.04,2.542
4.2312,16.0,5.771754636233951,1.042796005706134,1684.0,2.4022824536376604,32.82,-117.05,1.97
4.2679,26.0,5.627565982404692,1.0117302052785924,1326.0,3.888563049853373,32.59,-117.05,1.319
4.0616,13.0,5.157894736842105,1.019736842105263,2814.0,3.702631578947369,32.59,-117.06,1.488
4.1518,22.0,5.663072776280323,1.0754716981132075,1551.0,4.180592991913747,32.58,-117.05,1.369
3.8529,17.0,4.916967509025271,1.023465703971119,2213.0,3.9945848375451263,32.58,-117.06,1.477
3.5125,11.0,4.277860326894502,1.008915304606241,2098.0,3.1173848439821694,32.58,-117.06,1.424
2.6985,16.0,4.258389261744966,0.9463087248322148,1609.0,5.399328859060403,32.57,-117.06,1.565
5.0311,14.0,5.872817955112219,1.0124688279301746,1883.0,4.695760598503741,32.58,-117.04,1.521
4.0089,20.0,5.747875354107649,1.0113314447592068,1497.0,4.240793201133145,32.58,-117.04,1.321
4.087,23.0,5.641176470588236,0.9970588235294118,1392.0,4.094117647058823,32.58,-117.05,1.348
5.3072,25.0,5.921409214092141,1.002710027100271,1558.0,4.222222222222222,32.58,-117.05,1.327
4.7337,22.0,5.76008064516129,1.0403225806451613,2412.0,4.862903225806452,32.57,-117.05,1.276
3.0284,25.0,4.240802675585284,0.94314381270903,991.0,3.31438127090301,32.57,-117.06,1.236
4.6364,17.0,6.16986301369863,1.0356164383561643,1776.0,4.865753424657535,32.57,-117.06,1.411
3.1696,13.0,5.079365079365079,1.0158730158730158,2450.0,4.320987654320987,32.57,-117.05,1.38
2.875,17.0,4.417040358744394,1.0448430493273542,811.0,3.636771300448431,32.56,-117.05,1.345
2.5625,23.0,4.589090909090909,1.069090909090909,5176.0,18.82181818181818,32.56,-116.97,1.533
2.0159,22.0,4.145038167938932,1.0744274809160306,2049.0,3.9103053435114505,32.56,-117.05,1.393
1.7958,17.0,4.146449704142012,1.0103550295857988,2768.0,4.094674556213017,32.56,-117.06,1.404
1.7301,5.0,3.1649122807017545,1.08187134502924,3148.0,3.68187134502924,32.56,-117.06,1.25
2.3,23.0,4.305699481865285,0.9766839378238342,1318.0,3.414507772020725,32.58,-117.1,1.208
2.25,17.0,3.860377358490566,1.0547169811320756,1585.0,2.990566037735849,32.58,-117.1,1.328
4.1029,33.0,4.9125,0.95,330.0,4.125,32.58,-117.1,1.227
4.8646,29.0,5.150485436893204,0.9805825242718448,759.0,3.684466019417476,32.58,-117.1,1.368
4.3601,26.0,6.298387096774194,0.9973118279569892,1221.0,3.282258064516129,32.57,-117.1,1.449
3.75,16.0,5.597916666666666,1.04375,1502.0,3.129166666666667,32.56,-117.1,1.468
2.5859,17.0,4.814634146341463,1.0308943089430895,1911.0,3.107317073170732,32.57,-117.07,1.314
3.0992,9.0,4.342857142857143,1.0654761904761905,3293.0,3.920238095238095,32.56,-117.07,1.426
2.7048,8.0,4.228404099560762,0.9692532942898976,2441.0,3.57393850658858,32.59,-117.08,1.53
3.9698,15.0,5.394833948339484,1.011070110701107,1002.0,3.697416974169742,32.58,-117.08,1.427
3.2687,22.0,4.728888888888889,1.06,1420.0,3.1555555555555554,32.58,-117.08,1.31
3.8194,25.0,6.180769230769231,1.0769230769230769,899.0,3.457692307692308,32.58,-117.07,1.344
3.0273,12.0,4.706422018348624,1.040366972477064,1785.0,3.2752293577981653,32.58,-117.09,1.353
3.6736,23.0,5.556574923547401,0.9877675840978594,1371.0,4.192660550458716,32.57,-117.09,1.395
4.5547,10.0,6.28,1.0514285714285714,1645.0,4.7,32.57,-117.09,1.607
5.1478,17.0,5.103448275862069,0.9540229885057472,357.0,4.103448275862069,32.57,-117.09,1.389
4.8984,8.0,5.023255813953488,0.9069767441860463,626.0,3.63953488372093,32.56,-117.09,1.515
3.9583,8.0,5.550552251486831,1.0339847068819032,4797.0,4.075615972812234,32.55,-117.09,1.444
3.0613,34.0,4.521444695259594,1.0519187358916475,1226.0,2.7674943566591423,32.58,-117.12,1.367
4.8274,21.0,5.832214765100671,0.9899328859060402,983.0,3.298657718120805,32.57,-117.12,1.741
3.1645,27.0,4.359375,1.0677083333333333,1427.0,2.477430555555556,32.58,-117.13,1.56
2.3194,32.0,4.389671361502347,1.0258215962441315,1142.0,2.68075117370892,32.58,-117.13,1.594
2.3603,27.0,4.07183908045977,1.0718390804597702,814.0,2.339080459770115,32.58,-117.13,1.953
2.9286,20.0,4.507142857142857,1.2178571428571427,1819.0,3.248214285714285,32.56,-117.12,2.577
2.5988,28.0,5.433139534883721,1.183139534883721,1074.0,3.122093023255814,32.58,-117.11,1.356
3.3371,32.0,4.845195729537367,1.0427046263345197,1702.0,3.02846975088968,32.57,-117.11,1.405
2.6715,35.0,5.06993006993007,0.8951048951048951,930.0,3.251748251748252,32.57,-117.12,1.333
3.0217,26.0,4.146341463414634,0.9420731707317072,869.0,2.649390243902439,32.58,-117.12,1.316
2.2755,21.0,4.064606741573034,0.9620786516853932,2109.0,2.962078651685393,32.58,-117.11,1.25
2.3824,27.0,4.533795493934142,1.024263431542461,1889.0,3.2738301559792027,32.58,-117.1,1.276
2.3253,14.0,4.239731768650461,1.0888516345347865,3662.0,3.069572506286672,32.57,-117.1,1.337
2.1773,17.0,4.04,1.068,1529.0,3.058,32.59,-117.11,1.432
2.4213,12.0,3.7448275862068967,1.013793103448276,870.0,3.0,32.58,-117.11,1.325
2.1179,18.0,4.107583774250441,1.0229276895943562,1538.0,2.71252204585538,32.59,-117.11,1.531
2.6724,28.0,4.131656804733728,1.044378698224852,1825.0,2.6997041420118344,32.59,-117.12,1.445
3.3906,36.0,5.0785340314136125,1.044502617801047,1076.0,2.816753926701571,32.58,-117.16,1.478
7.3669,16.0,11.29310344827586,2.727969348659004,873.0,1.6724137931034482,32.68,-117.17,1.875
1.9107,36.0,1.1304347826086956,0.6086956521739131,58.0,2.5217391304347827,32.68,-117.11,1.25
1.8333,38.0,4.576923076923077,1.1318681318681318,570.0,3.131868131868132,32.66,-117.09,1.271
2.8089,30.0,4.4,1.0793388429752069,1997.0,3.3008264462809915,32.68,-117.09,1.206
4.069,28.0,5.247349823321555,0.9717314487632508,820.0,2.8975265017667846,32.69,-117.07,1.533
1.324,19.0,3.31056466302368,0.9817850637522768,3127.0,2.847905282331512,32.68,-117.08,1.226
3.375,46.0,5.24223602484472,0.9130434782608696,423.0,2.627329192546584,32.66,-117.09,1.363
3.4701,12.0,4.917857142857143,1.0607142857142855,2272.0,2.704761904761905,32.65,-117.07,2.049
4.1325,32.0,5.439618644067797,1.0858050847457628,2152.0,2.2796610169491527,32.64,-117.07,1.728
1.8672,43.0,3.988095238095238,0.9126984126984128,548.0,2.1746031746031744,32.64,-117.08,1.458
2.5392,17.0,3.793948126801153,1.0259365994236311,1487.0,2.142651296829971,32.65,-117.08,1.47
1.9241,38.0,3.9356223175965663,1.098712446351931,494.0,2.1201716738197427,32.64,-117.08,1.5
1.6806,11.0,3.2058252427184466,1.0349514563106796,947.0,1.8388349514563107,32.64,-117.08,1.417
2.619,20.0,4.326347305389222,0.9670658682634732,573.0,1.715568862275449,32.65,-117.09,1.458
2.6296,25.0,3.903225806451613,1.0956618464961068,2359.0,2.624026696329255,32.65,-117.09,1.5
2.3562,28.0,4.174545454545455,1.0963636363636364,1277.0,2.321818181818182,32.65,-117.08,1.238
2.7218,38.0,3.809090909090909,0.9745454545454544,1240.0,2.2545454545454544,32.64,-117.09,1.459
2.507,30.0,3.96375,1.0775,2126.0,2.6575,32.64,-117.09,1.427
2.5658,29.0,3.422993492407809,0.9978308026030368,1236.0,2.6811279826464207,32.64,-117.1,1.347
1.62,19.0,3.28352490421456,1.0102171136653897,1205.0,1.5389527458492975,32.64,-117.09,1.313
2.1719,27.0,3.8298755186721993,1.0560165975103737,1078.0,2.236514522821577,32.62,-117.11,1.315
3.0729,37.0,5.396491228070175,1.0456140350877192,867.0,3.042105263157895,32.62,-117.09,1.287
2.4866,37.0,4.518779342723005,1.0046948356807512,1344.0,3.1549295774647885,32.62,-117.09,1.297
2.1955,34.0,4.136482939632546,0.9553805774278216,1153.0,3.026246719160105,32.62,-117.09,1.297
2.1281,33.0,3.8342175066313,1.0517241379310345,1607.0,2.1312997347480107,32.63,-117.08,1.398
1.947,24.0,3.88077336197637,1.045112781954887,2002.0,2.1503759398496243,32.64,-117.09,1.475
1.8417,33.0,3.7804878048780486,0.9817073170731708,420.0,2.5609756097560976,32.63,-117.09,1.5
4.6477,38.0,5.03728813559322,0.911864406779661,745.0,2.5254237288135597,32.64,-117.07,1.504
3.455,37.0,6.450980392156863,1.061624649859944,1026.0,2.8739495798319328,32.63,-117.07,1.569
2.24,30.0,3.930232558139535,1.0588235294117647,1593.0,2.179206566347469,32.64,-117.07,1.295
4.125,37.0,5.525,0.975,612.0,2.55,32.63,-117.06,1.602
3.9167,36.0,5.695652173913044,0.9057971014492754,408.0,2.9565217391304346,32.62,-117.06,1.897
3.5583,40.0,5.63036303630363,1.062706270627063,796.0,2.627062706270627,32.63,-117.07,1.549
3.7583,37.0,5.66109785202864,1.0596658711217184,1056.0,2.520286396181384,32.63,-117.07,1.455
2.6146,30.0,5.110204081632653,1.1408163265306122,1827.0,3.7285714285714286,32.63,-117.08,1.594
2.2788,28.0,4.792626728110599,0.9838709677419356,1266.0,2.91705069124424,32.63,-117.08,1.463
3.0771,28.0,4.727969348659004,0.9693486590038314,1353.0,2.5919540229885056,32.62,-117.08,1.586
3.4773,36.0,5.452768729641694,1.006514657980456,818.0,2.6644951140065145,32.62,-117.08,1.504
2.2685,16.0,3.930355791067373,1.0454201362604087,3261.0,2.468584405753217,32.62,-117.08,1.519
3.3514,27.0,4.837606837606837,1.1217948717948718,1485.0,3.173076923076923,32.61,-117.08,1.491
2.7838,19.0,4.640148011100832,1.0851063829787233,2750.0,2.543940795559667,32.62,-117.07,1.559
2.8489,34.0,4.417773237997957,1.0367722165474975,2609.0,2.664964249233912,32.61,-117.06,1.283
2.1441,22.0,4.193979933110368,1.112876254180602,3222.0,2.693979933110368,32.61,-117.07,1.355
2.3929,30.0,3.0,1.0833333333333333,220.0,4.583333333333333,32.59,-117.08,1.344
2.2544,24.0,3.9936974789915967,1.0294117647058822,1334.0,2.802521008403361,32.6,-117.08,1.219
2.1765,10.0,4.312020460358056,1.0588235294117647,1000.0,2.557544757033248,32.61,-117.07,1.284
2.0571,24.0,3.5036086607858863,1.0850040096230955,3123.0,2.504410585404972,32.61,-117.06,1.523
2.5625,23.0,3.8995215311004783,0.8660287081339713,1267.0,3.0311004784688995,32.61,-117.06,1.311
4.1958,31.0,5.825622775800712,1.0213523131672595,2334.0,2.7686832740213525,32.63,-117.05,1.601
4.2851,34.0,5.767988252569751,1.0073421439060206,2315.0,3.3994126284875184,32.62,-117.05,1.445
4.9962,26.0,6.104553119730186,1.0236087689713322,2000.0,3.372681281618887,32.62,-117.04,1.56
3.5096,31.0,5.64055944055944,1.0,2585.0,3.615384615384616,32.61,-117.05,1.399
3.2633,21.0,5.265270506108203,1.0514834205933683,3795.0,3.31151832460733,32.61,-117.05,1.297
3.8615,26.0,4.993610223642173,0.9137380191693292,1145.0,3.65814696485623,32.61,-117.05,1.393
4.2241,20.0,5.630769230769231,1.0216783216783216,5094.0,3.5622377622377623,32.6,-117.04,1.398
3.9076,18.0,5.443807339449541,0.970183486238532,3002.0,3.442660550458716,32.6,-117.04,1.529
4.1154,26.0,6.191044776119403,1.0626865671641792,1228.0,3.665671641791045,32.63,-117.04,1.602
4.6793,27.0,5.757575757575758,0.9494949494949496,1089.0,3.6666666666666665,32.62,-117.04,1.519
5.1538,23.0,6.781659388646288,0.9432314410480348,778.0,3.397379912663756,32.61,-117.03,1.713
6.0086,22.0,6.7631578947368425,0.9736842105263158,523.0,3.4407894736842106,32.61,-117.03,1.669
5.152,26.0,6.209302325581396,1.041860465116279,742.0,3.4511627906976745,32.6,-117.03,1.434
4.7068,6.0,5.81031976744186,1.059593023255814,4771.0,3.467296511627907,32.62,-116.98,1.843
5.766,30.0,6.608823529411764,0.9808823529411764,1883.0,2.7691176470588235,32.64,-117.06,1.861
4.2204,29.0,5.8457223001402525,1.040673211781206,2096.0,2.9396914446002804,32.63,-117.06,1.698
5.5248,22.0,6.141361256544503,0.9947643979057592,1217.0,3.1858638743455496,32.68,-116.98,1.563
6.6143,16.0,7.386138613861386,1.0132013201320131,1002.0,3.3069306930693068,32.67,-117.0,2.641
6.5772,20.0,8.26923076923077,1.010989010989011,635.0,3.489010989010989,32.67,-117.02,2.452
5.6631,4.0,6.1311964219157655,1.0559075661572863,7985.0,2.976146105106225,32.65,-116.97,2.334
3.9519,15.0,6.907496012759171,1.1148325358851674,2046.0,3.263157894736842,32.64,-116.99,1.935
4.2155,8.0,8.315391879131257,1.3229461756373937,3159.0,2.9830028328611897,32.65,-117.04,2.478
4.9792,11.0,6.400826446280992,1.012396694214876,1391.0,2.87396694214876,32.64,-117.0,1.704
5.7358,7.0,6.450746268656716,0.9711442786069652,3269.0,3.25273631840796,32.63,-117.01,2.216
4.0298,5.0,4.531128404669261,1.0544747081712065,1213.0,2.359922178988327,32.64,-117.04,2.256
5.7789,13.0,6.324242424242424,0.9484848484848484,1165.0,3.5303030303030303,32.63,-117.03,2.277
5.2489,14.0,6.025862068965517,1.0258620689655171,1466.0,3.159482758620689,32.63,-117.03,2.137
5.1354,26.0,6.924623115577889,1.0603015075376885,1166.0,2.92964824120603,32.63,-117.04,1.816
3.1771,17.0,6.380658436213992,1.125514403292181,1410.0,2.9012345679012346,32.74,-116.99,1.899
2.6944,17.0,5.147519582245431,1.100522193211488,1995.0,2.60443864229765,32.74,-116.98,1.583
4.9286,24.0,5.781065088757397,0.8698224852071006,454.0,2.6863905325443787,32.74,-116.98,1.737
5.1098,16.0,5.814878892733564,0.9290657439446368,1754.0,3.034602076124568,32.74,-116.98,1.623
4.5135,15.0,6.566302652106084,1.060842433697348,1914.0,2.985959438377535,32.72,-116.98,1.583
5.0864,16.0,6.6573426573426575,1.0,530.0,3.706293706293706,32.73,-116.98,1.753
4.6667,4.0,5.858695652173913,0.8586956521739131,571.0,3.1032608695652173,32.72,-116.98,2.233
4.2192,14.0,5.816326530612245,1.054945054945055,3597.0,2.8233908948194664,32.74,-116.97,1.761
3.9583,7.0,4.7421602787456445,1.0069686411149823,1429.0,2.489547038327526,32.74,-116.95,1.417
2.4567,18.0,4.379310344827586,0.9673321234119784,1129.0,2.0490018148820326,32.71,-116.96,1.55
5.2671,17.0,5.860215053763441,0.974910394265233,960.0,3.4408602150537635,32.73,-116.95,1.571
4.375,25.0,6.566666666666666,1.0507936507936508,1905.0,3.023809523809524,32.75,-116.98,2.14
4.7973,28.0,5.964406779661017,0.988135593220339,1720.0,2.915254237288136,32.75,-116.97,1.869
2.9886,18.0,4.377521613832853,1.063400576368876,802.0,2.3112391930835736,32.75,-116.98,1.708
6.1768,33.0,5.98635477582846,0.9083820662768032,1348.0,2.6276803118908383,32.76,-116.97,2.289
5.1221,4.0,6.176178660049628,1.0252274607113316,6945.0,2.872208436724566,32.75,-116.94,2.297
5.9202,9.0,6.115131578947368,1.0098684210526316,947.0,3.1151315789473686,32.76,-116.92,1.813
5.2741,7.0,6.855371900826446,0.9793388429752066,862.0,3.56198347107438,32.76,-116.92,2.494
4.7813,5.0,5.703994760969221,1.0569744597249509,4372.0,2.863130320890636,32.75,-116.91,2.409
6.5645,31.0,6.607973421926911,0.9302325581395348,805.0,2.6744186046511627,32.76,-117.0,1.891
3.9844,18.0,5.54983388704319,1.0149501661129567,1952.0,3.242524916943521,32.74,-116.99,2.153
4.0357,30.0,4.897097625329815,0.8944591029023746,1103.0,2.9102902374670183,32.73,-116.99,1.538
3.9545,26.0,5.877729257641922,1.027656477438137,2065.0,3.005822416302766,32.75,-117.01,1.781
4.3088,34.0,5.896358543417367,0.9523809523809524,973.0,2.7254901960784315,32.75,-117.01,1.525
2.6973,31.0,5.129985228951256,1.0664697193500738,2098.0,3.098966026587888,32.74,-117.01,1.352
2.8646,22.0,4.775047258979206,1.001890359168242,1556.0,2.941398865784499,32.73,-117.01,1.208
3.7647,17.0,5.349248452696728,1.0106100795755968,3424.0,3.0274093722369586,32.73,-117.0,1.276
2.1362,10.0,4.362285714285714,1.0777142857142856,2352.0,2.688,32.72,-117.0,1.432
2.3068,12.0,4.145092460881934,1.0440967283072546,2104.0,2.992887624466572,32.72,-117.01,1.323
4.0444,15.0,5.980392156862745,1.0163398692810457,2629.0,4.295751633986928,32.7,-116.99,1.501
4.3714,23.0,6.202672605790646,1.042316258351893,1456.0,3.242761692650334,32.7,-117.0,1.31
3.4551,18.0,5.438799076212471,1.02540415704388,1277.0,2.94919168591224,32.71,-116.98,1.214
3.725,22.0,5.439903846153846,1.0600961538461535,1395.0,3.3533653846153846,32.71,-117.0,1.235
2.981,20.0,5.248502994011976,1.035928143712575,1977.0,2.9595808383233533,32.71,-117.01,1.291
4.0391,15.0,6.297709923664122,0.9923664122137404,334.0,2.549618320610687,32.72,-116.99,1.695
4.775,14.0,6.235915492957746,1.0598591549295775,1046.0,3.683098591549296,32.72,-116.99,1.433
3.8295,13.0,6.186046511627907,1.0046511627906978,719.0,3.344186046511628,32.72,-116.99,1.496
4.7679,11.0,6.390804597701149,0.942528735632184,441.0,2.534482758620689,32.72,-116.99,1.695
3.5,30.0,5.728882833787466,1.0517711171662123,2012.0,2.741144414168937,32.74,-117.02,1.447
3.5096,34.0,5.1525,0.9775,1169.0,2.9225,32.73,-117.03,1.42
3.4784,32.0,5.223880597014926,0.9940298507462688,997.0,2.976119402985075,32.73,-117.03,1.544
3.0125,37.0,6.0814814814814815,1.1111111111111112,404.0,2.9925925925925925,32.74,-117.03,1.304
4.7952,22.0,6.365973072215422,1.05875152998776,3280.0,4.01468788249694,32.73,-117.02,1.414
3.7763,36.0,5.686274509803922,1.0336134453781514,1142.0,3.1988795518207285,32.72,-117.02,1.269
3.5861,38.0,5.127625201938611,0.9789983844911146,1557.0,2.515347334410339,32.73,-117.03,1.236
3.5938,38.0,4.712765957446808,0.9361702127659576,505.0,2.686170212765957,32.72,-117.03,1.254
3.0588,37.0,4.914798206278027,1.0201793721973094,1515.0,3.396860986547085,32.72,-117.03,1.206
4.0813,24.0,6.0553097345132745,1.0564159292035398,3020.0,3.34070796460177,32.72,-117.04,1.37
3.2717,36.0,5.236180904522613,1.0050251256281406,1097.0,2.756281407035176,32.73,-117.04,1.307
3.5492,25.0,4.946043165467626,0.960431654676259,1032.0,3.712230215827338,32.73,-117.04,1.254
3.9485,35.0,6.271794871794872,1.0547008547008547,1694.0,2.895726495726496,32.72,-117.05,1.339
3.5529,27.0,5.576182136602452,1.0297723292469352,1763.0,3.087565674255692,32.73,-117.05,1.339
2.4345,35.0,4.591687041564792,1.1100244498777505,991.0,2.4229828850855744,32.74,-117.03,1.297
3.6848,33.0,4.819875776397516,0.9565217391304348,2288.0,2.8422360248447207,32.74,-117.04,1.407
1.7179,5.0,3.796833773087071,1.0356200527704484,1727.0,2.278364116094987,32.74,-117.04,1.32
3.5192,36.0,5.85969387755102,1.066326530612245,1070.0,2.729591836734694,32.75,-117.04,1.44
2.8306,29.0,4.713798977853492,1.0425894378194207,1437.0,2.4480408858603067,32.75,-117.05,1.429
2.7014,43.0,5.113095238095238,1.0238095238095235,826.0,2.458333333333333,32.75,-117.05,1.337
2.875,34.0,4.235849056603773,1.009433962264151,918.0,2.1650943396226414,32.77,-117.03,1.612
1.0278,15.0,3.6932515337423313,1.0,543.0,1.665644171779141,32.76,-117.02,1.542
3.11,40.0,5.368085106382979,1.0382978723404257,976.0,2.076595744680851,32.76,-117.02,1.857
5.2835,33.0,5.928057553956834,0.9658273381294964,1345.0,2.4190647482014387,32.75,-117.02,2.171
3.0897,24.0,5.136245110821382,1.0788787483702738,3898.0,2.5410691003911343,32.75,-117.03,1.873
2.734,26.0,4.2207920792079205,1.0267326732673268,2199.0,2.1772277227722774,32.77,-117.04,1.489
3.141,43.0,5.0736,1.064,1534.0,2.4544,32.76,-117.04,1.414
3.6625,37.0,5.601607347876005,1.0401836969001148,2076.0,2.383467278989667,32.76,-117.05,1.548
3.7368,37.0,5.281914893617022,0.9875886524822696,1285.0,2.278368794326241,32.76,-117.04,1.522
2.9624,16.0,4.414079822616408,1.0426829268292683,3769.0,2.0892461197339247,32.77,-117.04,1.447
4.7941,37.0,6.166666666666667,0.9270833333333334,529.0,2.755208333333333,32.78,-117.05,1.617
2.5707,17.0,3.5660377358490565,1.0527000650618088,2957.0,1.9238776837996097,32.78,-117.03,1.713
3.3675,33.0,4.84144645340751,0.9847009735744088,1726.0,2.400556328233658,32.78,-117.02,1.582
4.2992,31.0,6.113695090439276,0.9896640826873384,1077.0,2.7829457364341086,32.79,-117.03,1.744
2.7006,17.0,4.499388004895961,1.039779681762546,3331.0,2.038555691554468,32.79,-117.03,1.663
2.8125,30.0,4.668393782383419,1.038860103626943,776.0,2.010362694300518,32.77,-117.0,1.735
2.8594,22.0,4.715214564369311,1.071521456436931,1800.0,2.340702210663199,32.76,-117.01,1.896
4.0549,34.0,5.758853288364249,1.0252951096121417,1464.0,2.468802698145025,32.76,-117.01,2.237
2.9,24.0,4.4019047619047615,1.020952380952381,1005.0,1.9142857142857144,32.77,-117.01,1.852
2.6678,34.0,5.076219512195122,1.1021341463414631,1592.0,2.426829268292683,32.77,-117.01,1.642
3.0179,43.0,4.06280193236715,0.927536231884058,496.0,2.396135265700483,32.77,-117.01,1.493
3.4421,31.0,4.725907384230288,1.0200250312891117,1886.0,2.360450563204005,32.79,-117.01,1.553
2.9896,20.0,4.518134715025907,1.0310880829015543,1532.0,2.64594127806563,32.78,-117.01,2.356
3.4659,31.0,5.144288577154309,1.0160320641282563,1198.0,2.400801603206413,32.78,-117.02,1.63
4.0491,36.0,6.720364741641338,1.1671732522796352,868.0,2.6382978723404253,32.79,-117.02,1.479
4.0658,33.0,6.095717884130982,0.9899244332493704,1003.0,2.526448362720403,32.79,-116.99,1.651
3.744,26.0,5.415545590433482,1.0508221225710015,1609.0,2.4050822122571,32.79,-116.99,1.658
5.4333,29.0,7.233766233766234,1.0584415584415583,385.0,2.5,32.78,-116.99,2.228
3.4773,31.0,4.611898016997167,1.028328611898017,1595.0,2.259206798866856,32.79,-117.0,1.558
4.3977,31.0,7.441520467836257,1.090643274853801,956.0,2.7953216374269005,32.76,-117.0,2.268
5.5,35.0,6.60625,0.990625,881.0,2.753125,32.77,-117.0,2.414
3.3906,33.0,5.695550351288056,1.0374707259953162,1147.0,2.6861826697892277,32.78,-116.95,1.381
2.1638,26.0,4.839655172413793,1.0862068965517242,1785.0,3.077586206896552,32.78,-116.96,1.328
4.7943,26.0,6.418168709444845,1.0187454938716656,3941.0,2.841384282624369,32.78,-116.97,2.269
4.4306,21.0,5.904225352112676,1.0591549295774647,2101.0,2.9591549295774646,32.78,-116.92,1.591
3.434,17.0,5.352941176470588,1.0485590209238058,6990.0,2.759573628108962,32.78,-116.94,1.932
3.6445,17.0,5.84,1.0620689655172413,2191.0,3.022068965517241,32.83,-116.85,1.976
4.2014,35.0,5.782608695652174,1.1106719367588933,1590.0,3.142292490118577,32.81,-116.88,1.432
4.875,19.0,6.024137931034483,1.0034482758620689,848.0,2.924137931034483,32.8,-116.86,1.872
5.4288,6.0,6.50625,1.03125,1513.0,3.152083333333333,32.83,-116.83,1.678
4.8125,18.0,5.992405063291139,1.017721518987342,1021.0,2.5848101265822785,32.81,-116.83,2.105
4.5224,24.0,5.450268817204301,0.9973118279569892,2123.0,2.853494623655914,32.79,-116.92,1.42
3.0927,23.0,4.791181364392679,1.0465890183028286,3108.0,2.5856905158069883,32.79,-116.93,1.406
5.6846,32.0,6.654109589041096,0.9828767123287672,1081.0,3.702054794520548,32.8,-116.91,2.088
3.0192,19.0,4.917888563049853,1.0249266862170088,1948.0,2.8563049853372435,32.79,-116.93,1.423
2.0326,19.0,3.9211703958691912,1.0647160068846817,7178.0,2.4709122203098106,32.79,-116.95,1.232
1.3291,16.0,3.831867057673509,1.0694037145650048,2612.0,2.5532746823069403,32.8,-116.96,1.208
2.6087,19.0,4.365747460087083,1.0058055152394776,2341.0,3.397677793904209,32.79,-116.96,1.238
2.6324,35.0,4.173745173745174,1.027027027027027,691.0,2.667953667953668,32.79,-116.96,1.337
2.3221,17.0,4.246553122465532,1.0746147607461476,3308.0,2.682887266828873,32.79,-116.96,1.388
3.7019,37.0,4.514388489208633,0.8561151079136691,671.0,2.413669064748201,32.78,-116.97,1.386
2.9784,35.0,4.524390243902439,0.959349593495935,681.0,2.768292682926829,32.78,-116.97,1.364
3.8667,32.0,6.280936454849498,1.1070234113712374,1611.0,2.693979933110368,32.79,-116.98,1.897
3.963,28.0,5.427893738140417,0.976280834914611,2672.0,2.535104364326376,32.8,-116.98,1.644
5.2907,34.0,6.50711743772242,0.9572953736654805,1513.0,2.692170818505338,32.8,-116.99,1.958
4.5662,33.0,5.746835443037975,1.0284810126582278,768.0,2.430379746835443,32.8,-117.0,1.503
3.0189,29.0,5.557065217391305,1.0815217391304348,912.0,2.4782608695652173,32.8,-117.0,1.441
4.2386,25.0,6.010840108401084,1.02710027100271,1997.0,2.705962059620596,32.81,-116.99,2.01
6.2787,18.0,7.307128580946036,1.0133244503664225,4439.0,2.957361758827449,32.81,-116.99,2.5
2.1422,19.0,3.79951690821256,1.1376811594202898,844.0,2.0386473429951693,32.81,-116.97,1.25
2.8175,22.0,4.330964467005076,1.0253807106598984,2766.0,2.8081218274111674,32.81,-116.94,1.352
2.4141,28.0,4.327169274537695,1.0369843527738265,1964.0,2.793741109530583,32.8,-116.94,1.375
2.065,19.0,4.3273415326395455,1.0898770104068118,3045.0,2.880794701986755,32.8,-116.96,1.241
3.369,25.0,4.610512129380054,1.082210242587601,1681.0,2.265498652291105,32.8,-116.96,1.344
5.0118,34.0,6.25886524822695,1.0070921985815602,772.0,2.7375886524822697,32.82,-116.92,1.653
3.3669,23.0,5.091603053435114,1.0076335877862594,1510.0,2.881679389312977,32.81,-116.92,1.589
4.2586,26.0,5.750696378830083,0.9944289693593314,1820.0,2.534818941504178,32.82,-116.93,1.71
5.4834,22.0,6.622324159021407,0.9740061162079512,1952.0,2.984709480122324,32.81,-116.91,2.32
3.5586,33.0,5.580882352941177,0.9852941176470588,857.0,3.150735294117647,32.8,-116.92,1.604
2.0685,19.0,3.98931623931624,1.1495726495726497,1219.0,2.6047008547008548,32.8,-116.93,1.3
2.6429,18.0,5.184322033898305,0.9872881355932204,1573.0,3.332627118644068,32.81,-116.93,1.254
2.9161,19.0,4.86080586080586,0.9688644688644688,2852.0,2.611721611721612,32.82,-116.95,1.357
3.1106,31.0,5.388185654008439,1.2362869198312236,698.0,2.9451476793248945,32.81,-116.95,1.477
2.9097,8.0,3.817014446227929,1.0240770465489566,1410.0,2.263242375601926,32.81,-116.96,1.525
3.2411,35.0,5.908163265306122,0.9693877551020408,826.0,2.8095238095238093,32.82,-116.94,1.592
2.136,8.0,4.106035889070147,1.030995106035889,1686.0,2.7504078303425774,32.81,-116.94,1.435
3.8024,18.0,5.105882352941176,0.9949579831932772,1904.0,3.2,32.82,-116.95,1.449
3.1979,20.0,5.186676994577847,1.027110766847405,3687.0,2.8559256390395045,32.83,-116.99,1.546
4.0931,32.0,5.496835443037975,1.001054852320675,3025.0,3.190928270042194,32.85,-116.99,1.342
4.0882,12.0,5.36036036036036,1.0705705705705706,3321.0,4.986486486486487,32.85,-116.98,1.345
3.3067,17.0,4.849181360201511,1.0327455919395463,7302.0,2.29911838790932,32.83,-117.01,1.219
3.1023,23.0,5.161375661375661,1.0449735449735449,901.0,2.383597883597884,32.84,-117.01,1.433
5.131,17.0,6.071104387291982,1.0181543116490166,2263.0,3.4236006051437218,32.84,-117.02,1.483
4.1716,11.0,5.472144063027574,1.0106921778277995,5247.0,2.952729319077096,32.85,-116.96,1.661
4.4347,14.0,6.0914512922465205,0.9860834990059644,1681.0,3.341948310139165,32.86,-116.96,1.603
4.8286,17.0,6.518672199170124,1.0235131396957122,2531.0,3.500691562932227,32.87,-116.96,1.585
4.3952,12.0,5.860688550840672,1.0240192153722978,4048.0,3.2409927942353884,32.88,-116.98,1.517
4.7717,19.0,6.008498583569405,0.9660056657223796,1236.0,3.501416430594901,32.86,-116.98,1.532
4.0693,16.0,5.536585365853658,1.0208034433285509,4383.0,3.144189383070301,32.86,-116.98,1.464
4.4904,18.0,6.003120124804992,1.029121164846594,6296.0,3.2740509620384817,32.87,-117.0,1.504
5.4903,23.0,6.013921113689095,0.9605568445475638,1401.0,3.250580046403712,32.85,-117.01,1.514
5.282,24.0,5.918495297805642,1.0,950.0,2.9780564263322886,32.85,-117.0,1.408
3.3081,14.0,5.365195027861123,1.0741534504929275,6389.0,2.738534076296614,32.83,-116.95,1.687
3.4286,31.0,5.658008658008658,1.0606060606060606,752.0,3.2554112554112558,32.84,-116.95,1.294
3.1142,5.0,4.548066298342541,1.0939226519337018,2770.0,3.0607734806629834,32.85,-116.93,1.5
4.7578,31.0,5.671052631578948,1.0175438596491229,599.0,2.6271929824561404,32.85,-116.94,1.61
4.5278,32.0,6.133587786259542,0.965648854961832,778.0,2.969465648854962,32.84,-116.94,1.663
3.7831,38.0,5.595394736842105,1.042763157894737,872.0,2.8684210526315788,32.83,-116.94,1.478
5.0733,9.0,5.920388349514563,0.9145631067961164,1527.0,2.9650485436893206,32.86,-116.88,1.966
3.2516,16.0,5.064777327935222,1.0769230769230769,1211.0,2.451417004048583,32.86,-116.84,2.021
2.8906,16.0,5.413043478260869,1.0341614906832295,652.0,2.0248447204968945,32.85,-116.89,1.583
4.3818,14.0,5.291666666666667,1.0364583333333333,1690.0,2.9340277777777777,32.87,-116.91,1.471
2.5365,10.0,4.873517786561265,1.1040843214756255,2310.0,3.0434782608695654,32.86,-116.91,1.395
3.6898,15.0,5.98292220113852,1.191650853889943,1633.0,3.098671726755218,32.86,-116.91,1.31
2.3693,11.0,4.434607645875252,1.0422535211267605,1472.0,2.9617706237424546,32.86,-116.92,1.27
3.944,19.0,5.968565815324165,1.0392927308447937,1463.0,2.8742632612966603,32.83,-116.93,1.725
2.3203,21.0,4.439446366782007,0.9619377162629758,684.0,2.366782006920415,32.83,-116.93,1.635
2.8875,17.0,5.676537585421412,1.1252847380410025,1278.0,2.9111617312072893,32.82,-116.92,1.557
4.0625,23.0,5.180451127819549,1.0112781954887218,767.0,2.8834586466165413,32.85,-116.92,1.45
4.6674,16.0,5.722154222766218,1.0208078335373316,2188.0,2.6780905752753976,32.84,-116.92,1.78
4.105,16.0,6.035962877030163,1.0417633410672853,2515.0,2.917633410672854,32.83,-116.91,1.744
4.0048,16.0,5.987096774193549,1.0064516129032255,1458.0,3.1354838709677417,32.82,-116.92,1.846
4.5096,21.0,5.956958393113343,1.0086083213773314,2255.0,3.235294117647059,32.85,-116.91,1.595
5.1185,15.0,6.2020905923344944,1.0331010452961673,1757.0,3.0609756097560976,32.85,-116.89,1.853
2.7069,18.0,5.065918653576437,1.0336605890603086,1864.0,2.6143057503506317,32.84,-116.9,1.538
5.0201,18.0,5.601336302895323,0.9866369710467706,1442.0,3.2115812917594653,32.82,-116.89,1.544
4.0873,18.0,5.452781371280724,1.0478654592496766,2104.0,2.721862871927555,32.84,-116.9,1.469
3.8073,14.0,5.111111111111111,1.0956072351421189,1085.0,2.8036175710594318,32.82,-116.91,1.701
5.3008,16.0,6.1062124248497,0.9919839679358716,1507.0,3.0200400801603204,32.9,-116.96,1.865
5.2542,24.0,6.830645161290323,1.0241935483870968,1078.0,2.8978494623655915,32.89,-116.94,2.278
5.2614,24.0,5.995753715498938,0.9363057324840764,1480.0,3.142250530785563,32.87,-116.94,1.772
3.6027,17.0,6.162251655629139,1.109271523178808,1561.0,2.584437086092715,32.87,-116.93,2.119
4.0806,19.0,5.9423076923076925,1.0615384615384615,1621.0,3.1173076923076923,32.9,-116.9,1.892
4.625,19.0,6.155709342560554,1.0173010380622838,1439.0,2.48961937716263,33.01,-117.05,2.111
6.0226,16.0,6.901554404145077,1.0155440414507773,640.0,3.316062176165803,32.98,-117.04,1.929
6.2683,16.0,5.882882882882883,0.8828828828828829,713.0,3.2117117117117115,32.99,-117.06,1.807
5.5882,17.0,7.009193776520509,1.0155586987270155,4763.0,3.3684582743988685,32.97,-117.05,1.943
4.8295,18.0,5.73961661341853,1.0559105431309903,1992.0,3.182108626198083,32.96,-117.05,1.658
4.5746,13.0,5.500819672131148,1.0295081967213116,3683.0,3.0188524590163937,32.97,-117.04,1.757
4.5625,16.0,5.972685887708649,1.0531107738998482,1935.0,2.936267071320182,32.97,-117.03,2.312
4.121,16.0,5.308527131782946,1.082170542635659,1940.0,3.007751937984496,32.96,-117.03,1.821
4.8854,17.0,6.74296205630355,1.0599755201958383,2748.0,3.3635250917992656,32.96,-116.99,1.813
3.7784,25.0,5.928571428571429,1.0372670807453417,1043.0,3.239130434782609,32.95,-117.02,1.601
4.5032,19.0,5.754475703324808,1.0421994884910486,2456.0,3.1406649616368285,32.95,-117.03,1.689
3.9531,17.0,5.505434782608695,1.0054347826086956,1297.0,2.3496376811594204,32.95,-117.05,1.786
3.2369,17.0,4.465677179962894,1.0120593692022264,3013.0,2.7949907235621523,32.95,-117.05,1.678
1.9176,24.0,4.23469387755102,0.9693877551020408,279.0,1.423469387755102,33.02,-117.06,1.211
3.5192,24.0,5.909706546275395,1.0948081264108351,726.0,1.6388261851015802,33.01,-117.06,1.591
3.1187,25.0,5.905292479108635,1.0612813370473535,588.0,1.637883008356546,33.01,-117.07,1.694
2.6048,17.0,6.130620985010706,1.423982869379015,715.0,1.531049250535332,33.02,-117.07,1.482
4.3424,10.0,5.669135802469135,1.1111111111111112,818.0,2.0197530864197533,33.03,-117.08,1.606
3.6437,4.0,5.8081841432225065,1.4782608695652173,926.0,2.368286445012788,33.04,-117.07,2.101
3.3724,15.0,5.4078711985688726,1.114490161001789,1283.0,2.295169946332737,33.03,-117.08,1.379
5.8747,17.0,6.493421052631579,0.9342105263157896,463.0,3.046052631578948,33.03,-117.08,2.293
5.3074,18.0,4.617241379310345,0.9793103448275862,761.0,2.6241379310344826,33.03,-117.08,1.372
6.4211,17.0,7.035353535353536,1.0,1228.0,3.101010101010101,33.03,-117.09,2.207
6.53,10.0,7.06027397260274,0.9506849315068492,1193.0,3.2684931506849315,33.04,-117.08,2.641
4.1279,7.0,7.508298755186722,1.5975103734439835,1134.0,2.3526970954356847,32.96,-117.1,1.676
4.5,14.0,5.227043390514631,1.060544904137235,1639.0,1.6538849646821392,33.03,-117.05,2.222
4.3571,16.0,4.142857142857143,0.9523809523809524,32.0,1.5238095238095235,33.03,-117.05,1.446
5.8966,17.0,7.33983286908078,1.083565459610028,994.0,2.768802228412256,33.02,-117.06,2.615
6.3517,18.0,7.0,0.9236641221374046,388.0,2.9618320610687023,33.02,-117.05,2.601
6.5706,9.0,6.961937716262976,1.0934256055363325,802.0,2.7750865051903117,32.91,-117.09,2.557
6.2715,16.0,6.835051546391752,0.9965635738831616,814.0,2.797250859106529,32.9,-117.09,2.551
5.149,16.0,6.851258581235698,1.0183066361556063,1047.0,2.3958810068649887,32.9,-117.1,1.843
4.4766,16.0,5.8039772727272725,1.1022727272727273,705.0,2.002840909090909,32.9,-117.11,1.615
6.5853,16.0,7.379464285714286,1.0178571428571428,690.0,3.080357142857143,32.91,-117.08,2.484
4.4219,9.0,5.784543325526932,0.9765807962529274,904.0,2.117096018735363,33.01,-117.06,2.092
4.955,4.0,5.390459363957597,1.098939929328622,3775.0,2.2232037691401647,33.0,-117.07,2.415
6.1949,5.0,6.273835920177383,1.0321507760532151,2565.0,2.843680709534368,33.01,-117.08,2.387
5.1909,16.0,6.671779141104294,1.003067484662577,1037.0,3.1809815950920246,32.99,-117.09,2.014
4.6028,18.0,6.31630648330059,1.1552062868369353,1618.0,3.178781925343811,32.99,-117.09,2.168
5.2463,16.0,5.95703125,1.091796875,1444.0,2.8203125,32.96,-117.12,1.563
6.0862,9.0,6.379166666666666,1.0083333333333333,850.0,3.5416666666666665,32.97,-117.11,2.636
5.9094,5.0,6.5742154368108565,1.1081424936386768,7417.0,3.145462256149279,33.0,-117.1,2.611
4.9485,11.0,5.9948914431673055,1.0523627075351214,2223.0,2.839080459770115,32.95,-117.11,2.318
6.3542,8.0,6.199324324324325,0.9054054054054054,1723.0,2.910472972972973,32.95,-117.12,2.181
6.0175,15.0,7.13681592039801,1.007462686567164,1526.0,3.796019900497512,32.96,-117.12,2.383
4.988,4.0,6.020026702269693,1.0493991989319091,4438.0,2.9626168224299065,32.95,-117.12,2.637
5.4584,3.0,6.033160621761658,1.1523316062176163,7644.0,2.6404145077720207,32.97,-117.08,2.465
4.3548,17.0,5.713942307692308,1.0540865384615383,2412.0,2.8990384615384617,32.97,-117.06,1.923
4.3286,16.0,6.321266968325792,1.0769230769230769,1387.0,3.138009049773756,33.05,-117.25,2.134
6.2513,14.0,6.244623655913978,1.0026881720430108,1057.0,2.841397849462365,33.05,-117.26,2.409
5.3129,15.0,5.547619047619048,1.0164835164835164,1559.0,2.8553113553113554,33.05,-117.24,1.692
2.7348,16.0,4.2625250501002006,1.0260521042084167,1532.0,3.070140280561122,32.99,-117.26,2.313
4.125,12.0,4.37219730941704,1.095291479820628,1690.0,1.8946188340807173,32.98,-117.26,2.269
4.1012,17.0,8.084057971014493,1.8782608695652172,849.0,2.4608695652173918,32.98,-117.31,2.447
5.2742,17.0,8.908653846153847,1.8846153846153848,351.0,1.6875,32.98,-117.27,2.307
3.212,13.0,5.660194174757281,1.0728155339805825,1412.0,2.284789644012945,33.04,-117.24,1.476
3.9826,25.0,5.745980707395498,1.0,1108.0,3.562700964630225,33.03,-117.27,2.158
3.5313,16.0,5.384615384615385,1.0649038461538465,1104.0,2.6538461538461537,33.03,-117.27,1.487
4.87,19.0,5.662109375,0.974609375,1356.0,2.6484375,33.03,-117.27,2.209
3.5179,12.0,5.021396396396397,1.045045045045045,2471.0,2.7826576576576576,33.04,-117.28,2.527
3.55,27.0,4.551980198019802,0.9702970297029704,1302.0,3.222772277227723,33.04,-117.27,2.146
4.0118,8.0,4.4335812964930925,1.0860786397449522,2585.0,2.747077577045696,33.06,-117.28,2.458
2.9083,15.0,4.522388059701493,1.0963364993215738,1371.0,1.8602442333785616,33.05,-117.27,1.224
4.5694,31.0,6.104925053533191,0.9807280513918628,1286.0,2.753747323340471,33.16,-117.34,2.437
4.0585,29.0,6.530275229357798,1.0128440366972478,1533.0,2.812844036697248,33.16,-117.33,2.455
5.4904,15.0,6.429611650485437,1.0737864077669903,5495.0,2.66747572815534,33.15,-117.32,2.621
3.9205,4.0,5.876190476190477,1.0,224.0,2.1333333333333333,33.13,-117.29,1.83
4.1282,7.0,5.144516129032258,1.0987096774193548,2904.0,1.8735483870967744,33.11,-117.31,1.881
4.7961,4.0,4.825174825174825,1.1258741258741258,755.0,2.63986013986014,33.12,-117.29,1.688
5.1837,6.0,6.364681295715778,1.0637408568443052,2064.0,2.156739811912226,33.1,-117.29,2.598
2.478,16.0,3.838763575605681,1.1203007518796992,2849.0,2.380116959064328,33.17,-117.35,1.856
2.25,24.0,4.089430894308944,1.1260162601626016,610.0,2.4796747967479678,33.16,-117.34,1.875
3.0306,19.0,4.061166429587482,1.0120910384068278,4163.0,2.960881934566145,33.15,-117.34,1.785
3.7891,10.0,3.750556792873051,1.1469933184855234,902.0,2.0089086859688194,33.16,-117.35,2.063
2.5509,26.0,5.245746691871456,1.0897920604914937,2372.0,2.241965973534972,33.18,-117.36,1.818
2.8893,39.0,5.01948051948052,0.9448051948051948,833.0,2.7045454545454546,33.18,-117.36,1.854
3.625,36.0,5.108527131782946,1.0930232558139534,812.0,2.098191214470284,33.17,-117.35,1.98
1.8214,23.0,3.4574557708508844,1.0732940185341195,4729.0,3.983993260320135,33.19,-117.37,1.738
2.8819,33.0,5.022779043280182,1.031890660592255,1138.0,2.592255125284738,33.19,-117.37,2.086
1.9562,18.0,3.409090909090909,1.3356643356643356,650.0,2.272727272727273,33.19,-117.37,1.925
4.1875,38.0,4.220588235294118,1.0441176470588236,486.0,2.3823529411764706,33.19,-117.37,1.85
2.4583,35.0,3.741935483870968,1.064516129032258,538.0,2.169354838709677,33.19,-117.38,1.979
1.6318,19.0,2.909090909090909,0.9937304075235108,845.0,2.6489028213166144,33.2,-117.37,1.875
1.5625,17.0,2.9915254237288136,0.9491525423728814,359.0,3.042372881355932,33.19,-117.38,1.625
1.3903,26.0,4.501577287066247,1.2176656151419558,974.0,3.0725552050473186,33.2,-117.38,1.844
1.3269,19.0,3.987577639751553,1.1532091097308488,1190.0,2.463768115942029,33.2,-117.36,1.661
2.9539,19.0,4.055238095238095,1.0704761904761906,1323.0,2.52,33.2,-117.36,1.699
3.2917,26.0,5.034979423868313,0.9917695473251028,1405.0,2.8909465020576133,33.2,-117.36,1.508
2.5754,23.0,5.30064308681672,1.1704180064308682,1793.0,2.882636655948553,33.2,-117.35,1.697
4.25,24.0,5.322147651006712,0.8791946308724832,912.0,3.0604026845637584,33.21,-117.35,1.503
4.0109,23.0,5.440633245382585,0.992084432717678,1302.0,3.4353562005277043,33.21,-117.34,1.457
3.9875,32.0,5.392241379310345,0.9482758620689656,700.0,3.0172413793103448,33.2,-117.35,1.429
2.7386,12.0,5.305160142348755,1.2206405693950175,3015.0,2.6823843416370106,33.21,-117.34,2.161
5.1733,28.0,6.519630484988452,1.0993071593533488,1189.0,2.7459584295612007,33.19,-117.35,1.981
5.276,23.0,6.845559845559846,1.0675675675675675,1533.0,2.95945945945946,33.19,-117.34,2.245
2.9716,15.0,4.613065326633166,1.0615577889447236,1827.0,2.2952261306532664,33.19,-117.33,1.736
3.1875,5.0,5.3788927335640135,1.0968858131487889,1823.0,3.1539792387543253,33.24,-117.29,1.538
1.6402,24.0,4.53427065026362,1.0615114235500878,982.0,1.7258347978910369,33.23,-117.32,1.693
4.0469,6.0,5.962264150943396,1.0867924528301889,792.0,2.988679245283018,33.24,-117.31,1.624
3.7568,4.0,5.727411944869831,1.1439509954058191,6666.0,2.5520673813169985,33.22,-117.3,1.841
4.3762,11.0,6.086602731764022,1.0906713164777682,8738.0,2.5393780877651846,33.19,-117.31,2.155
2.4754,16.0,5.282555282555283,1.1326781326781328,1428.0,3.5085995085995085,33.2,-117.29,1.573
3.0704,18.0,5.365748709122203,1.0611015490533562,4127.0,3.551635111876076,33.19,-117.29,1.516
4.3428,20.0,5.797362110311751,1.023980815347722,2983.0,3.57673860911271,33.2,-117.28,1.521
3.676,35.0,4.770562770562771,1.0432900432900434,1435.0,3.106060606060606,33.22,-117.37,1.256
3.8958,4.0,6.631768953068592,1.036101083032491,934.0,3.371841155234657,33.23,-117.35,1.898
3.8156,13.0,6.522340425531915,1.1063829787234043,4049.0,4.307446808510639,33.28,-117.28,1.507
4.3429,9.0,6.17828418230563,1.0697050938337802,2582.0,3.46112600536193,33.26,-117.26,1.739
4.1713,23.0,6.356060606060606,1.0416666666666667,1227.0,4.6477272727272725,33.26,-117.3,1.338
3.7933,22.0,6.112860892388452,1.099737532808399,1456.0,3.8215223097112863,33.25,-117.3,1.31
4.85,7.0,6.278894472361809,1.0552763819095476,1314.0,3.301507537688442,33.25,-117.32,1.869
3.6301,7.0,5.766690091356289,1.0702740688685874,4399.0,3.0913562895291635,33.25,-117.32,1.709
3.1062,11.0,5.140302613480055,1.0412654745529573,2212.0,3.0426409903713894,33.23,-117.34,1.41
2.5872,15.0,5.041450777202073,1.0224525043177892,1130.0,1.9516407599309156,33.23,-117.33,1.556
3.33,15.0,4.90979381443299,1.0721649484536082,1258.0,3.242268041237113,33.23,-117.33,1.279
2.9386,13.0,5.2218390804597705,1.0126436781609196,2298.0,2.641379310344828,33.24,-117.33,1.434
2.5729,14.0,5.2704969595303,1.0104843782763682,35682.0,7.48207171314741,33.35,-117.42,1.344
4.5764,17.0,6.6496519721577725,1.025522041763341,1354.0,3.1415313225058004,33.34,-117.24,2.573
4.605,16.0,7.002212389380531,1.0663716814159292,1351.0,2.9889380530973453,33.36,-117.22,2.633
2.7986,15.0,5.874113475177305,1.203900709219858,1022.0,1.8120567375886525,33.34,-117.17,1.899
3.0,16.0,5.1470160116448325,1.1135371179039302,2007.0,2.921397379912664,33.38,-117.25,1.467
3.7857,16.0,6.377358490566038,1.0919811320754718,1322.0,3.1179245283018866,33.4,-117.24,2.27
2.8393,18.0,5.121165644171779,1.0797546012269938,1727.0,2.648773006134969,33.38,-117.23,1.732
3.668,16.0,5.410852713178294,1.0174418604651163,1696.0,3.2868217054263567,33.38,-117.24,1.712
2.0956,17.0,4.149100257069409,1.1079691516709511,1031.0,2.65038560411311,33.38,-117.25,1.344
2.375,22.0,5.4969450101833,1.105906313645621,1425.0,2.90224032586558,33.39,-117.25,1.373
2.2368,7.0,4.43313373253493,1.093812375249501,1440.0,2.874251497005988,33.37,-117.26,1.546
1.995,8.0,3.4344422700587085,1.0371819960861055,1687.0,3.3013698630136985,33.37,-117.25,1.469
4.5391,14.0,6.016688061617458,1.017971758664955,2436.0,3.1270860077021823,33.37,-117.24,1.809
4.5,11.0,6.191111111111111,1.0666666666666669,1250.0,2.7777777777777777,33.36,-117.24,2.226
2.3214,6.0,4.0710382513661205,1.0491803278688523,2833.0,3.096174863387978,33.36,-117.25,2.47
3.8547,17.0,5.6647058823529415,1.1509803921568629,1931.0,3.7862745098039214,33.39,-117.14,2.083
3.2614,19.0,5.767213114754099,1.0786885245901638,2091.0,3.4278688524590164,33.36,-117.1,1.688
3.8438,14.0,5.637305699481865,1.0829015544041452,601.0,3.1139896373056994,33.32,-117.03,2.438
3.7644,14.0,5.7569573283859,1.0556586270871986,1704.0,3.161410018552876,33.26,-117.05,2.647
4.9375,11.0,5.574861367837339,1.11090573012939,1727.0,3.192236598890943,33.27,-117.12,2.328
4.7647,12.0,6.241269841269841,1.0603174603174603,3129.0,3.311111111111111,33.26,-116.98,2.541
3.1553,17.0,5.900990099009901,1.0673267326732674,1531.0,3.031683168316832,33.2,-116.99,2.5
3.1906,11.0,5.877667140825036,1.0995732574679944,2012.0,2.8620199146514937,33.22,-116.9,2.345
3.3882,17.0,6.155778894472362,1.1256281407035176,1693.0,2.835845896147404,33.22,-117.22,1.908
1.7217,16.0,3.8107142857142855,1.1482142857142856,1555.0,2.7767857142857144,33.22,-117.22,1.75
1.9571,15.0,4.440993788819876,1.065217391304348,704.0,2.186335403726708,33.22,-117.22,1.625
4.3068,26.0,6.5493421052631575,1.0855263157894737,1014.0,3.335526315789474,33.24,-117.23,2.401
4.0776,13.0,6.1172638436482085,1.0553745928338762,1767.0,2.8778501628664497,33.23,-117.24,1.96
3.4359,21.0,5.506410256410256,0.9871794871794872,1194.0,3.826923076923077,33.23,-117.24,1.509
2.9875,13.0,5.006908462867012,1.1347150259067358,1946.0,3.360967184801382,33.23,-117.23,1.72
2.0246,16.0,5.302631578947368,1.199013157894737,1036.0,1.7039473684210529,33.22,-117.23,1.488
4.1316,20.0,5.621776504297994,0.9570200573065902,1173.0,3.361031518624642,33.22,-117.24,1.625
2.1293,9.0,4.735238095238096,1.1923809523809523,1938.0,3.6914285714285713,33.21,-117.24,1.514
4.125,34.0,4.283464566929134,0.8503937007874016,348.0,2.7401574803149606,33.21,-117.23,1.646
4.6187,6.0,5.98639455782313,0.9650145772594751,2997.0,2.912536443148688,33.25,-117.25,2.05
4.1405,5.0,5.956695156695156,1.1205128205128203,9690.0,2.7606837606837606,33.23,-117.27,1.985
5.0249,5.0,7.024615384615385,1.0369230769230768,999.0,3.0738461538461537,33.22,-117.27,1.967
4.4531,5.0,5.695652173913044,0.984189723320158,3161.0,3.1235177865612647,33.21,-117.27,1.775
3.9815,26.0,6.072507552870091,1.0483383685800605,1160.0,3.504531722054381,33.22,-117.25,1.426
3.5,19.0,4.9816091954022985,1.0183908045977013,1654.0,3.802298850574713,33.22,-117.25,1.358
3.0197,26.0,4.4637002341920375,0.955503512880562,1325.0,3.10304449648712,33.21,-117.26,1.36
4.21,11.0,5.1649122807017545,0.9157894736842104,1012.0,3.550877192982456,33.2,-117.28,1.756
4.2054,23.0,5.30940594059406,0.938118811881188,1360.0,3.366336633663366,33.2,-117.27,1.507
2.8214,13.0,5.028616852146264,1.152623211446741,1675.0,2.662957074721781,33.2,-117.26,1.219
4.3542,34.0,5.578313253012048,0.9698795180722892,978.0,2.9457831325301207,33.2,-117.27,1.569
2.724,8.0,4.655502392344498,1.3827751196172249,663.0,3.172248803827751,33.19,-117.27,1.393
3.4456,5.0,4.65,1.1017241379310343,1633.0,2.81551724137931,33.19,-117.28,1.658
2.066,9.0,4.291390728476821,1.0772626931567328,1992.0,4.397350993377484,33.21,-117.25,1.272
2.1875,19.0,4.197309417040358,1.0964125560538116,1859.0,4.168161434977579,33.21,-117.24,1.217
2.4505,25.0,4.225388601036269,1.0751295336787563,1045.0,2.7072538860103625,33.2,-117.24,1.475
2.5119,26.0,4.6348773841961854,1.100817438692098,989.0,2.6948228882833787,33.2,-117.24,1.717
2.0625,22.0,3.9614093959731536,1.0369127516778522,1472.0,2.469798657718121,33.2,-117.25,1.245
2.7961,10.0,4.352441613588111,1.0042462845010616,1302.0,2.764331210191082,33.2,-117.25,1.313
3.6181,21.0,5.076115485564304,1.0131233595800524,861.0,2.25984251968504,33.21,-117.23,2.138
3.6375,19.0,5.98639455782313,1.126530612244898,1901.0,2.5863945578231293,33.21,-117.22,1.988
4.4844,31.0,5.945205479452055,0.9486301369863014,801.0,2.743150684931507,33.2,-117.22,2.055
3.5109,29.0,4.865800865800866,1.0389610389610389,1770.0,2.554112554112554,33.2,-117.23,1.66
4.8929,21.0,6.415730337078652,1.0112359550561798,999.0,2.806179775280899,33.2,-117.23,2.125
5.04,22.0,7.160944206008583,1.111587982832618,1288.0,2.763948497854077,33.2,-117.21,2.537
2.7019,16.0,4.957095709570957,1.0825082508250825,1948.0,3.2145214521452146,33.19,-117.22,2.169
2.9133,4.0,5.376395534290271,1.2328548644338118,1481.0,2.3620414673046253,33.18,-117.27,2.157
2.9469,4.0,4.297247706422018,1.091743119266055,1518.0,2.785321100917431,33.19,-117.26,2.161
4.2361,2.0,5.03639846743295,0.975095785440613,1044.0,2.0,33.19,-117.26,1.585
4.5764,18.0,6.777777777777778,1.096774193548387,830.0,2.974910394265233,33.19,-117.25,2.07
2.9191,19.0,4.457386363636363,0.9971590909090908,1035.0,2.940340909090909,33.19,-117.24,1.594
3.6346,22.0,6.052132701421801,1.0592417061611374,1147.0,2.7180094786729856,33.19,-117.23,1.925
5.0195,19.0,6.02346570397112,1.01985559566787,1646.0,2.9711191335740077,33.18,-117.24,2.002
4.1807,6.0,5.397260273972603,1.05,3760.0,2.5753424657534247,33.17,-117.3,1.826
4.2383,18.0,7.572438162544169,1.0565371024734982,828.0,2.925795053003533,33.17,-117.32,2.39
5.5956,4.0,7.298377028714107,1.1161048689138575,2282.0,2.848938826466916,33.16,-117.31,2.478
5.6605,17.0,6.064056939501779,0.9359430604982206,781.0,2.7793594306049823,33.16,-117.31,2.244
3.1667,17.0,4.886904761904762,1.0476190476190477,436.0,2.595238095238096,33.18,-117.29,1.606
2.1205,16.0,5.5799256505576205,1.0985130111524164,842.0,1.5650557620817844,33.18,-117.28,1.573
6.2096,14.0,5.365079365079365,0.9365079365079364,384.0,3.0476190476190474,33.18,-117.28,1.781
4.5781,9.0,6.085790884718499,1.0630026809651474,2235.0,2.9959785522788205,33.18,-117.26,2.256
4.6357,4.0,6.042193026781202,1.0447195553309752,10877.0,2.7481051035876707,33.15,-117.27,2.449
4.2826,4.0,5.979665071770335,1.1208133971291867,3925.0,2.347488038277512,33.17,-117.24,2.375
3.625,6.0,4.618012422360248,1.124223602484472,810.0,2.515527950310559,33.17,-117.22,1.357
4.0,4.0,5.268041237113402,1.0738831615120277,1164.0,2.0,33.16,-117.23,2.281
3.6736,2.0,5.7227722772277225,1.1707920792079207,2091.0,2.587871287128713,33.16,-117.23,2.145
3.3444,13.0,5.33458177278402,1.1061173533083646,2328.0,2.906367041198502,33.18,-117.22,1.839
3.75,16.0,4.93646408839779,0.9972375690607734,1446.0,3.994475138121547,33.17,-117.21,1.638
4.8152,21.0,6.349072512647555,1.0320404721753795,1722.0,2.903878583473862,33.19,-117.21,2.185
4.1128,7.0,5.420091324200913,1.0989345509893456,1921.0,2.923896499238965,33.18,-117.19,2.097
2.6487,13.0,5.072538860103627,1.2055267702936097,1246.0,2.151986183074266,33.16,-117.21,1.96
3.0139,11.0,5.347712418300653,1.1294117647058823,1927.0,2.518954248366013,33.15,-117.2,1.99
3.8147,19.0,5.024813895781637,1.0272952853598014,1663.0,4.126550868486352,33.14,-117.2,1.392
5.0123,5.0,6.490780141843971,1.202836879432624,2314.0,3.2822695035461,33.14,-117.22,2.104
2.8586,12.0,5.082983193277311,1.0021008403361344,1708.0,1.7941176470588236,33.14,-117.21,1.633
2.2278,15.0,4.618581907090465,0.8997555012224939,754.0,1.843520782396088,33.13,-117.21,1.328
3.0221,25.0,4.350364963503649,0.8394160583941606,426.0,3.1094890510948905,33.18,-117.17,2.143
3.1793,15.0,5.887673956262425,1.1988071570576542,3943.0,3.91948310139165,33.16,-117.18,1.599
3.5839,5.0,5.248618784530387,1.0629834254143646,2726.0,3.0121546961325967,33.16,-117.15,1.585
5.6874,16.0,7.757009345794392,1.102803738317757,733.0,3.425233644859813,33.16,-117.14,2.027
3.4833,15.0,5.746153846153846,0.9769230769230768,997.0,2.556410256410256,33.15,-117.13,1.932
5.5696,17.0,5.984375,0.9479166666666666,702.0,3.65625,33.15,-117.14,1.684
5.0346,16.0,6.342696629213483,1.1123595505617978,758.0,4.258426966292135,33.15,-117.14,1.746
2.3062,15.0,4.9308755760368665,0.9585253456221198,470.0,2.165898617511521,33.14,-117.15,1.589
3.1776,16.0,5.89291101055807,1.0120663650075414,1759.0,2.6530920060331824,33.15,-117.13,1.726
4.8526,16.0,5.953068592057762,1.0036101083032491,993.0,3.5848375451263537,33.14,-117.13,1.707
4.1053,5.0,5.11328125,1.052734375,1320.0,2.578125,33.14,-117.13,1.714
4.1641,16.0,6.404494382022472,1.0187265917602997,1025.0,3.838951310861423,33.14,-117.12,1.636
3.8967,12.0,5.967171717171717,1.0303030303030305,1211.0,3.058080808080808,33.14,-117.12,1.726
4.0495,12.0,5.214780600461894,1.0531177829099307,1147.0,2.648960739030023,33.14,-117.13,1.539
3.775,19.0,5.537906137184115,1.075812274368231,912.0,1.6462093862815883,33.13,-117.21,1.68
5.1194,18.0,6.477037037037037,1.0903703703703704,1473.0,2.1822222222222223,33.12,-117.2,2.478
4.3672,4.0,5.81283422459893,1.228163992869875,926.0,1.6506238859180036,33.12,-117.21,2.589
5.311,8.0,6.464096749811035,1.086167800453515,3335.0,2.520786092214664,33.12,-117.25,2.558
6.0336,10.0,6.26032315978456,0.9784560143626572,1410.0,2.531418312387792,33.11,-117.24,2.403
7.745,4.0,7.508064516129032,1.1733870967741935,685.0,2.7620967741935485,33.1,-117.23,2.374
3.9464,14.0,5.986970684039088,1.1726384364820848,1176.0,1.915309446254072,33.1,-117.25,1.719
4.1667,13.0,6.185737976782753,1.2620232172470978,1335.0,2.2139303482587063,33.09,-117.26,2.271
3.0426,9.0,4.548,1.1536,3773.0,3.0184,33.13,-117.09,1.299
4.3846,15.0,6.2635983263598325,1.0460251046025104,827.0,3.4602510460251046,33.14,-117.08,1.542
4.2357,11.0,4.863945578231292,0.9931972789115646,921.0,3.13265306122449,33.14,-117.08,1.609
4.7426,16.0,6.240196078431373,1.0514705882352942,1683.0,4.125,33.14,-117.07,1.606
5.1842,17.0,6.59581881533101,1.0348432055749128,936.0,3.2613240418118465,33.15,-117.07,1.577
4.7941,24.0,5.986111111111111,1.0527777777777778,1158.0,3.216666666666667,33.15,-117.06,1.475
5.0461,15.0,7.351981351981352,1.1375291375291374,1656.0,3.86013986013986,33.19,-117.11,2.224
5.1771,17.0,6.495180722891567,1.0674698795180724,2732.0,3.291566265060241,33.18,-117.03,2.128
4.4477,4.0,5.752631578947368,1.0252631578947369,2844.0,2.993684210526316,33.17,-117.06,1.748
5.4819,12.0,5.759345794392523,0.9626168224299064,1226.0,2.864485981308411,33.17,-117.1,1.838
4.8554,11.0,6.4902763561924255,1.0542476970317298,2697.0,2.760491299897646,33.16,-117.08,2.067
3.2024,15.0,5.952286282306163,1.0377733598409542,1231.0,2.447316103379721,33.15,-117.07,1.804
3.5462,19.0,5.226640159045726,0.9821073558648112,1444.0,2.8707753479125246,33.14,-117.08,1.568
3.4764,13.0,4.711904761904762,1.0297619047619049,1981.0,2.3583333333333334,33.15,-117.09,1.375
2.6152,17.0,4.62483039348711,1.10719131614654,4526.0,3.07055630936228,33.13,-117.07,1.353
2.1786,33.0,3.153409090909091,0.9375,612.0,3.477272727272727,33.13,-117.07,1.375
3.8185,27.0,5.326359832635983,0.9400278940027894,2447.0,3.4128312412831243,33.14,-117.06,1.372
2.8247,15.0,4.953029759770527,1.0354965937612048,6583.0,2.360344209394048,33.15,-117.04,1.5
2.25,16.0,4.331113225499524,1.1094196003805898,2737.0,2.60418648905804,33.14,-117.05,1.363
2.8015,12.0,4.467041389882473,1.080224833929484,4854.0,2.4803270311701584,33.13,-117.06,1.435
0.7054,43.0,2.2291666666666665,0.9166666666666666,107.0,2.2291666666666665,33.12,-117.08,1.375
4.7019,14.0,6.466409266409267,1.0864864864864865,2916.0,2.251737451737452,33.15,-117.11,1.911
3.1467,5.0,5.437177280550775,1.1790017211703958,1398.0,2.406196213425129,33.15,-117.1,1.611
4.4655,7.0,6.1487964989059085,1.0153172866520788,1564.0,3.422319474835886,33.15,-117.12,1.828
3.7109,11.0,5.717525773195876,1.0041237113402062,2300.0,2.3711340206185567,33.18,-117.14,1.998
2.3171,7.0,4.399752475247524,1.062706270627063,4917.0,2.0284653465346536,33.14,-117.1,1.595
3.4455,10.0,5.512027491408935,1.092783505154639,1395.0,2.3969072164948453,33.14,-117.11,1.905
4.9005,7.0,6.637053087757313,1.1180931744312026,2662.0,2.884073672806067,33.12,-117.14,2.64
3.875,46.0,4.0,1.0,59.0,4.538461538461538,33.12,-117.11,2.0
2.2875,17.0,4.081916537867079,0.9690880989180836,1167.0,1.80370942812983,33.11,-117.11,1.324
4.3513,12.0,6.184840425531915,1.0658244680851063,4074.0,2.708776595744681,33.07,-117.14,1.996
3.6389,45.0,5.830508474576271,1.3276836158192091,363.0,2.0508474576271185,33.07,-117.12,1.866
4.9844,23.0,6.967213114754099,1.026639344262295,1383.0,2.834016393442623,33.08,-117.08,2.491
3.8292,21.0,5.763527054108216,1.0801603206412826,1387.0,2.779559118236473,33.1,-117.09,1.77
4.7566,23.0,5.762917933130699,0.9483282674772036,1988.0,3.021276595744681,33.09,-117.08,1.783
2.5284,11.0,3.478527607361963,1.1288343558282208,620.0,3.803680981595092,33.12,-117.09,1.225
2.2,28.0,3.719360568383659,1.0390763765541742,1556.0,2.763765541740675,33.11,-117.08,1.277
3.1429,32.0,5.989510489510489,1.1223776223776225,891.0,3.1153846153846154,33.11,-117.09,1.716
1.8363,37.0,4.62882096069869,1.1703056768558953,823.0,3.593886462882096,33.12,-117.08,1.455
3.0915,31.0,4.812646370023419,1.107728337236534,1326.0,3.1053864168618266,33.11,-117.07,1.399
3.1458,21.0,5.086666666666667,1.03,2818.0,3.131111111111111,33.12,-117.07,1.877
2.7216,32.0,5.366594360086768,1.0824295010845988,1224.0,2.6550976138828637,33.12,-117.07,1.463
2.4122,12.0,4.637051039697543,1.1323251417769375,1251.0,2.3648393194707,33.12,-117.07,1.27
3.0054,17.0,4.885864793678666,1.0860403863037753,3004.0,2.637401229148376,33.11,-117.07,1.423
4.0484,11.0,5.934179222839017,1.0118953211736716,3516.0,2.788263283108644,33.09,-117.06,2.625
4.7022,15.0,6.261180679785331,1.059928443649374,3555.0,3.1797853309481217,33.13,-117.03,1.728
4.2813,17.0,6.463414634146342,1.008130081300813,1118.0,3.029810298102981,33.13,-117.05,1.699
5.4786,18.0,6.488921713441655,0.948301329394387,2095.0,3.094534711964549,33.11,-117.05,2.235
5.2323,22.0,6.704419889502763,1.0773480662983426,1099.0,3.0359116022099446,33.13,-117.05,1.675
5.4663,25.0,7.498806682577565,1.0644391408114555,1286.0,3.0692124105011933,33.12,-117.03,2.483
4.8836,16.0,6.5233644859813085,1.0186915887850467,1628.0,3.0429906542056075,33.06,-116.93,2.399
5.0278,14.0,6.230088495575221,1.1084070796460177,1448.0,3.2035398230088497,32.99,-116.89,2.109
4.5,18.0,6.343465045592705,1.0729483282674772,992.0,3.0151975683890577,32.96,-116.95,2.226
4.0408,15.0,5.989130434782608,1.1282608695652174,1474.0,3.2043478260869565,33.08,-116.84,2.259
5.5842,13.0,5.039426523297491,0.931899641577061,737.0,2.6415770609319,33.08,-116.77,2.391
5.5102,7.0,7.354154390100176,1.1467295226870948,5102.0,3.006482027106659,33.0,-116.78,2.21
5.4155,5.0,7.117942283563362,1.0727728983688831,2592.0,3.2521957340025094,33.01,-116.84,1.992
2.8827,11.0,4.804926764314248,1.0539280958721704,4197.0,2.7942743009320905,33.05,-116.88,1.667
5.2596,16.0,6.056710775047259,1.0226843100189036,1818.0,3.436672967863894,33.02,-116.88,1.715
3.475,11.0,5.549222797927461,1.0949913644214162,1975.0,3.4110535405872198,33.03,-116.9,1.672
3.6348,17.0,5.666666666666667,1.0582706766917294,5030.0,3.1516290726817044,33.05,-116.86,1.645
4.6518,17.0,5.811594202898551,0.9855072463768116,251.0,3.63768115942029,33.02,-116.86,1.702
5.6674,11.0,6.196969696969697,1.02020202020202,645.0,3.257575757575758,33.02,-116.84,2.098
2.4744,17.0,6.225854383358098,1.4056463595839523,1802.0,2.677563150074294,33.33,-116.74,1.582
2.1797,26.0,5.617283950617284,1.154320987654321,1001.0,3.0895061728395063,33.16,-116.68,1.563
2.7813,23.0,6.709302325581396,1.4147286821705427,612.0,2.372093023255814,33.06,-116.6,1.729
3.0089,36.0,7.873015873015873,1.7777777777777777,334.0,2.6507936507936507,33.09,-116.58,1.344
4.125,15.0,9.497607655502392,1.7272727272727273,536.0,2.5645933014354068,33.05,-116.56,1.482
3.875,11.0,9.37546468401487,2.0,616.0,2.2899628252788102,33.04,-116.61,1.981
1.5909,24.0,7.329787234042553,1.446808510638298,532.0,2.8297872340425534,33.09,-116.66,2.219
5.359,16.0,8.116279069767442,1.7209302325581397,120.0,2.7906976744186047,32.97,-116.67,1.938
4.57,18.0,6.789634146341464,1.298780487804878,1754.0,2.673780487804878,32.9,-116.52,1.899
3.3214,24.0,9.308474576271186,1.7423728813559325,731.0,2.477966101694915,33.36,-116.34,1.764
2.1949,22.0,5.1937984496124034,1.246124031007752,1644.0,3.186046511627907,32.65,-116.45,1.271
4.2321,17.0,6.323797139141743,1.0988296488946685,2266.0,2.9466840052015604,32.85,-116.75,2.174
3.5769,12.0,5.9375866851595,1.0901525658807212,1891.0,2.622746185852982,32.84,-116.79,2.318
3.1196,16.0,5.306089743589744,1.125,1627.0,2.6073717948717947,32.84,-116.76,1.872
2.875,16.0,4.808344198174707,1.0651890482398958,1969.0,2.5671447196870925,32.82,-116.77,2.229
4.0159,18.0,5.523489932885906,1.1369127516778523,2032.0,2.7275167785234897,32.86,-116.62,1.691
6.2152,13.0,5.546052631578948,1.0328947368421053,918.0,6.039473684210527,32.79,-116.66,2.406
5.5164,15.0,6.644012944983818,1.0388349514563109,993.0,3.2135922330097086,32.75,-116.87,2.489
5.7652,13.0,6.497017892644135,0.9761431411530817,1431.0,2.84493041749503,32.72,-116.87,2.599
4.7367,14.0,5.9375,1.0915697674418603,2129.0,3.0944767441860463,32.74,-116.76,2.145
3.5227,19.0,5.40122199592668,1.0590631364562118,1421.0,2.894093686354379,32.61,-116.79,2.061
7.7852,12.0,4.038922155688622,1.0449101796407183,536.0,1.6047904191616766,37.81,-122.4,2.5
2.75,52.0,3.485,0.9875,1700.0,4.25,37.8,-122.41,1.688
1.8295,52.0,2.628169014084507,1.0535211267605633,2957.0,4.164788732394366,37.8,-122.41,2.438
2.565,52.0,3.477867203219316,1.0271629778672031,2286.0,2.299798792756539,37.79,-122.42,2.25
1.9145,52.0,3.2241935483870967,1.035483870967742,1846.0,2.97741935483871,37.8,-122.41,2.25
1.5156,52.0,2.1691842900302114,1.1148036253776434,1688.0,2.5498489425981874,37.79,-122.41,2.375
1.8068,52.0,2.659863945578232,1.2060252672497571,1761.0,1.7113702623906706,37.79,-122.42,2.25
1.724,52.0,2.2785657998423954,1.0823483057525611,4518.0,1.7801418439716312,37.79,-122.41,2.25
1.3062,10.0,3.016476552598226,1.0684410646387832,1245.0,1.5779467680608366,37.78,-122.43,2.2
1.4866,39.0,4.202846975088968,1.103202846975089,901.0,3.206405693950178,37.78,-122.44,2.375
2.151,16.0,4.031963470319635,1.0776255707762556,601.0,2.7442922374429224,37.78,-122.44,1.469
3.1462,19.0,2.76530612244898,1.119047619047619,2079.0,1.4142857142857144,37.78,-122.42,1.875
2.1516,52.0,2.75,1.0285087719298245,895.0,1.962719298245614,37.78,-122.42,1.875
1.3844,29.0,3.4564643799472297,0.9604221635883904,1009.0,2.662269129287599,37.78,-122.43,1.775
2.5186,52.0,3.00831024930748,0.9667590027700832,589.0,1.631578947368421,37.77,-122.42,2.5
3.2981,52.0,3.9532908704883223,1.0021231422505308,872.0,1.851380042462845,37.77,-122.43,2.227
2.6083,52.0,3.74618320610687,1.0782442748091603,1628.0,3.106870229007633,37.77,-122.41,1.938
3.4671,52.0,3.824324324324324,1.2432432432432432,582.0,2.621621621621621,37.77,-122.41,2.5
3.6037,5.0,3.584183673469388,1.3137755102040816,725.0,1.8494897959183676,37.78,-122.39,1.875
2.7909,26.0,5.62993762993763,1.0862785862785862,4531.0,4.70997920997921,37.81,-122.37,2.5
4.3958,52.0,2.117647058823529,0.9264705882352942,1061.0,15.602941176470589,37.77,-122.4,2.25
2.0548,52.0,2.976470588235294,1.2666666666666666,421.0,1.6509803921568629,37.77,-122.42,1.625
1.3365,37.0,2.317773788150808,1.0556552962298025,1846.0,3.3141831238779176,37.76,-122.42,2.25
2.5403,52.0,3.66394279877426,1.052093973442288,2259.0,2.307456588355465,37.76,-122.42,2.5
3.8261,52.0,4.808510638297872,1.0729483282674772,868.0,2.6382978723404253,37.76,-122.43,2.5
2.0329,52.0,3.5843373493975905,1.2048192771084338,1270.0,3.825301204819277,37.76,-122.42,2.25
1.3824,46.0,2.664188351920694,1.0123915737298637,2075.0,2.5712515489467163,37.76,-122.42,2.125
2.1289,52.0,3.021172638436482,0.995114006514658,1715.0,2.7931596091205213,37.75,-122.42,2.5
3.3816,52.0,4.486988847583644,1.1226765799256506,1008.0,3.7472118959107807,37.75,-122.42,2.625
2.2328,52.0,3.665148063781321,1.1617312072892938,1155.0,2.630979498861048,37.75,-122.42,2.5
4.0042,52.0,4.216216216216216,1.148648648648649,410.0,2.77027027027027,37.76,-122.39,2.083
3.675,52.0,5.814814814814815,1.037037037037037,88.0,3.259259259259259,37.76,-122.39,1.625
3.7051,52.0,5.6879194630872485,1.1593959731543624,1645.0,2.76006711409396,37.76,-122.39,2.537
2.8679,44.0,4.951554591467824,1.1453362255965294,3269.0,2.363702096890817,37.75,-122.4,2.433
1.9944,52.0,6.046610169491525,1.1906779661016949,620.0,2.6271186440677967,37.76,-122.41,2.625
2.9312,52.0,4.39367816091954,1.1063218390804597,1347.0,3.8706896551724137,37.76,-122.4,2.391
2.8135,52.0,4.584329349269589,1.0411686586985391,2987.0,3.9667994687915007,37.76,-122.41,2.603
3.4028,52.0,4.429184549356223,1.0643776824034334,1726.0,3.703862660944206,37.76,-122.41,2.333
3.0865,52.0,2.9285714285714284,0.8273809523809523,316.0,1.880952380952381,37.76,-122.41,2.25
2.0577,52.0,3.862745098039216,1.0032679738562091,1029.0,3.362745098039216,37.75,-122.4,2.146
2.4531,52.0,3.6198630136986303,0.9452054794520548,837.0,2.866438356164384,37.75,-122.41,2.29
3.4063,52.0,4.558194774346793,0.9596199524940616,1483.0,3.522565320665083,37.75,-122.41,2.539
4.2891,52.0,5.099730458221024,1.1185983827493262,1442.0,3.8867924528301887,37.75,-122.41,2.3
2.5809,52.0,4.700280112044818,1.0812324929971988,1220.0,3.417366946778712,37.75,-122.41,2.553
2.0325,52.0,4.218323586744639,1.1812865497076024,2034.0,3.9649122807017534,37.75,-122.41,1.781
2.3903,52.0,4.466302367941712,1.1347905282331512,1932.0,3.519125683060109,37.75,-122.41,2.361
2.6538,9.0,4.20327868852459,1.095081967213115,1176.0,3.855737704918033,37.75,-122.41,2.063
2.5694,42.0,6.097922848664688,1.2551928783382789,2147.0,3.185459940652819,37.74,-122.39,2.01
4.3393,43.0,5.071949947862357,1.013555787278415,3134.0,3.267987486965589,37.73,-122.39,2.173
3.4472,45.0,4.468629961587708,0.911651728553137,2337.0,2.9923175416133163,37.73,-122.4,2.254
2.59,45.0,5.471111111111111,1.1311111111111112,1587.0,3.526666666666667,37.74,-122.4,2.118
1.4282,18.0,4.8405275779376495,1.1870503597122302,2722.0,3.26378896882494,37.73,-122.38,1.404
1.4133,15.0,4.303605313092979,1.0524984187223276,4737.0,2.9962049335863377,37.73,-122.38,2.034
2.1767,45.0,4.841059602649007,1.0198675496688745,924.0,3.0596026490066226,37.74,-122.39,1.853
2.625,20.0,6.315789473684211,1.4210526315789471,55.0,2.8947368421052637,37.73,-122.38,1.875
2.2167,40.0,6.101123595505618,1.1348314606741574,259.0,2.9101123595505616,37.73,-122.38,1.938
2.1667,38.0,5.237735849056604,1.041509433962264,871.0,3.2867924528301886,37.73,-122.38,1.938
2.2222,46.0,4.909385113268608,0.9676375404530744,879.0,2.8446601941747574,37.73,-122.39,1.951
2.9063,52.0,6.590443686006826,1.1228668941979525,1025.0,3.4982935153583616,37.73,-122.39,1.92
2.8603,52.0,5.169082125603865,1.0821256038647342,567.0,2.739130434782609,37.73,-122.39,1.89
2.6364,48.0,4.182584269662922,0.9157303370786516,1115.0,3.1320224719101124,37.73,-122.4,1.993
1.1125,28.0,5.548275862068966,1.1724137931034482,1064.0,3.668965517241379,37.72,-122.39,2.063
3.6607,45.0,5.407476635514018,1.0654205607476634,1923.0,3.594392523364486,37.72,-122.39,1.923
2.1484,52.0,5.1923076923076925,1.3076923076923077,93.0,3.576923076923077,37.72,-122.39,1.813
4.7031,34.0,5.5019607843137255,1.0274509803921568,839.0,3.2901960784313724,37.74,-122.41,2.552
3.4073,52.0,5.302521008403361,1.1743697478991597,1430.0,3.004201680672269,37.75,-122.41,2.547
1.9464,52.0,5.226415094339623,1.10062893081761,415.0,2.610062893081761,37.74,-122.41,2.49
5.5563,52.0,5.159663865546219,0.9495798319327732,1032.0,2.8907563025210083,37.74,-122.41,2.508
2.9911,52.0,3.92283950617284,1.089506172839506,1076.0,3.320987654320988,37.74,-122.42,2.639
4.1552,43.0,4.964179104477612,0.9850746268656716,935.0,2.791044776119403,37.74,-122.41,2.409
3.2813,47.0,5.485714285714286,1.2634920634920634,1178.0,3.73968253968254,37.74,-122.41,2.296
3.6429,52.0,5.157894736842105,1.0,1208.0,3.027568922305764,37.74,-122.41,2.3
2.888,50.0,5.105812220566319,1.1460506706408349,2261.0,3.369597615499255,37.73,-122.42,2.464
3.4583,52.0,4.5109289617486334,0.9590163934426228,973.0,2.658469945355191,37.74,-122.42,2.409
2.3087,52.0,4.038759689922481,1.065891472868217,1438.0,2.7868217054263567,37.74,-122.42,2.586
4.3125,52.0,4.242424242424242,1.019283746556474,1136.0,3.1294765840220387,37.74,-122.42,2.43
4.6786,52.0,4.642228739002933,1.0175953079178883,935.0,2.7419354838709675,37.73,-122.43,2.632
4.0,49.0,4.361702127659575,0.9787234042553192,1008.0,3.0638297872340425,37.73,-122.43,2.64
3.6719,48.0,5.485106382978723,1.1914893617021276,782.0,3.327659574468085,37.72,-122.43,2.598
5.0224,52.0,5.064327485380117,1.1988304093567252,587.0,3.432748538011696,37.73,-122.44,2.619
4.0132,46.0,4.480295566502463,1.0123152709359606,1534.0,3.7783251231527095,37.73,-122.42,2.294
4.5769,35.0,5.891447368421052,1.0592105263157894,988.0,3.25,37.73,-122.42,2.545
4.1071,52.0,4.681603773584905,0.945754716981132,1337.0,3.1533018867924527,37.73,-122.43,2.409
3.4231,42.0,5.136094674556213,1.1301775147928994,1703.0,3.358974358974359,37.73,-122.41,2.302
3.4769,50.0,5.0703125,1.0703125,1170.0,3.046875,37.73,-122.4,2.387
2.3625,42.0,3.903314917127072,1.1215469613259668,1027.0,2.8370165745856357,37.73,-122.4,2.33
4.0781,48.0,4.466666666666667,0.9333333333333332,998.0,3.0242424242424244,37.73,-122.42,2.503
4.2672,47.0,4.650793650793651,0.9714285714285714,1119.0,3.552380952380952,37.72,-122.4,2.194
2.1187,37.0,4.668269230769231,1.1923076923076923,647.0,3.110576923076923,37.72,-122.4,2.393
4.8214,35.0,5.131707317073171,1.0585365853658537,1225.0,2.9878048780487805,37.72,-122.41,2.429
4.0583,32.0,5.593220338983051,1.071186440677966,904.0,3.064406779661017,37.72,-122.41,2.362
4.0071,37.0,5.063339731285988,1.0479846449136276,1789.0,3.433781190019194,37.72,-122.42,2.447
3.6667,50.0,5.422718808193668,1.0465549348230911,1989.0,3.70391061452514,37.72,-122.43,2.526
3.6885,49.0,5.184568835098336,1.0529500756429653,2363.0,3.574886535552193,37.72,-122.43,2.54
3.7105,52.0,4.837719298245614,1.0482456140350878,1583.0,3.4714912280701755,37.72,-122.43,2.505
3.8274,52.0,5.341959334565619,1.055452865064695,1769.0,3.269870609981516,37.72,-122.44,2.52
3.0107,52.0,4.746458923512748,1.018413597733711,2101.0,2.975920679886685,37.72,-122.43,2.42
3.8934,52.0,5.567233384853169,1.1406491499227205,2270.0,3.508500772797527,37.73,-122.43,2.518
3.1786,52.0,4.15,0.85,1463.0,4.063888888888889,37.73,-122.43,2.226
4.3036,52.0,5.763333333333334,1.0633333333333332,890.0,2.966666666666667,37.72,-122.45,2.618
3.7143,52.0,4.859154929577465,0.9577464788732394,847.0,2.982394366197183,37.72,-122.44,2.6
3.8583,52.0,5.085889570552148,0.9877300613496932,1086.0,3.331288343558282,37.71,-122.45,2.616
3.9167,41.0,5.277591973244147,1.173913043478261,1159.0,3.876254180602007,37.71,-122.45,2.436
4.0547,52.0,4.787878787878788,1.0212121212121212,1425.0,4.318181818181818,37.71,-122.46,2.462
4.0,47.0,5.414893617021277,1.00354609929078,1102.0,3.907801418439716,37.71,-122.46,2.316
3.1908,52.0,5.0,1.0141843971631206,879.0,3.117021276595745,37.71,-122.43,2.556
3.8958,52.0,5.362989323843417,1.00355871886121,929.0,3.306049822064057,37.72,-122.44,2.477
3.9567,52.0,5.173664122137405,1.1278625954198471,1848.0,3.5267175572519083,37.71,-122.44,2.515
5.3913,46.0,4.785992217898833,0.9610894941634242,895.0,3.482490272373541,37.71,-122.44,2.489
5.0201,31.0,5.042553191489362,0.9382978723404256,1524.0,3.2425531914893617,37.71,-122.44,2.641
3.5536,34.0,5.218333333333334,1.115,2204.0,3.673333333333333,37.71,-122.45,2.51
3.0313,40.0,4.91919191919192,1.042929292929293,1434.0,3.621212121212121,37.72,-122.4,2.191
3.0469,40.0,4.299086757990867,0.906392694063927,1411.0,3.221461187214612,37.71,-122.4,2.38
3.4773,47.0,4.922580645161291,1.0344086021505376,1697.0,3.649462365591398,37.71,-122.41,2.263
1.2269,28.0,4.873663751214772,1.2050534499514092,3900.0,3.7900874635568513,37.71,-122.41,1.819
4.9926,40.0,4.787878787878788,1.0093240093240092,1738.0,4.051282051282051,37.71,-122.41,2.139
3.495,49.0,4.143176733780761,0.959731543624161,1615.0,3.612975391498882,37.71,-122.41,2.178
3.8625,41.0,4.658018867924528,1.0377358490566038,1528.0,3.60377358490566,37.72,-122.4,2.183
4.2727,47.0,4.612648221343873,0.9881422924901184,953.0,3.766798418972332,37.72,-122.4,2.419
3.8304,52.0,5.395437262357414,1.0779467680608366,1411.0,2.682509505703422,37.73,-122.44,2.614
5.0634,52.0,4.732558139534884,0.986046511627907,1193.0,2.7744186046511627,37.73,-122.45,2.642
4.2167,52.0,5.742690058479532,1.152046783625731,653.0,3.818713450292398,37.72,-122.45,2.319
4.7143,46.0,5.882845188284519,0.9832635983263598,771.0,3.225941422594142,37.72,-122.45,2.193
4.475,47.0,5.628571428571429,1.0952380952380951,1083.0,3.4380952380952383,37.72,-122.45,2.212
3.6581,51.0,4.990723562152134,1.0278293135435992,1795.0,3.3302411873840447,37.72,-122.45,2.25
3.3208,47.0,4.318295739348371,0.974937343358396,1216.0,3.0476190476190474,37.72,-122.46,2.386
4.0859,49.0,5.486363636363636,1.1590909090909092,658.0,2.9909090909090907,37.72,-122.46,2.286
3.2875,48.0,5.331230283911672,1.0694006309148263,962.0,3.034700315457413,37.72,-122.46,2.215
4.0855,45.0,6.012531328320802,1.050125313283208,1225.0,3.0701754385964914,37.72,-122.46,2.441
2.9688,39.0,5.579207920792079,1.0272277227722773,1388.0,3.435643564356436,37.72,-122.46,2.32
4.1939,44.0,4.936046511627907,0.9903100775193798,1577.0,3.056201550387597,37.71,-122.47,2.379
3.5156,42.0,4.794621026894865,1.0440097799511003,1211.0,2.960880195599022,37.71,-122.47,2.394
2.5333,43.0,5.9753086419753085,1.228395061728395,434.0,2.6790123456790123,37.72,-122.47,2.393
3.0,46.0,4.687096774193549,0.9870967741935484,817.0,2.6354838709677417,37.72,-122.47,2.467
4.5913,49.0,5.748299319727892,1.04421768707483,770.0,2.619047619047619,37.72,-122.47,2.597
2.9119,45.0,4.796019900497512,0.8606965174129353,613.0,3.0497512437810945,37.72,-122.45,2.289
4.2562,45.0,5.747448979591836,1.0994897959183674,1382.0,3.5255102040816326,37.71,-122.45,2.216
4.1406,52.0,4.829411764705882,1.0323529411764707,1138.0,3.347058823529412,37.71,-122.46,2.195
2.875,49.0,5.264615384615385,1.0707692307692307,1138.0,3.5015384615384617,37.71,-122.46,2.25
3.0703,37.0,5.049586776859504,1.068870523415978,1093.0,3.0110192837465566,37.72,-122.46,2.118
4.1116,45.0,4.108187134502924,0.9883040935672516,733.0,2.1432748538011697,37.72,-122.48,1.875
3.2792,40.0,4.452975047984645,1.0786948176583493,1499.0,2.8771593090211134,37.76,-122.51,2.608
1.2387,42.0,4.248741188318228,1.1329305135951662,3549.0,3.5740181268882174,37.72,-122.42,2.128
2.7083,10.0,4.435185185185185,1.1574074074074074,355.0,3.287037037037037,37.72,-122.36,1.804
10.2264,52.0,4.666666666666667,0.8888888888888888,37.0,1.3703703703703705,37.74,-122.39,2.25
6.1359,26.0,6.0,1.0,23.0,2.555555555555556,37.75,-122.4,2.25
4.2708,47.0,6.554216867469879,1.144578313253012,558.0,3.36144578313253,37.71,-122.38,2.071
3.3625,47.0,4.632022471910112,0.9213483146067416,1183.0,3.3230337078651684,37.71,-122.4,2.237
3.9922,32.0,5.738317757009346,0.8878504672897196,227.0,2.121495327102804,37.96,-121.36,2.474
5.8995,21.0,6.958549222797927,0.9481865284974094,462.0,2.393782383419689,37.96,-121.35,1.899
3.0625,47.0,5.470113085621971,1.0710823909531502,1228.0,1.9838449111470116,37.98,-121.31,1.415
5.1915,42.0,5.902912621359223,0.8964401294498382,720.0,2.3300970873786406,37.97,-121.31,1.837
3.6667,45.0,5.891402714932127,1.0271493212669682,988.0,2.235294117647059,37.97,-121.31,1.231
5.3224,17.0,6.103633916554509,1.0255720053835802,1562.0,2.1022880215343203,38.0,-121.36,2.258
3.675,22.0,5.098712446351931,1.044349070100143,1539.0,2.2017167381974247,38.0,-121.35,1.524
3.4231,6.0,4.711428571428572,1.0542857142857145,732.0,2.091428571428572,38.0,-121.35,1.238
10.0088,15.0,7.738853503184713,1.0031847133757965,1016.0,3.2356687898089174,38.01,-121.37,2.42
4.0221,16.0,4.6767676767676765,1.1616161616161615,451.0,2.2777777777777777,38.01,-121.36,1.733
4.5278,16.0,5.934065934065934,0.912087912087912,507.0,2.7857142857142856,38.01,-121.36,1.669
3.2872,17.0,4.558295964125561,1.0134529147982063,1114.0,2.497757847533632,38.01,-121.34,1.75
5.318,27.0,6.32156862745098,0.9176470588235294,630.0,2.4705882352941178,38.01,-121.33,1.551
4.0444,32.0,5.9922720247295205,1.061823802163833,1642.0,2.537867078825348,38.0,-121.34,1.292
5.9191,36.0,6.812807881773399,1.019704433497537,531.0,2.6157635467980294,38.01,-121.33,1.519
2.5,15.0,4.581967213114754,1.1055327868852458,1837.0,1.882172131147541,37.99,-121.33,1.759
3.9615,11.0,5.752564102564103,1.1128205128205129,2195.0,2.8141025641025643,37.99,-121.34,1.946
6.556,14.0,5.925714285714286,0.9485714285714286,1178.0,2.243809523809524,37.99,-121.34,2.347
5.143,9.0,6.139896373056994,1.0984455958549222,1129.0,2.924870466321244,37.98,-121.33,1.765
2.7031,10.0,4.507204610951009,1.144092219020173,643.0,1.853025936599424,37.98,-121.33,1.5
4.2589,8.0,5.145714285714286,1.0857142857142856,684.0,1.9542857142857144,37.99,-121.36,1.349
5.3002,8.0,6.687022900763359,1.089058524173028,1158.0,2.946564885496183,37.98,-121.34,1.917
4.3008,33.0,6.314159292035399,1.081858407079646,1109.0,2.4535398230088497,38.02,-121.33,1.364
5.1202,30.0,6.170662905500706,0.9717912552891396,2038.0,2.874471086036672,38.02,-121.34,1.338
3.1827,31.0,5.771653543307087,1.0393700787401574,608.0,2.393700787401575,38.02,-121.33,1.621
4.3008,37.0,5.862686567164179,0.9402985074626866,915.0,2.7313432835820897,38.02,-121.33,1.198
4.4063,20.0,5.900560224089636,1.0518207282913166,2071.0,2.900560224089636,38.03,-121.34,1.308
4.918,19.0,5.930555555555555,1.0104166666666667,906.0,3.145833333333333,38.03,-121.33,1.306
5.5427,4.0,6.570291777188329,0.9522546419098143,1234.0,3.273209549071618,38.04,-121.36,1.621
5.5842,5.0,6.92914653784219,0.9871175523349436,2206.0,3.5523349436392917,38.04,-121.35,1.591
3.7206,12.0,6.469302809573361,1.060353798126951,3771.0,3.924037460978148,38.04,-121.35,1.46
5.0285,9.0,6.1737891737891735,1.0541310541310542,1290.0,3.675213675213675,38.04,-121.36,1.482
5.6147,16.0,7.411111111111111,1.022222222222222,267.0,2.966666666666667,38.05,-121.34,2.447
3.6083,16.0,5.720486111111111,0.9809027777777778,2279.0,3.9565972222222223,38.04,-121.34,1.464
4.6477,15.0,7.434615384615385,1.0769230769230769,965.0,3.7115384615384617,38.04,-121.33,1.427
2.2961,10.0,4.308219178082192,0.958904109589041,635.0,4.349315068493151,38.03,-121.33,1.267
4.875,16.0,6.472,0.9968,1862.0,2.9792,38.03,-121.32,1.431
4.5179,15.0,6.862884160756501,1.0401891252955082,1325.0,3.132387706855792,38.04,-121.33,1.456
5.1878,10.0,6.7990430622009566,0.9760765550239234,657.0,3.1435406698564594,38.04,-121.33,1.539
5.7201,8.0,7.867768595041323,1.0537190082644627,895.0,3.698347107438016,38.03,-121.35,1.557
4.9861,12.0,7.123684210526315,1.1394736842105264,1200.0,3.1578947368421053,38.03,-121.34,1.335
2.8403,16.0,6.428571428571429,1.2007722007722008,1301.0,5.023166023166024,38.02,-121.35,1.323
4.1739,16.0,5.981060606060606,0.9753787878787878,1596.0,3.022727272727273,38.03,-121.35,1.313
3.7375,14.0,4.898128898128898,0.9106029106029108,1378.0,2.864864864864865,38.03,-121.36,1.388
3.428,15.0,5.572317262830482,1.0015552099533438,2183.0,3.3950233281493003,38.02,-121.35,1.407
4.1719,5.0,4.7025316455696204,1.1455696202531649,1010.0,2.130801687763713,38.02,-121.36,2.061
3.9792,19.0,5.896103896103896,1.025974025974026,306.0,1.9870129870129871,38.0,-121.31,1.319
2.375,4.0,4.504854368932039,1.0420711974110033,1784.0,5.773462783171521,38.0,-121.29,1.245
4.4871,2.0,6.690700104493208,1.1661442006269591,3327.0,3.476489028213166,38.01,-121.29,1.379
3.75,10.0,3.45,0.8,50.0,2.5,38.01,-121.29,1.208
2.9821,32.0,6.576923076923077,1.1153846153846154,138.0,2.6538461538461537,38.02,-121.27,1.55
4.9861,26.0,6.623655913978495,1.0172043010752687,1257.0,2.703225806451613,38.04,-121.25,2.018
6.1805,32.0,7.526748971193416,1.0781893004115226,677.0,2.786008230452675,38.04,-121.23,2.479
5.5376,42.0,7.0,1.020408163265306,116.0,2.36734693877551,38.04,-121.22,2.125
6.6605,29.0,7.825396825396825,1.0380952380952382,859.0,2.726984126984127,38.03,-121.25,2.207
2.8167,35.0,6.459649122807018,1.0526315789473684,783.0,2.747368421052632,38.0,-121.22,1.621
2.4342,22.0,5.086666666666667,0.9966666666666668,790.0,2.6333333333333333,38.01,-121.24,1.25
2.8958,21.0,7.824561403508772,1.280701754385965,182.0,3.192982456140351,38.0,-121.25,1.35
2.4688,25.0,4.838815789473684,0.986842105263158,721.0,2.3717105263157894,38.0,-121.24,1.268
5.5693,38.0,7.263888888888889,1.1111111111111112,226.0,3.138888888888889,37.99,-121.23,1.531
5.0362,27.0,6.480916030534351,1.045801526717557,373.0,2.8473282442748094,37.98,-121.23,1.813
6.0582,39.0,4.536082474226804,0.8556701030927835,270.0,2.783505154639175,37.97,-121.2,1.577
3.225,35.0,6.570093457943925,1.0934579439252337,290.0,2.710280373831776,38.04,-121.19,1.771
1.4732,28.0,4.96078431372549,0.9803921568627452,201.0,3.941176470588236,38.03,-121.16,1.563
3.3882,44.0,7.325301204819277,1.3012048192771084,287.0,3.4578313253012047,38.02,-121.2,1.25
2.4674,31.0,5.125523012552302,1.1694560669456069,1459.0,3.0523012552301254,37.99,-121.18,1.309
3.6389,28.0,6.0,1.0829694323144106,769.0,3.3580786026200875,37.97,-121.17,1.304
1.125,20.0,5.469387755102041,1.5918367346938775,77.0,1.5714285714285714,37.94,-121.23,1.5
4.75,21.0,4.602739726027397,0.9315068493150684,206.0,2.8219178082191783,37.93,-121.22,1.214
2.5625,35.0,6.966101694915254,1.2542372881355932,193.0,3.2711864406779663,37.96,-121.18,1.469
2.625,16.0,8.333333333333334,1.6666666666666667,20.0,3.333333333333333,37.9,-121.24,1.375
3.1719,42.0,5.0,1.0,256.0,2.752688172043011,37.88,-121.26,1.583
2.9,38.0,5.947368421052632,1.1578947368421053,125.0,3.289473684210526,37.9,-121.31,1.25
5.7485,26.0,5.366666666666666,0.9,1542.0,51.4,37.89,-121.29,1.625
3.65,49.0,3.769230769230769,0.9230769230769232,59.0,2.269230769230769,37.87,-121.23,1.625
2.2891,31.0,6.348122866894198,1.3447098976109215,1848.0,6.30716723549488,37.94,-121.49,1.625
2.6842,44.0,5.169642857142857,1.0089285714285714,1094.0,4.883928571428571,37.88,-121.38,1.563
2.2619,13.0,5.099041533546326,1.1421725239616614,1768.0,2.824281150159744,38.13,-121.47,1.235
4.3553,42.0,6.449685534591195,1.050314465408805,878.0,2.761006289308176,38.15,-121.36,1.857
3.5,14.0,5.5528455284552845,1.0785907859078592,1071.0,2.902439024390244,38.16,-121.32,2.408
5.5942,5.0,6.715203426124197,1.0728051391862956,1327.0,2.841541755888651,38.13,-121.32,1.869
5.5057,32.0,6.007042253521127,1.028169014084507,923.0,3.25,38.09,-121.35,1.472
3.9323,5.0,6.017738359201774,1.1019955654101996,2725.0,3.0210643015521064,38.15,-121.32,1.301
3.95,22.0,6.894736842105263,1.0175438596491229,134.0,2.3508771929824563,38.12,-121.23,1.781
3.6312,48.0,8.130434782608695,1.173913043478261,240.0,3.4782608695652173,38.11,-121.23,2.028
6.4562,23.0,7.626506024096385,1.0963855421686748,236.0,2.8433734939759034,38.09,-121.23,2.3
2.0625,35.0,4.626865671641791,0.9253731343283582,525.0,2.611940298507463,38.09,-121.26,1.55
2.0694,31.0,6.090909090909091,0.9636363636363636,154.0,2.8,38.09,-121.3,1.75
3.1917,21.0,5.563380281690141,0.971830985915493,533.0,2.5023474178403755,38.07,-121.29,2.045
3.0592,28.0,5.378516624040921,1.0792838874680306,1167.0,2.9846547314578005,38.07,-121.25,1.528
3.875,27.0,6.285714285714286,0.9924812030075189,303.0,2.278195488721805,38.14,-121.29,1.274
3.2123,17.0,4.946403385049365,0.9816643159379408,1867.0,2.633286318758816,38.14,-121.3,1.207
3.2303,23.0,5.739478957915832,1.0100200400801602,1298.0,2.6012024048096194,38.13,-121.3,1.318
4.8787,23.0,6.660828025477707,1.0079617834394905,1886.0,3.0031847133757963,38.15,-121.29,1.753
2.125,40.0,4.056768558951965,1.1222707423580789,576.0,2.51528384279476,38.14,-121.27,1.375
4.119,38.0,5.506876227897839,0.9823182711198428,1223.0,2.402750491159136,38.14,-121.28,1.288
4.0625,48.0,5.375,0.9460227272727272,804.0,2.284090909090909,38.13,-121.28,1.432
2.5401,32.0,4.829268292682927,0.96987087517934,1916.0,2.7489239598278337,38.13,-121.28,1.254
5.0,20.0,6.46530612244898,1.0489795918367346,1390.0,2.836734693877551,38.13,-121.29,1.548
5.0528,26.0,6.064516129032258,0.967741935483871,937.0,2.5188172043010755,38.13,-121.3,1.537
3.9607,18.0,5.832699619771863,1.0456273764258557,741.0,2.817490494296578,38.12,-121.29,1.325
7.6889,11.0,6.813688212927756,0.9581749049429658,767.0,2.9163498098859315,38.12,-121.3,2.293
4.196,5.0,5.515682656826568,1.0977859778597785,2679.0,2.4714022140221403,38.11,-121.3,1.717
3.8825,10.0,5.235915492957746,1.0352112676056338,1559.0,2.744718309859155,38.11,-121.28,1.368
3.8672,15.0,5.437333333333333,1.024,1178.0,3.1413333333333333,38.11,-121.27,1.201
2.5556,13.0,4.013201320132013,0.966996699669967,1441.0,2.377887788778878,38.1,-121.28,1.331
3.775,14.0,5.519572953736655,1.0569395017793597,785.0,2.793594306049822,38.1,-121.29,1.633
4.2448,4.0,6.512658227848101,1.1582278481012658,933.0,2.9525316455696204,38.11,-121.26,1.509
2.3,16.0,4.498084291187739,0.9272030651340996,464.0,1.7777777777777777,38.14,-121.25,1.333
3.475,24.0,6.025956284153006,1.0601092896174864,2038.0,2.7841530054644807,38.16,-121.22,1.512
4.0924,19.0,5.942222222222222,1.048888888888889,744.0,3.306666666666666,38.17,-121.28,2.442
3.6398,27.0,5.952702702702703,1.0518018018018018,1455.0,3.277027027027027,38.21,-121.32,1.467
2.4906,31.0,6.180379746835443,1.1582278481012658,999.0,3.161392405063291,38.16,-121.16,1.225
3.6528,13.0,6.259615384615385,0.9807692307692308,301.0,2.894230769230769,38.25,-121.06,2.0
4.0365,18.0,5.9742489270386265,1.0014306151645207,2164.0,3.09585121602289,38.21,-121.15,1.742
2.9875,19.0,6.50880626223092,1.0978473581213308,1544.0,3.0215264187866926,38.14,-121.05,1.663
3.7687,27.0,5.405405405405405,0.9797297297297296,1085.0,2.4436936936936937,38.13,-121.19,1.652
4.8125,21.0,7.02710843373494,1.1355421686746987,1073.0,3.2319277108433737,38.07,-121.18,1.611
4.7069,27.0,6.523255813953488,1.1162790697674418,873.0,3.383720930232558,38.0,-120.97,1.769
3.275,17.0,5.4613686534216335,1.0596026490066226,1649.0,3.640176600441501,37.93,-121.05,1.565
2.9241,32.0,6.084269662921348,1.0561797752808988,471.0,2.646067415730337,38.04,-121.11,1.875
4.517,21.0,5.749303621169917,0.9526462395543176,1021.0,2.844011142061281,38.03,-121.09,1.522
3.4265,36.0,4.843971631205674,1.127659574468085,505.0,3.5815602836879434,38.0,-121.12,1.589
3.6107,13.0,5.261096605744125,0.9712793733681462,2248.0,2.9347258485639687,37.8,-121.0,1.413
2.883,28.0,5.875930521091812,1.066997518610422,1231.0,3.054590570719603,37.84,-120.97,1.419
3.8534,32.0,5.599009900990099,1.0297029702970295,1156.0,2.8613861386138613,37.77,-120.96,1.576
2.5643,32.0,6.164904862579281,1.1162790697674418,1466.0,3.099365750528541,37.78,-121.04,2.0
2.683,24.0,5.287037037037037,1.0123456790123455,1258.0,3.882716049382716,37.86,-121.06,1.694
3.6016,21.0,5.387755102040816,1.0770975056689345,1175.0,2.664399092970521,37.74,-121.13,1.346
3.3158,40.0,4.791489361702127,0.9361702127659576,667.0,2.838297872340425,37.73,-121.13,1.259
4.4213,11.0,7.34593572778828,1.1323251417769375,1605.0,3.0340264650283557,37.74,-121.11,1.827
3.3578,35.0,5.45,0.973529411764706,958.0,2.8176470588235296,37.8,-121.1,1.49
4.1833,22.0,6.564231738035264,1.035264483627204,1252.0,3.1536523929471034,37.76,-121.11,1.921
3.4426,7.0,5.416393442622951,1.028415300546448,3006.0,3.2852459016393443,37.73,-121.16,1.39
3.4009,22.0,6.2148337595907925,1.0664961636828645,1292.0,3.3043478260869565,37.76,-121.25,1.824
2.6368,34.0,5.769021739130435,1.0516304347826086,1310.0,3.5597826086956523,37.72,-121.22,1.656
3.6378,17.0,5.432075471698113,1.0226415094339625,1802.0,3.4,37.81,-121.22,1.261
2.995,18.0,4.75098814229249,0.984189723320158,1531.0,3.025691699604743,37.81,-121.21,1.243
2.1786,44.0,4.109589041095891,0.9863013698630136,160.0,2.191780821917808,37.8,-121.21,1.208
5.193,8.0,6.255813953488372,0.9900332225913622,999.0,3.318936877076412,37.81,-121.21,1.721
3.7546,28.0,5.756613756613756,1.0158730158730158,1512.0,2.6666666666666665,37.8,-121.2,1.353
3.5625,24.0,5.424920127795527,1.099041533546326,927.0,2.961661341853035,37.8,-121.2,1.308
5.0369,12.0,5.624233128834356,0.98159509202454,2173.0,3.3328220858895707,37.81,-121.21,1.639
3.8472,35.0,6.296482412060302,1.020100502512563,1316.0,3.306532663316583,37.82,-121.17,1.976
4.4423,18.0,6.076512455516014,1.0320284697508897,1912.0,3.402135231316726,37.83,-121.2,1.614
7.3718,26.0,5.486111111111111,1.0277777777777777,193.0,2.680555555555556,37.81,-121.2,2.125
2.7321,8.0,5.139386189258312,1.0959079283887467,1959.0,2.5051150895140664,37.81,-121.19,1.75
4.8229,20.0,5.571428571428571,1.0,149.0,3.0408163265306123,37.78,-121.23,1.583
4.075,7.0,6.398757763975155,1.0770186335403726,2553.0,3.1714285714285717,37.79,-121.24,1.95
2.7083,16.0,5.1187845303867405,1.0773480662983426,1013.0,2.798342541436464,37.79,-121.27,1.739
4.4766,5.0,7.013544018058691,1.0767494356659142,1549.0,3.4966139954853275,37.79,-121.22,1.694
2.2254,11.0,4.598499061913696,1.2476547842401502,1155.0,2.1669793621013134,37.8,-121.23,1.308
3.5595,6.0,4.933926302414231,1.0165184243964422,2319.0,2.946632782719187,37.81,-121.24,1.61
4.2431,15.0,5.217235188509874,0.9640933572710952,1886.0,3.385996409335727,37.81,-121.23,1.371
4.0125,20.0,5.538226299694189,1.0764525993883791,1191.0,3.6422018348623855,37.81,-121.22,1.215
3.1964,13.0,4.751334044823906,1.0128068303094984,2740.0,2.9242262540021344,37.82,-121.22,1.415
5.5591,16.0,6.043478260869565,0.991304347826087,1236.0,3.582608695652174,37.81,-121.23,1.493
4.6821,8.0,5.393305439330544,0.9832635983263598,867.0,3.627615062761506,37.82,-121.23,1.385
4.9271,14.0,5.977346278317152,1.051779935275081,1030.0,3.333333333333333,37.82,-121.23,1.553
4.0208,28.0,5.986666666666666,1.0711111111111111,713.0,3.168888888888889,37.84,-121.23,1.557
5.1047,9.0,6.528042328042328,1.0148148148148148,3378.0,3.574603174603175,37.82,-121.24,1.579
2.2391,35.0,5.385416666666667,1.0729166666666667,604.0,3.145833333333333,37.85,-121.3,1.2
3.1429,36.0,6.042553191489362,1.127659574468085,130.0,2.765957446808511,37.81,-121.31,1.792
2.6458,26.0,5.416666666666667,1.101851851851852,830.0,3.842592592592593,37.82,-121.27,1.275
4.1298,19.0,5.774336283185841,1.0486725663716814,1290.0,2.853982300884956,37.77,-121.37,2.228
2.6181,24.0,4.86144578313253,1.0481927710843373,585.0,3.5240963855421685,37.78,-121.43,1.635
5.1629,20.0,6.178787878787879,1.1303030303030304,862.0,2.6121212121212123,37.73,-121.46,2.229
5.75,2.0,10.223744292237445,1.4657534246575343,766.0,3.497716894977169,37.72,-121.45,2.402
6.0389,5.0,8.75,1.2564102564102564,591.0,3.7884615384615374,37.7,-121.44,2.151
4.3696,7.0,6.5279307631786,1.127458693941778,4189.0,3.2958300550747444,37.71,-121.42,1.707
4.1855,18.0,5.4519326065411295,1.041625371655104,2964.0,2.937561942517344,37.76,-121.42,1.621
3.5242,33.0,5.125641025641026,0.9435897435897436,1061.0,2.7205128205128206,37.75,-121.42,1.214
4.8021,45.0,5.927536231884058,1.0434782608695652,340.0,2.463768115942029,37.74,-121.42,1.335
2.825,38.0,5.768656716417911,1.0970149253731345,320.0,2.388059701492537,37.74,-121.42,1.525
3.15,35.0,5.2368421052631575,0.868421052631579,313.0,2.0592105263157894,37.74,-121.42,1.532
4.3687,33.0,5.703862660944206,1.1416309012875536,683.0,2.931330472103004,37.75,-121.42,1.287
3.1333,34.0,4.35374149659864,0.91156462585034,754.0,2.564625850340136,37.75,-121.43,1.32
2.75,41.0,5.666666666666667,1.0726072607260726,855.0,2.8217821782178216,37.75,-121.43,1.273
3.0865,52.0,4.893854748603352,0.9497206703910616,426.0,2.3798882681564244,37.74,-121.43,1.198
2.1424,30.0,4.927835051546392,1.1623711340206186,1065.0,2.7448453608247423,37.75,-121.43,1.25
3.6312,7.0,4.579741379310345,1.0948275862068966,1358.0,2.9267241379310347,37.76,-121.43,1.476
5.0443,5.0,6.338568935427574,1.1212914485165797,3670.0,3.202443280977312,37.76,-121.44,1.948
4.6173,15.0,6.0566929133858265,1.0661417322834643,2360.0,3.716535433070866,37.75,-121.45,1.648
3.5096,33.0,4.921259842519685,0.952755905511811,970.0,2.545931758530184,37.74,-121.44,1.417
4.2768,29.0,5.530120481927711,0.9578313253012049,417.0,2.5120481927710845,37.75,-121.44,1.513
3.4821,16.0,5.008988764044944,1.0292134831460673,1199.0,2.69438202247191,37.75,-121.44,1.706
5.3321,7.0,7.830524344569288,1.2303370786516854,3907.0,3.658239700374532,37.73,-121.44,2.081
2.9955,40.0,4.427835051546392,1.0077319587628866,1312.0,3.381443298969072,37.73,-121.43,1.347
5.9934,2.0,9.896678966789668,1.4501845018450183,883.0,3.2583025830258303,37.73,-121.42,1.967
4.3015,21.0,5.858823529411764,1.0627450980392157,781.0,3.062745098039216,37.67,-121.32,2.5
3.8158,14.0,6.306532663316583,1.1419597989949748,2105.0,2.6444723618090453,35.69,-120.9,2.487
3.23,11.0,11.90079365079365,2.246031746031746,1825.0,2.414021164021164,35.76,-120.93,1.543
1.6303,14.0,4.380653266331659,1.1168341708542713,2352.0,2.9547738693467336,35.65,-120.69,1.449
2.4567,43.0,5.006578947368421,1.0723684210526316,1456.0,2.3947368421052637,35.62,-120.69,1.4
2.9167,35.0,5.284839203675345,1.0918836140888208,1550.0,2.3736600306278715,35.62,-120.69,1.617
3.3472,31.0,6.1305114638447975,1.1358024691358024,1476.0,2.6031746031746037,35.63,-120.72,1.952
4.2841,8.0,7.060367454068241,1.0761154855643045,1085.0,2.847769028871391,35.63,-120.67,2.567
3.8661,6.0,5.924432081594808,1.1316643486323597,6085.0,2.8210477515067223,35.62,-120.67,1.681
2.9926,9.0,5.599353796445881,1.0872374798061388,2356.0,3.806138933764136,35.65,-120.64,1.582
3.7303,9.0,6.175108538350217,1.1360347322720694,2065.0,2.988422575976845,35.74,-120.47,1.627
2.811,15.0,6.485013623978202,1.1866485013623975,2459.0,3.3501362397820165,35.56,-120.29,1.421
4.475,13.0,6.9703125,1.19375,1795.0,2.8046875,35.6,-120.6,2.069
3.24,9.0,6.218106995884773,1.257201646090535,2239.0,2.303497942386832,35.52,-121.11,2.646
2.3075,27.0,5.244744744744745,1.364864864864865,1481.0,2.223723723723724,35.38,-120.85,1.842
2.7344,23.0,5.96415770609319,1.2724014336917562,629.0,2.2544802867383518,35.39,-120.86,1.883
2.7043,21.0,5.562874251497006,1.2794411177644711,1106.0,2.207584830339321,35.4,-120.86,1.862
2.8173,21.0,5.524064171122995,1.0427807486631016,588.0,3.144385026737968,35.37,-120.85,2.269
2.6205,27.0,5.371482176360225,1.3339587242026267,930.0,1.74484052532833,35.35,-120.84,2.211
2.5552,34.0,5.075851393188855,1.105263157894737,1397.0,2.1625386996904026,35.37,-120.84,2.0
1.65,29.0,4.990243902439024,1.4341463414634146,846.0,2.063414634146341,35.37,-120.89,2.273
3.6412,15.0,5.3442088091354,1.0929853181076672,1520.0,2.4796084828711256,35.33,-120.84,2.078
4.4766,14.0,5.503311258278146,1.042384105960265,2112.0,2.797350993377484,35.33,-120.83,1.927
3.3958,12.0,5.3202416918429005,1.0317220543806649,1780.0,2.688821752265861,35.32,-120.82,2.158
3.2226,11.0,4.927272727272728,1.062121212121212,1814.0,2.7484848484848485,35.32,-120.83,1.832
3.4762,15.0,4.634099616858237,1.0306513409961686,1279.0,2.450191570881226,35.32,-120.84,1.896
3.526,17.0,5.733606557377049,1.0956284153005464,1656.0,2.262295081967213,35.32,-120.84,1.839
2.8493,23.0,5.090311986863711,0.9901477832512317,1515.0,2.48768472906404,35.31,-120.84,1.961
3.2112,20.0,6.517307692307693,1.353846153846154,1309.0,2.517307692307692,35.6,-121.1,2.045
3.1818,36.0,6.510067114093959,1.0570469798657718,850.0,2.8523489932885906,35.29,-120.65,2.496
1.9647,23.0,4.093220338983051,1.0317796610169492,1380.0,2.9237288135593222,35.29,-120.66,2.536
1.7031,16.0,3.500770416024653,0.9691833590138677,1689.0,2.6024653312788906,35.29,-120.66,1.95
1.4492,29.0,3.781779661016949,1.0190677966101696,1344.0,2.847457627118644,35.29,-120.65,2.229
2.5455,32.0,3.878787878787879,1.0389610389610389,548.0,2.3722943722943723,35.28,-120.65,1.659
4.2411,27.0,6.436708860759493,1.0791139240506329,768.0,2.430379746835443,35.27,-120.65,2.589
2.5129,15.0,4.826530612244898,1.0979591836734697,1446.0,2.951020408163265,35.27,-120.65,2.259
2.1507,21.0,4.800582241630276,1.042212518195051,1862.0,2.710334788937409,35.26,-120.64,2.215
5.156,23.0,6.197718631178708,0.9619771863117872,704.0,2.67680608365019,35.27,-120.63,2.513
2.084,39.0,3.6110183639399,1.0884808013355594,1153.0,1.9248747913188649,35.29,-120.66,2.333
1.4036,31.0,3.492443324937028,1.0629722921914355,1358.0,1.7103274559193955,35.28,-120.66,2.096
2.1786,46.0,4.157894736842105,1.0161943319838056,1170.0,2.3684210526315788,35.28,-120.66,2.063
2.6208,52.0,3.820338983050848,1.088135593220339,1237.0,2.0966101694915253,35.27,-120.65,2.271
2.8009,46.0,4.206831119544592,1.032258064516129,1107.0,2.1005692599620494,35.27,-120.66,1.926
1.6875,33.0,3.6095444685466376,0.9869848156182212,1077.0,2.336225596529284,35.27,-120.66,1.742
3.7337,17.0,4.770175438596492,1.0333333333333334,1386.0,2.431578947368421,35.27,-120.66,2.082
2.2656,15.0,4.755364806866953,1.1321888412017167,2383.0,2.04549356223176,35.26,-120.66,2.262
2.2165,32.0,4.395397489539749,1.0313807531380754,2309.0,2.4152719665271967,35.3,-120.67,2.317
3.25,37.0,4.66896551724138,1.0103448275862068,753.0,2.5965517241379312,35.29,-120.68,2.25
2.2847,26.0,6.001420454545454,1.2585227272727273,1795.0,2.549715909090909,35.28,-120.69,2.47
3.0833,44.0,5.116704805491991,0.9405034324942791,1036.0,2.3707093821510297,35.29,-120.67,2.193
4.625,20.0,5.546666666666667,1.0266666666666666,722.0,3.2088888888888887,35.26,-120.69,2.218
4.6071,14.0,5.674698795180723,1.0271084337349397,1884.0,2.8373493975903616,35.28,-120.7,2.399
3.2464,26.0,5.496774193548387,1.0161290322580645,918.0,2.9612903225806453,35.26,-120.68,2.08
2.794,15.0,4.855824682814302,1.0369088811995386,1933.0,2.229527104959631,35.25,-120.69,2.625
5.0267,5.0,6.086896551724138,1.1089655172413793,2003.0,2.762758620689655,35.24,-120.52,2.533
2.2868,16.0,5.220843672456576,1.1129032258064515,1634.0,2.0272952853598016,35.25,-120.68,2.337
3.0938,34.0,5.719557195571956,1.1383763837638377,1155.0,2.1309963099631,35.14,-120.68,2.459
1.9653,41.0,5.258382642998027,1.4812623274161736,940.0,1.8540433925049309,35.13,-120.66,2.361
2.8824,39.0,5.2239747634069404,1.0504731861198735,866.0,2.7318611987381702,35.12,-120.57,1.952
3.5242,18.0,5.2898550724637685,1.0072463768115942,1068.0,1.934782608695652,35.11,-120.57,1.568
3.155,25.0,5.411589895988113,1.0787518573551262,1729.0,2.5690936106983657,35.11,-120.59,2.054
3.4509,22.0,5.63575042158516,1.0860033726812817,1342.0,2.263069139966273,35.12,-120.6,2.177
2.5792,16.0,4.9147058823529415,1.0411764705882354,935.0,2.75,35.12,-120.61,1.638
2.1702,27.0,5.008196721311475,1.1098360655737705,1407.0,2.3065573770491805,35.12,-120.59,1.797
2.2625,17.0,4.9800399201596806,1.0459081836327346,1292.0,2.5788423153692617,35.11,-120.6,1.53
3.5744,20.0,5.07037643207856,0.9345335515548282,1449.0,2.3715220949263505,35.11,-120.59,1.978
2.6974,31.0,4.614906832298137,1.0714285714285714,823.0,2.5559006211180124,35.12,-120.61,1.654
2.7301,16.0,4.894436519258202,1.028530670470756,1777.0,2.5349500713266764,35.13,-120.61,1.904
2.9821,12.0,4.763888888888889,1.101388888888889,1840.0,2.555555555555556,35.12,-120.61,1.62
3.3062,11.0,5.051420838971583,1.1244925575101488,1839.0,2.4884979702300405,35.11,-120.61,1.585
2.9615,19.0,5.381386861313868,1.208029197080292,1425.0,2.6003649635036497,35.12,-120.65,1.781
2.7128,26.0,5.492392807745505,1.1106500691562933,1792.0,2.4785615491009683,35.13,-120.62,2.099
2.0292,18.0,4.402750491159136,1.068762278978389,1521.0,2.988212180746562,35.11,-120.62,1.558
2.655,22.0,4.305555555555555,1.0208333333333333,768.0,2.6666666666666665,35.12,-120.62,1.6
2.4003,14.0,5.05892547660312,1.197573656845754,1896.0,3.285961871750433,35.1,-120.61,1.421
3.0536,17.0,4.72804054054054,1.0760135135135136,2015.0,3.403716216216216,35.1,-120.61,1.436
2.6875,16.0,5.022900763358779,1.047328244274809,1497.0,2.285496183206107,35.1,-120.6,1.782
2.8203,24.0,4.997840172786177,1.0107991360691144,1549.0,3.345572354211663,35.05,-120.48,1.526
2.9375,29.0,5.281124497991968,1.120481927710843,926.0,3.718875502008032,35.04,-120.47,1.448
2.9798,17.0,5.530487804878049,0.9695121951219512,1672.0,3.398373983739837,35.02,-120.48,2.048
2.925,26.0,5.283524904214559,1.0938697318007662,1291.0,2.4731800766283527,35.52,-120.69,1.814
4.3218,17.0,5.805460750853243,1.0170648464163825,941.0,3.21160409556314,35.51,-120.68,2.091
3.7672,19.0,5.215170278637771,1.041795665634675,1834.0,2.8390092879256965,35.5,-120.68,1.738
3.2813,15.0,5.04954128440367,1.001834862385321,1422.0,2.6091743119266053,35.5,-120.67,1.75
3.3125,19.0,5.126721763085399,1.002754820936639,1040.0,2.8650137741046837,35.5,-120.66,1.639
2.8285,17.0,4.996610169491525,1.0677966101694916,2307.0,2.606779661016949,35.49,-120.66,1.713
3.225,19.0,5.238095238095238,1.0680272108843538,1341.0,3.0408163265306123,35.48,-120.65,1.669
2.5437,6.0,4.506134969325154,1.0782208588957056,2877.0,2.206288343558282,35.46,-120.64,1.464
4.1375,16.0,6.214452214452215,1.048951048951049,1203.0,2.804195804195804,35.49,-120.69,2.224
2.7798,15.0,5.195219123505976,1.045816733067729,1351.0,2.691235059760956,35.48,-120.68,2.058
3.3438,18.0,5.622596153846154,1.0649038461538465,1097.0,2.637019230769231,35.48,-120.67,1.761
3.9063,18.0,5.740139211136891,1.0417633410672853,1269.0,2.94431554524362,35.47,-120.66,1.848
4.5179,17.0,6.124183006535947,0.9950980392156864,1860.0,3.0392156862745097,35.46,-120.66,2.256
3.5,10.0,5.929955290611028,1.1341281669150522,1834.0,2.7332339791356186,35.55,-120.7,1.721
3.6667,7.0,5.8154869933454325,1.0078644888082275,4487.0,2.714458560193588,35.52,-120.76,2.506
3.1641,17.0,5.58348623853211,1.1155963302752294,1457.0,2.673394495412844,35.35,-120.49,1.586
4.1875,15.0,6.535471331389699,1.0796890184645287,3139.0,3.0505344995140917,35.41,-120.65,2.616
3.3816,36.0,4.76158940397351,1.0794701986754969,1649.0,2.1841059602649007,37.68,-122.4,2.534
2.4113,23.0,4.7565445026178015,1.0471204188481675,1376.0,3.602094240837696,37.7,-122.41,2.142
3.6827,44.0,4.351464435146443,1.0230125523012552,1781.0,3.725941422594142,37.71,-122.42,2.153
4.9318,6.0,5.7944078947368425,1.0921052631578947,1705.0,2.804276315789474,37.7,-122.44,2.581
4.0125,46.0,4.484662576687117,1.0204498977505112,1814.0,3.70961145194274,37.7,-122.45,2.301
4.5417,50.0,5.038461538461538,0.9895104895104896,1159.0,4.0524475524475525,37.71,-122.45,2.337
4.7639,49.0,5.304964539007092,1.044917257683215,1948.0,4.6052009456264775,37.71,-122.45,2.515
3.5035,37.0,3.938697318007663,1.053639846743295,904.0,3.4636015325670497,37.7,-122.46,2.386
3.3214,37.0,4.327142857142857,1.0542857142857145,2436.0,3.48,37.7,-122.46,2.432
3.6588,45.0,4.93993993993994,1.0405405405405406,2466.0,3.702702702702703,37.7,-122.47,2.386
2.483,44.0,3.7142857142857135,1.0408163265306123,339.0,3.459183673469388,37.71,-122.46,2.143
3.65,45.0,4.624678663239075,1.012853470437018,1436.0,3.691516709511568,37.71,-122.46,2.399
3.84,42.0,4.315270935960591,1.064039408866995,713.0,3.5123152709359604,37.7,-122.46,2.359
4.5341,44.0,5.453083109919571,1.1340482573726542,1491.0,3.997319034852547,37.7,-122.47,2.365
3.5,37.0,4.376569037656904,1.0502092050209204,822.0,3.4393305439330546,37.71,-122.47,2.244
3.1958,39.0,4.665168539325843,1.0831460674157305,1738.0,3.90561797752809,37.71,-122.46,2.321
5.0659,35.0,5.10615711252654,0.978768577494692,1583.0,3.360934182590233,37.68,-122.49,2.38
5.2848,29.0,5.452586206896552,0.9698275862068966,2494.0,3.583333333333333,37.67,-122.49,2.603
3.4492,33.0,4.879417879417879,1.0644490644490645,1259.0,2.617463617463617,37.69,-122.48,2.643
3.449,27.0,3.7245053272450535,1.095890410958904,2104.0,3.202435312024353,37.69,-122.47,2.391
4.875,30.0,4.206030150753769,1.07035175879397,606.0,3.0452261306532664,37.69,-122.47,2.588
4.4821,42.0,5.481684981684982,0.9377289377289376,1594.0,2.9194139194139197,37.69,-122.48,2.524
4.2421,43.0,5.8355263157894735,0.9978070175438596,1384.0,3.0350877192982457,37.69,-122.48,2.575
2.9413,23.0,4.129221732745962,1.1292217327459615,1983.0,2.911894273127753,37.68,-122.46,2.294
3.5909,35.0,4.047058823529412,0.9905882352941175,1452.0,3.416470588235294,37.69,-122.47,2.561
4.4286,35.0,5.061855670103093,1.0103092783505154,274.0,2.8247422680412373,37.67,-122.45,2.386
4.1303,16.0,3.3026444662095984,1.078354554358472,2049.0,2.006856023506366,37.67,-122.46,1.465
4.7813,36.0,5.167701863354037,1.0124223602484472,963.0,2.9906832298136647,37.67,-122.45,2.464
5.3446,35.0,5.553752535496957,1.0324543610547667,1545.0,3.133874239350913,37.66,-122.45,2.633
5.3398,36.0,5.814220183486238,1.0344036697247707,1390.0,3.188073394495413,37.66,-122.46,2.609
3.1927,21.0,3.6355871886121,1.0747330960854091,3288.0,2.3402135231316725,37.66,-122.44,2.526
5.1205,42.0,5.727959697732998,1.080604534005038,1255.0,3.161209068010076,37.67,-122.42,2.263
3.8438,37.0,5.035046728971962,1.0420560747663552,1255.0,2.932242990654206,37.66,-122.41,2.507
4.475,32.0,3.923512747875354,1.0084985835694051,1096.0,3.104815864022663,37.66,-122.41,2.467
3.0052,34.0,3.6564625850340136,1.0816326530612246,906.0,3.0816326530612246,37.66,-122.41,2.425
3.6667,40.0,4.299003322259137,1.0232558139534884,1177.0,3.910299003322259,37.66,-122.41,2.188
4.6103,37.0,3.0844444444444443,0.8355555555555556,658.0,2.9244444444444446,37.66,-122.41,2.375
3.2833,44.0,2.0330188679245285,0.9198113207547168,682.0,3.2169811320754715,37.66,-122.41,2.333
3.5039,32.0,4.205630354957161,1.062423500611995,2583.0,3.1615667074663403,37.65,-122.41,2.324
2.6631,26.0,3.8046783625731,1.0900584795321635,2246.0,2.626900584795321,37.66,-122.42,2.44
3.8565,39.0,4.962795941375423,1.007891770011274,2941.0,3.3156708004509583,37.65,-122.42,2.398
4.8096,16.0,5.512071156289708,1.0374841168996187,5130.0,3.2592121982210926,37.65,-122.46,2.62
4.5938,17.0,5.28978978978979,1.0045045045045045,2150.0,3.2282282282282284,37.64,-122.46,2.512
4.6452,27.0,5.048598130841121,1.031152647975078,5023.0,3.129595015576324,37.65,-122.47,2.362
4.2593,39.0,5.011976047904192,0.997005988023952,1817.0,2.720059880239521,37.65,-122.48,2.274
5.155,31.0,5.03074433656958,1.0048543689320388,1472.0,2.381877022653722,37.63,-122.49,2.639
3.525,34.0,4.296296296296297,0.8950617283950617,398.0,2.45679012345679,37.63,-122.49,2.541
3.2446,31.0,4.228956228956229,1.1043771043771045,785.0,2.643097643097643,37.63,-122.49,2.346
2.9087,27.0,4.258223684210527,1.082236842105263,1386.0,2.2796052631578947,37.63,-122.53,2.282
4.4286,35.0,5.830708661417323,1.0905511811023625,747.0,2.940944881889764,37.62,-122.54,2.621
5.1282,35.0,5.543388429752066,0.981404958677686,1498.0,3.0950413223140494,37.59,-122.49,2.625
4.3542,36.0,6.3112033195020745,1.049792531120332,736.0,3.0539419087136928,37.59,-122.5,2.375
4.25,35.0,6.7392638036809815,1.1319018404907977,971.0,2.978527607361963,37.6,-122.5,2.417
4.5556,34.0,5.710073710073711,0.9901719901719902,2282.0,2.803439803439804,37.57,-122.48,2.49
4.1513,17.0,2.567901234567901,1.0666666666666669,669.0,1.651851851851852,37.61,-122.42,1.375
3.2216,39.0,4.48132183908046,1.089080459770115,1807.0,2.596264367816092,37.62,-122.41,2.427
3.1058,32.0,3.936333699231614,1.0109769484083424,2249.0,2.468715697036224,37.62,-122.4,2.53
2.639,39.0,4.034416826003824,1.008604206500956,2720.0,2.6003824091778203,37.63,-122.41,2.425
2.225,41.0,5.157894736842105,1.0526315789473684,68.0,3.5789473684210527,37.64,-122.42,2.125
3.5214,15.0,3.0499445061043287,1.106548279689234,1447.0,1.605993340732519,37.63,-122.43,1.442
4.2262,37.0,4.362369337979094,0.9581881533101044,878.0,3.059233449477352,37.63,-122.41,2.285
3.0,35.0,3.986175115207373,1.04147465437788,602.0,2.774193548387097,37.63,-122.41,2.291
4.0238,44.0,4.832835820895522,1.0805970149253732,1064.0,3.1761194029850746,37.62,-122.4,2.242
4.4464,38.0,4.874493927125506,1.0850202429149798,921.0,3.7287449392712553,37.64,-122.41,2.154
3.9696,44.0,4.693396226415095,1.0424528301886793,1141.0,2.6910377358490565,37.58,-122.31,2.583
2.7474,43.0,4.418952618453865,1.0523690773067331,1573.0,3.9226932668329177,37.58,-122.33,2.331
3.2891,42.0,4.377551020408164,1.04421768707483,2377.0,4.042517006802721,37.57,-122.32,2.379
3.2285,33.0,4.267339218158891,1.0327868852459017,2626.0,3.3114754098360657,37.57,-122.32,2.348
2.9934,52.0,3.441379310344828,1.0206896551724138,318.0,2.193103448275862,37.57,-122.32,2.563
2.8571,44.0,2.768041237113402,0.8917525773195877,355.0,1.8298969072164948,37.56,-122.32,2.5
3.8317,9.0,4.732510288065844,1.1810699588477367,377.0,1.551440329218107,37.56,-122.32,2.375
3.0833,34.0,3.0764331210191083,0.8343949044585988,291.0,1.853503184713376,37.52,-122.26,2.563
5.3264,46.0,4.941176470588236,1.0955882352941178,351.0,2.5808823529411766,37.51,-122.26,2.581
4.7708,44.0,4.767123287671233,1.082191780821918,154.0,2.1095890410958904,37.5,-122.25,2.538
2.8482,39.0,4.148648648648648,0.918918918918919,1204.0,3.254054054054054,37.48,-122.21,2.472
2.3333,11.0,2.4347826086956523,0.9536231884057972,1338.0,3.878260869565217,37.49,-122.23,2.417
2.2746,24.0,2.9361207897793262,1.099883855981417,2437.0,2.8304297328687573,37.49,-122.21,2.25
2.8058,47.0,3.5497237569060776,1.0814917127071824,3107.0,4.291436464088398,37.48,-122.22,2.295
2.56,34.0,2.761648745519713,1.0465949820788532,1564.0,2.802867383512545,37.48,-122.22,2.5
2.9286,20.0,2.337962962962963,1.0,326.0,1.5092592592592593,37.48,-122.21,2.375
3.0147,37.0,3.95820895522388,1.0,1771.0,5.286567164179105,37.48,-122.21,2.181
5.1654,41.0,5.235714285714286,1.1071428571428572,652.0,4.6571428571428575,37.48,-122.2,2.336
3.4427,30.0,4.814814814814815,1.0617283950617284,610.0,2.5102880658436213,37.48,-122.2,2.635
2.8258,37.0,4.238670694864048,1.1148036253776434,1587.0,4.794561933534744,37.47,-122.2,2.328
2.92,33.0,3.790419161676647,1.2425149700598803,1991.0,5.961077844311378,37.47,-122.21,2.028
3.0472,26.0,3.5754527162977867,1.1167002012072436,1966.0,3.955734406438632,37.47,-122.21,2.11
3.2708,43.0,4.188571428571429,0.9257142857142856,497.0,2.84,37.47,-122.21,2.553
2.5,35.0,3.36697247706422,1.036697247706422,398.0,3.651376146788991,37.47,-122.22,1.667
2.6506,33.0,4.327464788732394,1.0,3091.0,3.6279342723004695,37.47,-122.16,1.626
2.3769,36.0,4.897155361050328,1.048140043763676,1949.0,4.264770240700219,37.48,-122.16,1.573
4.0039,36.0,5.062761506276151,0.98744769874477,981.0,4.104602510460251,37.48,-122.14,1.489
3.7917,36.0,5.579088471849866,1.1045576407506703,1931.0,5.176943699731903,37.47,-122.14,1.606
3.8194,36.0,4.680851063829787,0.9414893617021276,795.0,4.22872340425532,37.48,-122.12,1.594
5.0893,25.0,4.393530997304582,0.9514824797843666,1546.0,4.16711590296496,37.47,-122.13,1.734
2.5294,37.0,4.879256965944273,1.0340557275541795,1385.0,4.287925696594427,37.46,-122.13,1.594
3.7312,35.0,4.602787456445993,1.0452961672473868,1133.0,3.947735191637631,37.46,-122.13,1.596
2.0096,38.0,4.445993031358885,1.0940766550522647,955.0,3.327526132404181,37.45,-122.12,1.557
3.2642,31.0,4.397260273972603,1.1213307240704502,1711.0,3.348336594911937,37.46,-122.13,1.856
4.983,30.0,4.916943521594685,0.9767441860465116,1126.0,3.740863787375415,37.47,-122.13,1.667
2.8868,37.0,4.784397163120567,1.1560283687943262,2909.0,4.126241134751773,37.47,-122.14,1.566
2.7993,37.0,4.422062350119904,0.9160671462829736,1634.0,3.918465227817746,37.47,-122.15,1.455
3.0521,38.0,4.936708860759493,0.9525316455696202,1331.0,4.212025316455696,37.47,-122.15,1.515
2.4375,27.0,3.16505955757232,1.1395348837209305,4165.0,2.3624503686897333,37.46,-122.14,1.89
5.5073,6.0,4.749585406301824,1.064676616915423,1404.0,2.328358208955224,34.45,-119.75,2.638
2.3454,33.0,2.8876404494382024,1.0589887640449438,753.0,2.115168539325843,34.43,-119.72,2.438
2.1974,18.0,3.3815028901734103,1.0751445086705202,681.0,1.9682080924855487,34.43,-119.71,2.55
2.5104,30.0,3.916923076923077,1.0553846153846154,1082.0,3.329230769230769,34.43,-119.69,2.281
2.9896,33.0,4.406741573033708,1.0382022471910113,1693.0,3.804494382022472,34.43,-119.68,2.36
3.5208,49.0,4.697368421052632,1.0157894736842106,1267.0,3.3342105263157893,34.43,-119.68,2.512
2.707,38.0,4.270588235294118,1.0411764705882354,1139.0,3.35,34.42,-119.68,2.368
2.3681,39.0,3.922459893048128,1.018716577540107,1404.0,3.7540106951871657,34.43,-119.67,2.414
2.0643,37.0,3.751121076233184,0.9955156950672646,1477.0,3.311659192825112,34.42,-119.67,2.467
2.5947,23.0,3.4986876640419946,1.031496062992126,1369.0,3.593175853018373,34.42,-119.67,2.326
1.2762,17.0,3.4323308270676693,1.0225563909774436,1325.0,2.4906015037593985,34.42,-119.69,2.536
2.5978,52.0,2.649122807017544,0.9824561403508772,392.0,3.43859649122807,34.42,-119.69,2.583
1.4851,52.0,3.1909722222222223,1.2013888888888888,851.0,1.4774305555555556,34.42,-119.71,2.375
2.925,49.0,3.795620437956204,1.0608272506082723,1041.0,2.5328467153284677,34.42,-119.71,2.469
2.16,39.0,3.708860759493671,1.018987341772152,606.0,1.9177215189873416,34.42,-119.71,2.591
2.2097,50.0,3.111111111111111,1.0333333333333334,488.0,1.8074074074074076,34.42,-119.71,2.583
2.675,43.0,3.349442379182156,1.0353159851301117,1490.0,2.7695167286245352,34.42,-119.7,2.479
2.2069,52.0,3.398663697104677,1.0200445434298442,1633.0,3.636971046770601,34.41,-119.7,2.265
3.5905,37.0,4.007352941176471,1.0465686274509804,1027.0,2.517156862745098,34.42,-119.72,2.647
2.6019,31.0,3.829145728643216,0.9623115577889448,1257.0,3.158291457286432,34.42,-119.72,2.5
2.6983,49.0,4.586894586894587,1.0541310541310542,961.0,2.737891737891738,34.42,-119.72,2.601
4.0125,52.0,4.375621890547263,0.9626865671641792,980.0,2.437810945273632,34.42,-119.72,2.61
4.1062,52.0,4.611111111111111,1.0588235294117647,1091.0,3.565359477124183,34.42,-119.71,2.529
2.5506,23.0,3.6280701754385967,1.1543859649122807,1898.0,3.329824561403509,34.42,-119.71,2.308
2.6538,31.0,3.357142857142857,1.0357142857142858,997.0,3.237012987012987,34.41,-119.71,2.318
3.6823,18.0,4.003267973856209,1.0359477124183007,694.0,2.2679738562091503,34.41,-119.71,2.55
2.6607,19.0,2.872340425531915,0.851063829787234,1349.0,3.189125295508274,34.41,-119.7,2.265
2.8042,19.0,3.935849056603773,1.0849056603773586,1701.0,3.209433962264151,34.41,-119.7,2.361
2.303,27.0,4.284023668639053,1.1952662721893492,978.0,2.893491124260355,34.43,-119.73,2.61
2.6397,23.0,4.098550724637681,1.0579710144927537,889.0,2.576811594202898,34.39,-119.52,2.5
3.2125,20.0,4.398081534772182,1.143884892086331,1305.0,3.129496402877698,34.4,-119.52,2.51
3.1389,14.0,4.578082191780822,1.0493150684931507,1079.0,2.956164383561644,34.4,-119.53,2.487
3.9224,17.0,5.00216684723727,1.0639219934994584,2303.0,2.495124593716143,34.39,-119.49,2.306
3.2569,14.0,5.438818565400844,1.1687763713080168,693.0,2.9240506329113924,34.72,-120.27,2.308
3.1912,25.0,5.942222222222222,0.9733333333333334,671.0,2.982222222222222,34.62,-120.18,2.264
4.4519,14.0,5.424180327868853,1.055327868852459,1487.0,3.047131147540984,34.63,-120.2,2.279
3.8582,15.0,4.7941653160453805,1.1183144246353325,1348.0,2.184764991896272,34.61,-120.2,2.152
2.9479,22.0,5.222493887530562,1.136919315403423,1143.0,2.7946210268948657,34.6,-120.14,2.431
4.2026,24.0,5.617543859649123,0.9894736842105264,731.0,2.5649122807017544,34.59,-120.14,2.598
5.299,12.0,7.214932126696833,1.0475113122171946,1200.0,2.7149321266968327,34.91,-120.44,2.268
2.56,16.0,4.395061728395062,0.9074074074074074,355.0,2.191358024691358,34.91,-120.45,1.5
3.0559,20.0,5.803625377643504,0.9516616314199396,2490.0,3.761329305135952,34.9,-120.48,1.201
5.038,13.0,5.958762886597938,0.9072164948453608,1084.0,2.7938144329896906,34.87,-120.44,1.94
4.8185,26.0,5.96,0.9625,1323.0,3.3075,34.85,-120.4,1.579
4.375,15.0,5.373626373626373,1.0274725274725274,407.0,2.2362637362637363,34.86,-120.41,1.58
4.3125,17.0,6.706131078224101,1.069767441860465,1538.0,3.251585623678647,34.86,-120.43,1.681
3.8203,17.0,6.1923076923076925,1.1121794871794872,874.0,2.801282051282051,34.86,-120.43,1.415
3.2135,4.0,5.764026402640264,1.0041254125412542,2801.0,2.311056105610561,34.91,-120.42,2.127
3.5391,27.0,5.835260115606936,1.023121387283237,1029.0,2.9739884393063583,34.9,-120.43,1.447
4.1058,30.0,6.368,1.048,1117.0,2.978666666666667,34.9,-120.43,1.64
3.5288,8.0,5.733455882352941,1.1397058823529411,1159.0,2.130514705882353,34.88,-120.41,1.655
5.0099,24.0,7.137809187279152,1.0848056537102473,855.0,3.021201413427562,34.89,-120.42,1.625
5.0286,30.0,6.184375,1.06875,999.0,3.121875,34.89,-120.43,1.58
4.6694,28.0,6.181425485961123,1.0323974082073435,1384.0,2.9892008639308854,34.89,-120.43,1.582
5.0113,22.0,6.935483870967742,1.0241935483870968,1149.0,3.088709677419355,34.88,-120.43,1.586
4.8359,18.0,6.557591623036649,0.9842931937172776,1162.0,3.0418848167539267,34.87,-120.42,1.957
4.6648,21.0,6.036827195467422,0.9320113314447592,1094.0,3.09915014164306,34.87,-120.43,1.93
3.9871,26.0,6.387218045112782,1.0225563909774436,799.0,3.0037593984962405,34.87,-120.43,1.577
5.0639,4.0,6.467486818980668,0.9824253075571178,1678.0,2.9490333919156413,34.88,-120.41,2.017
4.9766,10.0,6.887147335423197,1.031347962382445,1064.0,3.335423197492163,34.87,-120.4,1.996
5.062,32.0,7.106761565836299,1.1281138790035588,866.0,3.0818505338078293,34.87,-120.41,1.589
4.9028,15.0,6.391666666666667,1.0458333333333334,761.0,3.1708333333333334,34.87,-120.41,1.936
1.7431,52.0,5.0398550724637685,1.039855072463768,632.0,2.289855072463768,34.95,-120.42,1.315
3.1078,33.0,5.327073552425665,1.1126760563380282,1579.0,2.4710485133020343,34.95,-120.42,1.467
2.3506,50.0,4.878411910669975,1.0248138957816375,985.0,2.444168734491315,34.95,-120.43,1.361
3.6815,43.0,6.516129032258065,1.1096774193548389,692.0,2.232258064516129,34.95,-120.43,1.818
2.7188,32.0,5.511627906976744,1.067829457364341,1337.0,2.5910852713178296,34.94,-120.42,1.337
2.8649,4.0,4.958477508650519,1.1211072664359862,1311.0,2.2681660899653977,34.93,-120.43,1.865
3.285,10.0,5.302491103202847,1.0409252669039146,1593.0,2.8345195729537367,34.93,-120.43,2.183
3.6639,21.0,5.584016393442623,1.0532786885245902,1466.0,3.0040983606557377,34.98,-120.43,1.286
4.0125,28.0,5.154676258992806,0.9712230215827338,1001.0,3.6007194244604315,34.97,-120.43,1.301
4.4342,20.0,5.310126582278481,0.971518987341772,840.0,2.6582278481012658,34.96,-120.42,1.607
4.8155,24.0,6.631961259079903,1.0024213075060533,1171.0,2.835351089588378,34.96,-120.43,1.629
2.0673,24.0,4.409313725490196,1.1519607843137254,1416.0,3.4705882352941178,34.96,-120.43,1.369
3.6212,31.0,6.15034965034965,1.062937062937063,1386.0,2.423076923076923,34.96,-120.42,1.514
2.212,19.0,4.47953216374269,0.9961013645224172,1246.0,2.4288499025341133,34.96,-120.42,1.32
1.0349,19.0,4.563106796116505,1.225242718446602,1291.0,2.5067961165048542,34.96,-120.43,1.308
4.125,18.0,5.583815028901734,1.0115606936416186,1071.0,3.0953757225433525,34.97,-120.42,1.398
4.2125,16.0,5.820253164556962,1.020253164556962,1245.0,3.151898734177215,34.96,-120.41,1.483
4.5066,14.0,6.121301775147929,1.014792899408284,1240.0,3.668639053254438,34.96,-120.42,1.498
4.0431,9.0,5.740816326530612,1.0040816326530613,1144.0,2.3346938775510204,34.96,-120.38,2.268
4.65,21.0,7.485232067510548,1.109704641350211,724.0,3.054852320675105,34.96,-120.41,1.525
4.5536,9.0,6.534939759036145,1.0313253012048194,1116.0,2.689156626506024,34.96,-120.41,1.901
5.0206,8.0,6.5,0.986206896551724,835.0,2.8793103448275863,34.95,-120.4,2.61
3.0723,6.0,6.269858541893362,1.2132752992383025,2551.0,2.7758433079434166,34.98,-120.47,1.373
3.0368,25.0,4.948453608247423,0.979381443298969,1434.0,3.695876288659794,34.97,-120.45,1.293
3.7679,10.0,5.313725490196078,0.9915966386554622,1353.0,3.7899159663865545,34.97,-120.45,1.313
2.5556,11.0,5.825112107623318,1.2556053811659194,1158.0,5.192825112107624,34.96,-120.45,1.292
2.875,26.0,5.1697612732095495,1.0503978779840848,1575.0,4.177718832891247,34.96,-120.45,1.214
3.1576,24.0,5.234177215189874,1.0042194092827004,1101.0,2.3227848101265822,34.94,-120.44,1.472
1.6875,29.0,3.815040650406504,1.048780487804878,1634.0,3.321138211382114,34.94,-120.44,1.227
2.2538,7.0,3.2222222222222223,1.159041394335512,1057.0,2.3028322440087146,34.95,-120.45,1.625
3.6422,26.0,4.3539094650205765,0.9547325102880658,891.0,3.6666666666666665,34.94,-120.45,1.206
4.3162,26.0,5.6938775510204085,0.961038961038961,1524.0,2.8274582560296846,34.7,-120.48,1.364
1.9444,26.0,4.468809073724008,1.1417769376181477,1520.0,2.873345935727788,34.64,-120.46,1.294
3.071,8.0,4.5962962962962965,1.0851851851851853,1427.0,2.6425925925925924,34.64,-120.47,1.204
2.4583,31.0,5.325925925925926,1.1851851851851851,816.0,3.022222222222222,34.65,-120.47,1.281
4.6023,8.0,5.917293233082707,0.9473684210526316,446.0,3.3533834586466167,34.64,-120.44,1.634
3.8512,30.0,5.189309576837417,0.9398663697104676,1255.0,2.7951002227171493,34.64,-120.45,1.346
3.0352,27.0,4.9650092081031305,1.14548802946593,1322.0,2.434622467771639,34.64,-120.45,1.354
2.3333,32.0,5.816976127320955,1.1405835543766578,1074.0,2.848806366047745,34.65,-120.47,1.302
4.2875,16.0,5.900462962962963,0.9907407407407408,1486.0,3.439814814814815,34.65,-120.47,1.507
3.3203,27.0,5.8671875,0.9947916666666666,1197.0,3.1171875,34.65,-120.45,1.347
1.975,30.0,4.808917197452229,1.0870488322717622,1402.0,2.976645435244161,34.65,-120.44,1.34
1.9257,27.0,4.20303605313093,1.096774193548387,1544.0,2.9297912713472485,34.65,-120.45,1.353
3.1442,21.0,4.709163346613546,0.9681274900398408,733.0,2.9203187250996017,34.65,-120.45,1.316
2.9271,48.0,5.046594982078853,1.0788530465949822,682.0,2.4444444444444446,34.63,-120.46,1.466
2.3804,37.0,6.238970588235294,1.2279411764705883,740.0,2.7205882352941178,34.64,-120.46,1.48
3.4063,16.0,4.585131894484412,0.973621103117506,1009.0,2.419664268585132,34.64,-120.47,1.38
3.7778,34.0,5.700665188470066,1.106430155210643,1105.0,2.450110864745011,34.64,-120.45,1.5
4.5486,32.0,5.525525525525525,0.927927927927928,828.0,2.4864864864864864,34.63,-120.45,1.724
4.5417,22.0,5.561101549053356,0.9449225473321858,1739.0,2.993115318416524,34.66,-120.44,1.424
4.7875,7.0,7.365044247787611,1.1150442477876106,1462.0,3.234513274336283,34.66,-120.45,1.983
3.0081,5.0,4.699029126213592,1.135922330097087,1302.0,2.1067961165048543,34.66,-120.46,1.352
4.9237,4.0,6.310280373831776,0.9813084112149532,1684.0,3.147663551401869,34.66,-120.47,1.666
2.5667,40.0,6.5120481927710845,1.1897590361445782,1010.0,3.0421686746987957,34.52,-120.39,2.393
4.1563,4.0,5.645833333333333,0.9851190476190476,915.0,2.7232142857142856,34.66,-120.48,1.726
4.4628,26.0,6.059561128526646,0.9905956112852664,1001.0,3.1379310344827585,34.65,-120.48,1.344
4.9286,25.0,6.735537190082645,1.0137741046831956,983.0,2.7079889807162534,34.63,-120.45,1.801
3.7917,23.0,5.624423963133641,1.066820276497696,1392.0,3.207373271889401,34.63,-120.47,1.422
5.3765,15.0,6.502976190476191,1.1488095238095235,827.0,2.461309523809524,34.74,-120.46,2.231
6.4678,21.0,7.325490196078431,1.0509803921568628,522.0,2.047058823529412,34.71,-120.45,2.493
4.9292,17.0,6.802884615384615,1.0336538461538465,1035.0,2.487980769230769,34.71,-120.46,2.072
4.4595,24.0,6.24869109947644,1.0078534031413613,1051.0,2.75130890052356,34.7,-120.47,1.527
5.6177,21.0,6.888586956521739,1.0407608695652173,1012.0,2.75,34.71,-120.47,1.838
3.87,26.0,6.048843187660668,1.0,1420.0,3.650385604113111,34.7,-120.43,1.258
3.6023,33.0,5.737430167597766,1.041899441340782,1067.0,2.980446927374301,34.69,-120.43,1.283
1.179,23.0,2.3887973640856672,1.057660626029654,1258.0,2.072487644151565,34.42,-119.86,2.25
2.2647,25.0,4.392628205128205,0.998397435897436,2272.0,3.641025641025641,34.4,-119.88,2.167
3.3026,14.0,3.980676328502416,1.103059581320451,1292.0,2.080515297906602,34.43,-119.88,2.295
3.75,16.0,3.9819494584837543,0.9765342960288808,1227.0,2.214801444043321,34.43,-119.88,2.231
5.5954,27.0,6.401084010840108,1.0745257452574526,2394.0,3.2439024390243905,34.44,-119.88,2.614
2.1471,26.0,4.52924791086351,1.0445682451253482,1580.0,4.401114206128134,34.38,-119.86,1.875
3.0875,26.0,4.725543478260869,1.0923913043478262,599.0,1.627717391304348,34.44,-119.83,1.984
3.2115,14.0,3.36013986013986,1.0664335664335665,662.0,2.3146853146853146,34.44,-119.81,2.063
3.6034,16.0,3.220956719817768,1.0546697038724373,793.0,1.806378132118451,34.44,-119.82,1.5
2.7689,28.0,3.913555992141454,1.043222003929273,1622.0,3.1866404715127703,34.44,-119.82,2.282
2.1389,35.0,3.09727626459144,1.093385214007782,567.0,2.2062256809338523,34.44,-119.83,2.6
2.1417,31.0,2.6511627906976742,1.149501661129568,699.0,2.3222591362126246,34.43,-119.83,2.05
2.7333,38.0,3.9209621993127146,1.1443298969072164,1028.0,3.532646048109965,37.36,-121.9,1.825
2.8971,37.0,4.077540106951871,0.9705882352941176,1075.0,2.874331550802139,37.36,-121.89,1.861
3.7396,30.0,4.628301886792453,1.0811320754716982,1845.0,3.481132075471698,37.36,-121.88,2.107
3.2083,44.0,4.569863013698631,1.0410958904109588,1143.0,3.1315068493150684,37.35,-121.89,1.819
2.9545,47.0,4.195833333333334,1.0208333333333333,581.0,2.4208333333333334,37.36,-121.9,2.375
2.7411,52.0,4.63677130044843,1.0717488789237668,531.0,2.381165919282511,37.35,-121.9,2.271
3.25,42.0,3.413114754098361,1.0262295081967212,1396.0,2.2885245901639344,37.35,-121.9,1.853
3.5966,50.0,5.2952755905511815,1.1299212598425197,791.0,3.1141732283464565,37.34,-121.9,2.458
2.619,52.0,3.765625,1.078125,385.0,6.015625,37.34,-121.9,2.125
3.0139,35.0,3.606060606060606,1.2121212121212122,377.0,3.808080808080808,37.34,-121.92,2.042
3.6389,42.0,3.994296577946768,0.9961977186311788,1212.0,2.304182509505704,37.34,-121.92,2.392
2.8042,35.0,3.895017793594306,1.0800711743772242,1193.0,2.122775800711744,37.34,-121.91,2.409
2.9853,28.0,3.242857142857143,1.05,366.0,2.6142857142857143,37.33,-121.91,1.875
4.05,34.0,4.191489361702128,0.9361702127659576,152.0,3.234042553191489,37.33,-121.9,2.0
2.894,52.0,4.157894736842105,1.0582706766917294,1195.0,2.2462406015037595,37.33,-121.91,2.095
0.7068,49.0,2.0822784810126582,1.0063291139240509,467.0,1.4778481012658229,37.33,-121.89,2.0
4.226,11.0,3.718840579710145,1.1304347826086956,718.0,2.081159420289855,37.33,-121.9,1.667
2.5,52.0,4.804761904761905,1.1,929.0,4.423809523809524,37.33,-121.9,1.625
1.2887,40.0,2.848987108655617,1.1510128913443831,1493.0,2.7495395948434624,37.34,-121.88,2.125
2.8798,6.0,2.6840215439856374,0.9910233393177738,1087.0,1.9515260323159784,37.33,-121.89,2.25
2.0972,36.0,3.0126582278481013,1.0901898734177216,3561.0,5.634493670886076,37.33,-121.88,1.875
2.5673,48.0,3.683962264150944,1.035377358490566,1469.0,3.464622641509434,37.35,-121.89,1.775
2.1714,46.0,3.235135135135135,1.1243243243243244,898.0,2.427027027027027,37.34,-121.89,1.906
1.6708,43.0,3.324766355140187,1.091121495327103,1013.0,2.366822429906542,37.34,-121.89,2.042
2.1442,52.0,3.948863636363636,1.036931818181818,921.0,2.616477272727273,37.34,-121.88,1.889
4.2149,42.0,4.933806146572104,0.950354609929078,1342.0,3.1725768321513,37.36,-121.88,1.99
3.5781,49.0,4.419437340153452,0.8951406649616368,1146.0,2.9309462915601023,37.35,-121.88,1.93
3.2599,47.0,4.750825082508251,1.0412541254125414,2229.0,3.6782178217821775,37.35,-121.89,1.831
2.925,43.0,4.85655737704918,1.213114754098361,933.0,3.823770491803279,37.35,-121.89,1.708
2.0549,44.0,3.8976833976833976,1.1872586872586872,1243.0,2.3996138996139,37.35,-121.89,1.938
4.2381,43.0,4.8053097345132745,0.9690265486725664,715.0,3.163716814159292,37.35,-121.88,1.935
3.2793,37.0,4.526011560693641,1.083815028901734,1223.0,3.534682080924856,37.35,-121.87,1.745
2.4196,44.0,3.874617737003058,1.0795107033639144,1018.0,3.1131498470948014,37.34,-121.88,1.944
2.8167,52.0,4.145985401459854,1.0170316301703164,1336.0,3.2506082725060828,37.35,-121.88,1.835
2.9222,27.0,3.6649214659685865,1.0848167539267015,3019.0,3.161256544502618,37.35,-121.87,1.537
2.4968,46.0,4.374622356495468,0.9969788519637462,1094.0,3.305135951661631,37.35,-121.86,1.741
2.3277,52.0,3.587557603686636,0.976958525345622,1580.0,3.640552995391705,37.35,-121.87,1.837
2.5947,29.0,3.217815741305674,0.9914582062233068,6234.0,3.8035387431360586,37.34,-121.86,1.773
3.0089,40.0,5.246543778801843,1.1705069124423964,1718.0,3.95852534562212,37.34,-121.86,1.852
2.375,41.0,2.1467391304347827,0.8913043478260869,549.0,2.983695652173913,37.33,-121.88,1.75
1.473,35.0,3.069767441860465,1.0734883720930233,3120.0,2.902325581395349,37.33,-121.88,2.136
2.8594,45.0,3.455072463768116,1.0753623188405796,1084.0,3.1420289855072463,37.33,-121.88,2.059
2.2583,42.0,3.761764705882353,1.0529411764705885,1254.0,3.6882352941176473,37.33,-121.89,1.925
2.8864,34.0,4.716279069767442,1.1441860465116278,952.0,4.427906976744186,37.32,-121.89,1.725
2.6607,30.0,3.8215384615384616,1.04,1438.0,4.424615384615384,37.32,-121.88,1.693
2.7546,40.0,3.4215938303341904,0.961439588688946,1276.0,3.2802056555269923,37.32,-121.88,1.725
2.1149,43.0,5.364077669902913,1.1699029126213591,982.0,4.766990291262136,37.32,-121.89,1.849
3.2317,41.0,3.8616600790513833,1.0474308300395256,865.0,3.41897233201581,37.32,-121.89,1.848
4.3882,52.0,5.125964010282776,1.038560411311054,1014.0,2.6066838046272496,37.31,-121.89,2.236
3.7738,48.0,4.378006872852234,1.075601374570447,971.0,3.336769759450172,37.32,-121.9,2.206
3.0096,42.0,3.8107142857142855,0.9142857142857144,608.0,2.1714285714285717,37.32,-121.91,1.808
2.5804,16.0,3.7257861635220126,1.129559748427673,1555.0,1.955974842767296,37.31,-121.91,2.163
2.5833,52.0,3.208791208791209,1.0813186813186813,1165.0,2.56043956043956,37.32,-121.93,1.675
2.1902,37.0,3.1340996168582373,1.0306513409961686,576.0,2.206896551724138,37.33,-121.94,2.5
4.8519,46.0,5.470982142857143,1.0535714285714286,1163.0,2.595982142857143,37.32,-121.94,2.258
3.0,51.0,3.744475138121547,1.0055248618784531,1607.0,2.2196132596685083,37.32,-121.93,1.847
3.5256,39.0,3.073529411764706,0.9338235294117648,704.0,2.588235294117647,37.32,-121.92,1.926
2.4207,31.0,3.850202429149797,1.1214574898785423,1485.0,3.006072874493927,37.32,-121.92,1.656
2.3633,28.0,3.5587734241908007,1.091993185689949,1666.0,2.838160136286201,37.32,-121.92,1.984
4.2614,50.0,5.483091787439614,1.038647342995169,500.0,2.415458937198068,37.32,-121.93,2.113
5.2642,5.0,4.709163346613546,1.151394422310757,1102.0,2.195219123505976,37.31,-121.94,2.464
2.7153,16.0,5.582914572864322,1.135678391959799,317.0,1.592964824120603,37.3,-121.93,2.333
2.8981,26.0,3.0994318181818183,1.0,1638.0,2.3267045454545454,37.31,-121.93,2.298
5.2769,34.0,5.374233128834356,0.9202453987730062,424.0,2.6012269938650308,37.31,-121.92,2.411
3.1107,26.0,4.375168690958165,1.0526315789473684,2100.0,2.834008097165992,37.31,-121.92,2.479
2.6573,29.0,3.4511278195488724,1.0776942355889725,969.0,2.4285714285714284,37.31,-121.93,2.528
4.0524,13.0,4.074949358541526,1.047265361242404,2946.0,1.9891964888588791,37.31,-121.92,2.139
4.0653,14.0,3.850920245398773,1.0687116564417178,3025.0,1.855828220858896,37.3,-121.93,2.342
3.3682,40.0,6.045901639344263,1.1147540983606556,719.0,2.357377049180328,37.31,-121.89,2.352
4.5795,28.0,6.025390625,1.078125,1277.0,2.494140625,37.31,-121.88,2.628
3.7455,47.0,4.871125611745514,1.0228384991843391,1399.0,2.282218597063621,37.31,-121.89,2.474
4.325,42.0,4.799485861182519,1.0231362467866325,927.0,2.3830334190231364,37.3,-121.88,2.47
4.1674,10.0,3.9686323713927223,1.0439146800501882,1537.0,1.928481806775408,37.28,-121.93,2.14
3.6294,18.0,3.498795180722892,1.0714859437751003,1968.0,1.580722891566265,37.28,-121.94,2.4
3.662,23.0,4.008298755186722,1.1452282157676348,997.0,2.0684647302904566,37.27,-121.94,2.119
3.9265,39.0,5.885714285714286,1.0914285714285714,537.0,3.0685714285714285,37.27,-121.94,2.369
4.9236,43.0,5.220843672456576,0.9627791563275434,1137.0,2.8213399503722085,37.26,-121.94,2.38
4.6758,21.0,5.451063829787234,1.0156028368794323,1850.0,2.624113475177305,37.26,-121.94,2.642
5.2,10.0,5.043296089385475,1.121508379888268,1599.0,2.233240223463687,37.26,-121.95,2.487
5.5121,34.0,6.024390243902439,1.0365853658536586,584.0,2.3739837398373984,37.26,-121.95,2.647
4.5208,33.0,5.510548523206751,1.0928270042194093,762.0,3.2151898734177213,37.26,-121.92,2.307
4.9662,36.0,6.062597809076682,1.02660406885759,1826.0,2.857589984350548,37.25,-121.92,2.585
4.9205,31.0,5.820359281437126,1.026946107784431,975.0,2.9191616766467066,37.25,-121.91,2.405
4.5625,33.0,5.867620751341682,1.0178890876565294,1583.0,2.8318425760286225,37.27,-121.92,2.535
6.0196,35.0,5.638297872340425,1.0486322188449848,985.0,2.9939209726443767,37.27,-121.93,2.551
5.0062,30.0,5.715025906735751,1.116580310880829,2168.0,2.8082901554404147,37.27,-121.91,2.32
5.0714,33.0,5.799319727891157,0.9914965986394558,1739.0,2.957482993197279,37.27,-121.9,2.556
5.7385,28.0,5.538775510204082,1.0244897959183674,1389.0,2.8346938775510204,37.25,-121.9,2.404
4.6845,20.0,5.187322611163671,1.0208136234626302,2892.0,2.7360454115421,37.25,-121.9,2.5
5.4609,28.0,6.80359820089955,1.0269865067466266,1996.0,2.992503748125937,37.27,-121.9,2.636
5.4675,32.0,6.169934640522876,1.0130718954248366,1790.0,2.9248366013071894,37.26,-121.91,2.611
3.5625,32.0,5.016372795969773,1.1032745591939546,1989.0,2.505037783375315,37.26,-121.91,2.552
5.5,26.0,5.735384615384615,1.0184615384615383,956.0,2.9415384615384617,37.26,-121.89,2.317
3.8893,25.0,4.576399394856279,1.042360060514372,1755.0,2.655068078668684,37.26,-121.88,2.186
3.8047,13.0,4.079741379310345,1.049568965517241,1018.0,2.1939655172413794,37.26,-121.88,2.047
3.8936,13.0,4.12807881773399,1.1600985221674878,710.0,1.748768472906404,37.26,-121.88,2.259
2.8636,24.0,3.872,0.96,631.0,2.524,37.25,-121.88,2.403
5.2887,21.0,6.4,1.083076923076923,1040.0,3.2,37.25,-121.89,2.645
4.7069,26.0,5.135693215339233,0.952802359882006,1007.0,2.970501474926253,37.25,-121.89,2.348
5.8479,25.0,6.611553784860558,1.0577689243027888,1560.0,3.1075697211155378,37.26,-121.89,2.633
5.2088,28.0,6.701357466063349,1.158371040723982,688.0,3.1131221719457014,37.27,-121.89,2.409
2.6818,39.0,4.032894736842105,1.0328947368421053,1528.0,3.3508771929824563,37.32,-121.87,1.849
2.7031,36.0,4.512269938650307,1.1042944785276074,1182.0,3.625766871165644,37.32,-121.87,1.758
2.6386,38.0,3.371698113207547,0.958490566037736,2113.0,3.986792452830189,37.32,-121.88,1.776
3.2806,45.0,4.30544747081712,1.0972762645914398,1920.0,3.735408560311284,37.32,-121.88,1.642
2.3293,28.0,4.071090047393365,0.943127962085308,455.0,2.156398104265403,37.3,-121.87,2.159
3.6802,6.0,4.200221238938053,1.0884955752212389,2437.0,2.6957964601769917,37.31,-121.87,1.524
2.6763,16.0,3.953010279001469,1.0998531571218797,1674.0,2.458149779735683,37.3,-121.88,1.911
4.3621,13.0,4.752830188679245,1.0962264150943395,2094.0,3.950943396226415,37.32,-121.86,1.734
2.6,19.0,4.043557168784029,1.014519056261343,2845.0,5.163339382940109,37.33,-121.85,1.728
3.6953,14.0,4.148308135349172,1.107271418286537,3979.0,2.864650827933765,37.32,-121.84,1.926
2.8024,16.0,3.5517241379310347,1.0392390011890609,4241.0,5.042806183115339,37.33,-121.85,1.279
4.5208,19.0,5.485074626865671,1.1791044776119404,597.0,4.455223880597015,37.33,-121.85,1.881
4.3419,22.0,5.688679245283019,1.0962264150943395,2491.0,4.7,37.32,-121.84,1.763
5.3363,16.0,4.529126213592233,0.883495145631068,1835.0,4.453883495145631,37.32,-121.84,2.128
2.3715,18.0,3.421338155515371,1.027124773960217,974.0,1.7613019891500905,37.29,-121.87,2.28
3.9688,21.0,4.714693295292439,1.0684736091298146,2459.0,3.507845934379458,37.28,-121.87,2.496
4.1444,14.0,5.116279069767442,1.0149501661129567,2472.0,2.053156146179402,37.29,-121.86,1.784
3.1964,16.0,4.312594840667678,1.0515933232169954,4203.0,3.188922610015174,37.3,-121.83,1.858
2.7768,19.0,4.280354706684856,1.0545702592087312,4312.0,2.941336971350614,37.3,-121.85,1.786
4.775,24.0,5.560457516339869,1.0718954248366013,2829.0,4.622549019607843,37.29,-121.84,1.919
4.3851,4.0,4.416541353383459,0.974436090225564,1780.0,2.6766917293233083,37.29,-121.84,1.604
3.925,18.0,4.90017825311943,1.1283422459893049,1779.0,3.171122994652406,37.28,-121.84,1.661
5.6058,19.0,6.033998920669185,1.02266594711279,7817.0,4.21856449001619,37.31,-121.83,2.327
4.5,17.0,5.986175115207374,0.9723502304147466,825.0,3.80184331797235,37.3,-121.83,2.358
6.2907,15.0,5.974924774322969,1.0401203610832497,3838.0,3.849548645937813,37.29,-121.81,2.531
5.7078,17.0,5.395734597156398,1.014218009478673,1887.0,4.471563981042654,37.28,-121.81,2.17
5.0709,33.0,6.048421052631579,1.0294736842105263,1946.0,4.096842105263158,37.28,-121.82,1.764
4.5943,10.0,4.469437652811736,1.1075794621026895,1356.0,3.315403422982885,37.29,-121.83,1.235
3.9009,33.0,4.272030651340996,0.9578544061302682,1168.0,4.475095785440613,37.28,-121.83,1.786
3.1042,19.0,3.3897435897435897,1.067948717948718,2317.0,2.9705128205128206,37.28,-121.83,1.831
4.2361,31.0,4.962962962962963,0.8703703703703703,1336.0,4.948148148148148,37.28,-121.82,1.795
4.2589,20.0,5.06140350877193,1.0109649122807018,2223.0,4.875,37.29,-121.83,1.91
5.0225,16.0,5.332480818414322,1.0076726342710998,1705.0,4.360613810741688,37.29,-121.82,2.228
2.5652,17.0,3.1608040201005023,1.1122278056951425,1906.0,3.1926298157453936,37.32,-121.83,1.653
3.7102,22.0,4.764568764568764,0.9370629370629372,1925.0,4.487179487179487,37.31,-121.82,1.775
5.5145,15.0,5.168384879725086,1.0103092783505154,1267.0,4.353951890034364,37.31,-121.82,2.194
3.1382,14.0,4.956442831215971,1.0490018148820326,1109.0,2.0127041742286758,37.31,-121.81,1.397
4.4792,15.0,4.981627296587926,1.036745406824147,1527.0,4.007874015748032,37.31,-121.81,2.125
4.1165,26.0,4.9375,0.998046875,2677.0,5.228515625,37.32,-121.81,1.649
3.135,10.0,4.028938906752412,1.0016077170418007,2634.0,4.234726688102894,37.32,-121.82,2.314
4.3782,23.0,5.204761904761905,1.0269841269841269,2582.0,4.098412698412698,37.33,-121.82,1.758
4.825,26.0,5.257009345794392,0.9813084112149532,943.0,4.406542056074766,37.32,-121.83,1.81
5.2088,25.0,5.885304659498208,1.064516129032258,1146.0,4.10752688172043,37.34,-121.8,2.314
5.8068,20.0,6.632098765432099,1.022222222222222,1507.0,3.720987654320988,37.34,-121.8,2.639
4.9318,20.0,6.247678018575852,1.015479876160991,1196.0,3.7027863777089776,37.34,-121.79,2.624
5.614,15.0,5.854736842105263,1.048421052631579,1389.0,2.9242105263157896,37.35,-121.8,2.233
5.6345,18.0,5.624610591900312,0.956386292834891,2381.0,3.708722741433022,37.33,-121.79,2.31
5.6817,20.0,4.936127744510978,0.9500998003992016,2228.0,4.447105788423154,37.32,-121.8,2.242
4.8092,23.0,5.645061728395062,1.067901234567901,1277.0,3.941358024691358,37.32,-121.8,2.174
4.7027,14.0,4.951739618406285,1.037037037037037,2698.0,3.028058361391695,37.32,-121.8,2.276
5.5336,6.0,4.905335628227195,0.965576592082616,2160.0,3.717728055077453,37.32,-121.79,2.419
6.2742,20.0,7.055813953488372,1.0488372093023255,1669.0,3.881395348837209,37.32,-121.79,2.413
4.9769,14.0,5.389048991354467,1.0028818443804035,1214.0,3.4985590778097984,37.3,-121.81,1.865
5.7843,15.0,4.835579514824798,0.9865229110512128,1533.0,4.132075471698113,37.31,-121.81,2.099
4.5045,15.0,5.299120234604105,1.1085043988269794,1277.0,3.744868035190616,37.31,-121.8,1.645
4.8173,16.0,6.121621621621622,1.0067567567567568,605.0,4.087837837837838,37.3,-121.8,2.356
5.5248,15.0,5.559077809798271,0.9942363112391932,1683.0,4.85014409221902,37.3,-121.81,2.356
5.0543,21.0,6.760925449871466,1.1465295629820051,1789.0,4.598971722365039,37.31,-121.8,2.32
5.1149,22.0,5.696891191709844,0.9352331606217616,1270.0,3.290155440414508,37.31,-121.79,2.357
5.9399,10.0,6.0364238410596025,1.0485651214128036,3083.0,3.402869757174393,37.3,-121.79,2.419
4.9097,17.0,5.365853658536586,1.048780487804878,431.0,3.5040650406504064,37.28,-121.76,2.41
2.5052,23.0,4.582697201017812,1.0559796437659033,548.0,1.3944020356234097,37.3,-121.75,1.337
4.3365,15.0,5.02027027027027,1.0472972972972974,455.0,1.537162162162162,37.29,-121.75,2.21
4.0929,33.0,4.73953488372093,0.8883720930232558,938.0,4.362790697674418,37.34,-121.84,1.65
4.1146,28.0,4.842271293375394,1.0410094637223974,1937.0,6.110410094637224,37.33,-121.84,1.601
3.6765,26.0,4.649038461538462,0.9807692307692308,2059.0,4.949519230769231,37.33,-121.84,1.636
3.2052,21.0,4.056049822064057,1.0346975088967971,5124.0,4.5587188612099645,37.32,-121.83,1.79
3.4509,24.0,4.038664323374341,1.0105448154657293,2409.0,4.233743409490334,37.35,-121.82,1.824
4.8424,23.0,5.381188118811881,1.0226308345120223,6034.0,4.267326732673268,37.34,-121.82,1.953
4.4671,28.0,5.3657407407407405,1.035493827160494,2990.0,4.614197530864198,37.35,-121.81,1.726
4.375,29.0,4.981288981288981,0.9397089397089398,2000.0,4.158004158004158,37.35,-121.81,1.855
5.2297,27.0,6.156657963446476,1.08355091383812,1562.0,4.078328981723238,37.35,-121.8,1.928
5.1017,17.0,5.895104895104895,0.986013986013986,1756.0,4.093240093240094,37.35,-121.8,2.407
4.25,27.0,4.775665399239544,1.0,3033.0,5.766159695817491,37.34,-121.84,1.629
4.6333,27.0,5.177152317880795,1.009933774834437,3257.0,5.392384105960265,37.33,-121.83,1.736
4.2098,21.0,5.185425101214575,0.9975708502024292,6047.0,4.896356275303644,37.34,-121.83,1.934
4.087,26.0,5.651376146788991,1.036697247706422,1952.0,5.969418960244648,37.34,-121.83,1.825
3.5625,34.0,4.150442477876106,1.0707964601769913,769.0,3.402654867256637,37.36,-121.87,1.945
2.5551,35.0,4.018487394957983,1.0168067226890756,1886.0,3.169747899159664,37.35,-121.86,1.821
2.8,43.0,4.302521008403361,1.03921568627451,1256.0,3.518207282913165,37.35,-121.86,1.533
2.5769,27.0,3.78772378516624,1.0460358056265984,1505.0,3.8491048593350383,37.34,-121.85,1.375
2.2031,22.0,3.8241469816272966,1.0078740157480317,2962.0,3.887139107611549,37.35,-121.84,1.64
2.7562,29.0,4.529639175257732,1.0399484536082475,3572.0,4.603092783505154,37.35,-121.85,1.601
2.6894,20.0,3.924418604651162,1.008139534883721,4610.0,5.3604651162790695,37.35,-121.84,1.822
3.3306,15.0,3.912751677852349,1.018216682646213,8793.0,4.215244487056568,37.37,-121.86,2.103
2.3199,15.0,3.130311614730878,0.983947119924457,2749.0,2.595845136921624,37.37,-121.84,1.401
3.0466,15.0,3.0356798457087755,1.0761812921890068,3556.0,3.429122468659595,37.36,-121.85,1.596
3.7198,18.0,3.404017857142857,1.0825892857142858,1705.0,3.805803571428572,37.36,-121.85,1.286
4.0452,11.0,3.474464579901153,0.9752883031301482,2744.0,4.520593080724876,37.36,-121.85,2.059
4.4896,31.0,4.52542372881356,1.0112994350282485,1179.0,3.330508474576271,37.36,-121.86,1.568
3.5625,34.0,3.948186528497409,0.9430051813471504,611.0,3.1658031088082903,37.38,-121.84,2.018
5.5592,31.0,6.284414106939704,1.0398179749715586,2848.0,3.2400455062571103,37.39,-121.84,2.299
4.5533,15.0,4.351669941060904,0.974459724950884,3278.0,3.2200392927308448,37.38,-121.83,2.099
5.1082,33.0,4.940828402366864,1.0710059171597632,781.0,4.621301775147929,37.38,-121.84,1.958
3.2222,31.0,4.558343789209536,1.05771643663739,2677.0,3.358845671267252,37.38,-121.83,1.848
4.25,43.0,6.0814814814814815,1.1037037037037036,370.0,2.740740740740741,37.37,-121.83,2.091
3.2279,43.0,5.662790697674419,1.1007751937984496,800.0,3.10077519379845,37.37,-121.83,1.824
3.8571,42.0,5.132780082987552,0.9626556016597512,900.0,3.734439834024896,37.37,-121.84,1.875
4.1615,28.0,4.473087818696884,0.9603399433427762,1252.0,3.546742209631728,37.37,-121.84,2.148
4.0446,40.0,5.608391608391608,1.041958041958042,445.0,3.111888111888112,37.37,-121.82,1.963
3.1982,29.0,4.78698224852071,1.047337278106509,3036.0,3.5928994082840235,37.36,-121.83,1.717
4.2312,22.0,4.488027366020525,0.9806157354618016,3508.0,4.0,37.36,-121.83,1.838
3.7143,31.0,4.517829457364341,1.1085271317829457,3547.0,5.499224806201551,37.35,-121.83,1.786
4.4167,41.0,5.125,0.924342105263158,970.0,3.1907894736842106,37.37,-121.82,2.152
5.1099,26.0,5.7664092664092665,1.0405405405405406,1931.0,3.727799227799228,37.37,-121.81,2.131
4.0385,33.0,5.027863777089784,1.043343653250774,1412.0,4.371517027863777,37.36,-121.82,1.676
3.7188,34.0,5.285302593659942,1.0864553314121037,1450.0,4.178674351585014,37.36,-121.82,1.615
3.7214,42.0,5.022413793103448,0.9948275862068966,1873.0,3.2293103448275864,37.37,-121.82,1.679
4.9091,9.0,5.243243243243243,1.137214137214137,1591.0,3.3076923076923075,37.39,-121.87,2.597
6.057,16.0,5.926339285714286,1.0870535714285714,1862.0,4.15625,37.39,-121.87,2.468
4.5187,16.0,4.605263157894737,1.0745614035087718,722.0,3.1666666666666665,37.38,-121.87,1.635
3.7153,16.0,3.2144578313253014,0.9373493975903614,1103.0,2.657831325301205,37.39,-121.87,2.298
5.4225,17.0,5.401215805471125,0.9969604863221884,1235.0,3.753799392097264,37.39,-121.86,2.581
3.7622,16.0,4.87479674796748,0.9804878048780488,1606.0,2.611382113821138,37.4,-121.9,1.5
1.0938,20.0,1.1304347826086956,1.0434782608695652,120.0,1.7391304347826086,37.37,-121.9,1.875
5.8686,15.0,5.017114914425428,0.9902200488997556,1380.0,3.374083129584352,37.38,-121.86,1.811
5.34,9.0,4.69471488178025,1.095271210013908,4240.0,2.948539638386648,37.4,-121.88,2.574
6.5226,21.0,5.392996108949417,1.0116731517509727,946.0,3.6809338521400776,37.4,-121.86,2.585
5.5968,23.0,5.783870967741936,1.029032258064516,1145.0,3.693548387096774,37.4,-121.85,2.432
5.5073,16.0,5.172535211267606,1.0369718309859155,1718.0,3.0246478873239435,37.41,-121.86,1.789
5.6096,17.0,5.486005089058525,1.1068702290076335,1400.0,3.5623409669211195,37.41,-121.85,1.991
6.5004,16.0,5.45475113122172,0.9502262443438914,1671.0,3.7805429864253393,37.41,-121.86,2.636
3.3884,17.0,4.2933168316831685,1.108910891089109,2762.0,3.4183168316831685,37.43,-121.88,2.458
5.6651,31.0,5.416842105263158,0.9978947368421052,1898.0,3.9957894736842094,37.43,-121.88,2.041
6.2892,22.0,6.127214170692431,0.9597423510466988,2118.0,3.4106280193236715,37.43,-121.87,2.542
6.4419,19.0,5.945098039215687,1.035294117647059,6810.0,3.338235294117647,37.42,-121.87,2.645
5.6683,24.0,6.080882352941177,1.0073529411764706,1891.0,3.4761029411764706,37.41,-121.87,2.487
4.3807,23.0,4.922137404580153,0.9954198473282444,2183.0,3.332824427480916,37.41,-121.88,2.269
5.6965,25.0,6.144244105409154,1.0110957004160888,2685.0,3.723994452149792,37.42,-121.87,2.611
5.2722,17.0,5.532423208191126,1.0204778156996588,1028.0,3.508532423208191,37.44,-121.88,1.869
4.4712,20.0,3.4289340101522843,0.9441624365482234,1427.0,3.6218274111675126,37.44,-121.88,1.44
5.3057,26.0,4.596875,1.0875,1089.0,3.403125,37.44,-121.88,2.264
5.3994,23.0,5.019157088122605,1.0229885057471264,910.0,3.4865900383141764,37.44,-121.88,2.379
4.75,15.0,4.678227360308285,0.9884393063583816,1687.0,3.250481695568401,37.45,-121.89,2.544
3.8421,29.0,4.676470588235294,1.0058823529411764,1788.0,3.5058823529411764,37.46,-121.9,2.207
5.6062,26.0,6.017429193899782,1.0806100217864925,1716.0,3.738562091503268,37.46,-121.91,2.268
4.1389,19.0,4.47872340425532,1.0292553191489362,1224.0,3.25531914893617,37.42,-121.91,1.741
5.6344,24.0,5.276053215077606,1.0210643015521064,3188.0,3.5343680709534366,37.41,-121.9,2.287
7.7197,26.0,5.714285714285714,1.1428571428571428,52.0,7.428571428571429,37.42,-121.89,2.25
3.2617,10.0,3.9291417165668654,1.0518962075848304,2032.0,2.027944111776447,37.45,-121.92,2.522
4.7794,26.0,6.003597122302159,0.9928057553956836,951.0,3.420863309352518,37.44,-121.91,2.258
5.0362,19.0,4.491735537190083,1.0,1645.0,3.3987603305785123,37.44,-121.91,2.551
5.0808,24.0,5.008264462809917,1.037190082644628,799.0,3.301652892561984,37.44,-121.91,2.125
4.8304,33.0,5.754639175257732,1.022680412371134,1714.0,3.534020618556701,37.43,-121.91,2.249
2.9817,21.0,4.876988335100743,1.0455991516436904,2756.0,2.922587486744433,37.44,-122.07,2.25
3.3859,18.0,4.612844036697248,1.0605504587155965,2205.0,4.045871559633028,37.43,-121.96,1.58
3.4896,24.0,4.703216374269005,1.0073099415204678,1196.0,1.7485380116959064,37.4,-121.99,2.267
5.3912,35.0,5.82018927444795,1.025236593059937,1343.0,4.236593059936909,37.4,-121.99,2.353
4.8145,25.0,4.385194479297365,1.0464240903387705,2484.0,3.1166875784190715,37.39,-121.99,2.307
4.0655,33.0,4.809069212410501,1.1551312649164678,1285.0,3.0668257756563246,37.4,-122.02,2.268
3.7614,14.0,9.363636363636363,2.1856866537717603,813.0,1.5725338491295937,37.4,-122.01,1.375
3.6619,17.0,4.885875706214689,0.9649717514124294,1656.0,1.871186440677966,37.4,-122.0,2.324
5.9145,35.0,4.849056603773585,0.9371069182389936,1164.0,3.660377358490566,37.4,-122.0,2.369
5.7962,33.0,4.963133640552996,0.9331797235023042,1655.0,3.813364055299539,37.39,-122.0,2.298
5.2937,17.0,5.32890365448505,1.0249169435215948,2286.0,3.79734219269103,37.41,-121.96,2.38
5.8792,17.0,5.51031894934334,1.046904315196998,1662.0,3.1181988742964357,37.4,-121.97,2.555
4.5062,20.0,4.336134453781512,0.96218487394958,658.0,2.764705882352941,37.39,-121.96,2.193
5.4228,24.0,5.391752577319588,0.9628865979381444,3795.0,3.9123711340206175,37.39,-121.95,2.641
4.7625,13.0,5.265206812652068,1.002433090024331,1087.0,2.6447688564476888,37.41,-121.95,1.375
3.2153,42.0,4.783382789317508,1.0504451038575668,1940.0,2.878338278931751,37.36,-121.91,1.997
3.1563,42.0,6.1875,1.0,158.0,4.9375,37.36,-121.92,1.375
3.0357,39.0,3.5118110236220472,1.015748031496063,317.0,2.4960629921259843,37.37,-121.95,2.083
3.5625,27.0,4.0551378446115285,1.0426065162907268,2230.0,2.7944862155388472,37.36,-121.95,2.086
2.7727,25.0,3.6779661016949152,1.0127118644067796,2267.0,2.4014830508474576,37.36,-121.95,2.356
3.1065,36.0,4.710594315245478,1.0594315245478036,1589.0,4.10594315245478,37.35,-121.93,2.341
3.0375,48.0,4.575221238938053,1.095132743362832,946.0,2.0929203539823007,37.34,-121.93,2.185
4.575,36.0,4.9879154078549846,1.039274924471299,1062.0,3.2084592145015107,37.37,-121.98,2.154
4.6719,32.0,5.03781512605042,0.96218487394958,814.0,3.4201680672268906,37.36,-121.98,2.521
5.0942,35.0,5.0,1.015075376884422,615.0,3.090452261306533,37.37,-121.98,2.175
4.2422,27.0,3.384180790960452,1.0131826741996233,1610.0,3.032015065913371,37.37,-121.99,2.375
6.0573,24.0,5.261956521739131,0.9717391304347828,2656.0,2.88695652173913,37.36,-121.97,2.545
4.2837,16.0,4.214046822742475,1.1078595317725752,3150.0,2.6337792642140467,37.36,-121.96,2.645
3.5199,33.0,4.109872611464968,0.9920382165605096,1598.0,2.5445859872611467,37.36,-121.96,2.614
6.3191,36.0,6.680327868852459,1.0327868852459017,353.0,2.89344262295082,37.35,-121.97,2.583
4.575,36.0,5.625,0.9852941176470588,306.0,2.25,37.36,-121.97,2.476
4.5625,34.0,5.764119601328904,1.0564784053156149,1019.0,3.3853820598006643,37.36,-121.98,2.427
5.0866,35.0,5.55984555984556,1.0308880308880308,743.0,2.8687258687258685,37.36,-121.98,2.546
3.2048,33.0,4.229067930489731,1.0173775671406002,1469.0,2.320695102685624,37.36,-121.99,2.618
3.5491,41.0,4.423076923076923,0.9576923076923076,729.0,2.8038461538461537,37.35,-121.98,2.611
4.3971,18.0,3.6659528907922914,1.0899357601713062,972.0,2.081370449678801,37.35,-121.99,2.389
4.5427,16.0,3.8632580261593343,1.1260404280618312,1637.0,1.9464922711058263,37.35,-121.99,1.984
4.375,25.0,4.504424778761062,0.9587020648967552,707.0,2.0855457227138645,37.35,-121.99,2.122
4.5625,36.0,5.636363636363637,1.032085561497326,546.0,2.9197860962566846,37.35,-121.98,2.4
4.9562,33.0,4.69119579500657,1.0197109067017085,1922.0,2.5256241787122207,37.34,-121.98,2.387
3.9625,26.0,4.01878453038674,1.0309392265193371,2249.0,2.4850828729281766,37.34,-121.99,2.629
3.925,37.0,5.4672897196261685,1.0124610591900312,699.0,2.177570093457944,37.35,-121.96,2.513
3.2813,36.0,3.943127962085308,1.0,545.0,2.582938388625593,37.35,-121.95,2.444
3.1667,52.0,4.136986301369863,1.0365296803652968,1662.0,7.589041095890411,37.35,-121.94,2.316
2.3713,18.0,3.526605504587156,1.0293577981651376,1096.0,2.0110091743119267,37.35,-121.94,2.44
3.6118,48.0,4.387323943661972,1.0352112676056338,697.0,2.454225352112676,37.35,-121.95,2.355
3.3333,42.0,4.68976897689769,1.0891089108910892,659.0,2.174917491749175,37.35,-121.95,2.379
4.2656,52.0,4.841463414634147,1.0630081300813008,1096.0,2.227642276422764,37.35,-121.95,2.361
3.4233,29.0,4.263888888888889,1.077020202020202,1674.0,2.113636363636364,37.34,-121.94,2.293
3.7321,41.0,4.5863539445629,1.0085287846481876,1092.0,2.328358208955224,37.34,-121.94,2.5
3.6818,36.0,5.258333333333334,0.9972222222222222,797.0,2.213888888888889,37.33,-121.94,2.576
4.75,37.0,5.235632183908046,0.9454022988505748,845.0,2.42816091954023,37.33,-121.94,2.511
5.0175,36.0,5.610714285714286,1.1285714285714286,1372.0,2.45,37.34,-121.94,2.461
3.1702,25.0,4.316570486397362,1.0882110469909316,2529.0,2.084913437757626,37.34,-121.95,2.561
4.4453,42.0,5.336,1.072,942.0,2.512,37.34,-121.96,2.554
5.791,36.0,5.275,0.95625,373.0,2.33125,37.34,-121.96,2.541
3.4375,34.0,5.293478260869565,1.0833333333333333,739.0,2.677536231884058,37.34,-121.96,2.526
3.7813,37.0,5.0227272727272725,0.9621212121212122,293.0,2.2196969696969697,37.34,-121.96,2.478
4.7083,20.0,5.521039603960396,1.0693069306930694,2042.0,2.527227722772277,37.32,-121.99,2.177
3.699,19.0,3.532110091743119,1.073394495412844,2672.0,2.0428134556574924,37.32,-121.97,2.375
3.73,11.0,3.151012891344383,0.9079189686924494,1094.0,2.014732965009208,37.32,-121.96,2.277
4.6304,39.0,5.038961038961039,0.8614718614718615,619.0,2.67965367965368,37.32,-121.95,2.632
3.6292,27.0,4.636058230683091,1.0851063829787233,2135.0,2.390817469204927,37.31,-121.95,2.646
3.2727,25.0,4.395770392749244,1.1178247734138973,734.0,2.217522658610272,37.3,-121.94,2.625
4.3081,20.0,4.198609731876862,0.9990069513406156,2334.0,2.3177755710029797,37.3,-121.96,2.273
3.75,22.0,4.162118780096308,1.0224719101123596,1249.0,2.004815409309791,37.29,-121.94,2.125
4.0962,20.0,4.034090909090909,1.068181818181818,363.0,2.0625,37.29,-121.94,2.141
1.7171,17.0,5.155038759689923,1.050387596899225,408.0,1.5813953488372092,37.27,-121.95,1.813
4.0208,52.0,5.395833333333333,1.0277777777777777,362.0,2.513888888888889,37.28,-121.95,2.625
4.6371,9.0,4.306590257879656,1.0916905444126077,715.0,2.048710601719198,37.29,-121.95,2.343
3.4505,30.0,4.531553398058253,0.9866504854368932,1834.0,2.2257281553398056,37.29,-121.95,2.6
3.1509,19.0,4.008556759840274,1.053622361665716,3759.0,2.1443240159726185,37.28,-121.95,2.429
4.6827,19.0,5.103286384976526,1.0657276995305165,998.0,2.3427230046948355,37.26,-121.97,2.551
4.69,36.0,6.405882352941177,1.0705882352941176,535.0,3.147058823529412,37.25,-121.93,2.526
4.5333,21.0,4.95970695970696,1.0586080586080586,639.0,2.340659340659341,37.25,-121.93,2.342
4.7917,34.0,6.112328767123287,0.9863013698630136,1035.0,2.835616438356164,37.25,-121.92,2.432
6.0358,32.0,5.475352112676056,1.0105633802816902,779.0,2.742957746478873,37.25,-121.93,2.601
4.675,35.0,6.235294117647059,1.0252100840336134,664.0,2.7899159663865545,37.24,-121.94,2.453
4.7402,34.0,5.0072568940493465,1.060957910014514,1915.0,2.7793904208998548,37.32,-122.0,2.445
4.7235,33.0,4.890824622531939,1.0662020905923344,2389.0,2.7746806039488967,37.31,-122.0,2.422
5.1602,16.0,4.280487804878049,1.0,674.0,1.64390243902439,37.34,-122.03,2.312
3.16,23.0,3.808823529411765,1.0661764705882353,1795.0,2.639705882352941,37.34,-122.04,2.25
5.3679,18.0,4.5055350553505535,0.940959409594096,507.0,1.8708487084870848,37.35,-122.02,2.284
3.9038,21.0,3.586357039187228,0.9825834542815676,1486.0,2.1567489114658924,37.36,-122.02,2.438
4.2061,16.0,3.4104938271604937,1.0925925925925926,499.0,1.5401234567901234,37.36,-122.01,2.536
3.8464,17.0,3.699692307692308,1.0689230769230769,3539.0,2.1778461538461538,37.36,-122.0,2.394
3.0047,9.0,4.008108108108108,1.0405405405405406,1430.0,1.9324324324324325,37.37,-122.03,2.56
3.6765,42.0,4.3604651162790695,1.058139534883721,616.0,2.387596899224806,37.37,-122.04,2.528
3.8732,21.0,3.668500687757909,1.0976616231086658,1433.0,1.9711141678129296,37.38,-122.03,2.524
4.0911,43.0,3.7867867867867866,0.951951951951952,836.0,2.5105105105105103,37.38,-122.02,2.246
4.505,32.0,3.5763546798029555,1.0049261083743843,538.0,2.6502463054187197,37.38,-122.01,2.304
4.1847,11.0,3.830838323353293,1.0389221556886228,1309.0,1.9595808383233533,37.37,-122.01,1.673
3.7045,16.0,3.972299168975069,1.0304709141274238,804.0,2.227146814404432,37.37,-122.0,1.781
4.4107,22.0,4.1257861635220126,1.173584905660377,1842.0,2.316981132075472,37.39,-122.03,2.327
3.2574,32.0,3.718503937007874,0.9586614173228346,1321.0,2.6003937007874014,37.38,-122.02,2.544
3.5586,26.0,2.844141069397042,1.0944254835039815,2374.0,2.700796359499431,37.39,-122.01,2.222
5.6447,36.0,5.326145552560647,0.973045822102426,1348.0,3.633423180592992,37.39,-122.01,2.526
5.791,36.0,5.004048582995951,0.9271255060728744,880.0,3.562753036437247,37.39,-122.0,2.394
4.0223,34.0,4.0,1.0,1994.0,3.067692307692308,37.39,-122.03,2.502
4.35,35.0,4.714859437751004,1.0662650602409638,1475.0,2.961847389558233,37.4,-122.02,2.61
4.0068,16.0,3.7360594795539033,1.0272614622057,1769.0,2.192069392812887,37.39,-122.01,2.495
4.7431,35.0,4.621730382293762,1.0,1428.0,2.8732394366197185,37.39,-122.02,2.397
4.8625,20.0,4.694006309148265,1.2082018927444795,1227.0,1.935331230283912,37.38,-122.06,2.625
3.7359,16.0,4.598079561042524,1.1152263374485596,1440.0,1.9753086419753083,37.4,-122.07,2.625
4.359,15.0,4.135021097046414,1.279887482419128,943.0,1.3263009845288327,37.4,-122.07,1.922
5.1408,36.0,4.12303664921466,0.9921465968586388,1036.0,2.712041884816754,37.4,-122.09,2.647
3.5179,22.0,3.168085106382979,0.9276595744680852,662.0,1.4085106382978725,37.4,-122.09,1.972
3.8003,23.0,4.190885640584694,1.0756663800515909,2699.0,2.3207222699914016,37.42,-122.09,2.298
3.2875,26.0,3.3381742738589213,1.0591286307053942,2087.0,2.1649377593360994,37.4,-122.09,1.827
3.4868,27.0,3.139963167587477,1.0644567219152854,2314.0,2.130755064456722,37.4,-122.1,1.656
4.6591,15.0,3.445945945945946,0.8513513513513513,138.0,1.864864864864865,37.4,-122.11,1.75
3.1736,23.0,2.495145631067961,1.019417475728155,367.0,1.7815533980582523,37.4,-122.1,1.813
3.725,30.0,3.330754352030948,0.9477756286266924,1057.0,2.044487427466151,37.39,-122.09,2.613
3.506,24.0,4.533333333333333,1.0215384615384615,2981.0,3.057435897435897,37.24,-121.88,2.264
4.4004,24.0,5.706373292867982,1.0349013657056143,3970.0,3.0121396054628224,37.24,-121.9,2.558
5.6876,17.0,6.348265895953757,1.0245664739884393,2292.0,3.3121387283237,37.27,-121.86,2.465
5.6958,15.0,6.057840616966581,0.988431876606684,2519.0,3.2377892030848328,37.23,-121.77,2.538
4.5221,16.0,6.125,1.1590909090909092,667.0,2.5265151515151514,37.22,-121.77,1.911
5.4218,16.0,6.071022727272728,1.015625,2240.0,3.1818181818181817,37.23,-121.76,2.339
5.6488,25.0,6.2253668763102725,1.0366876310272537,3275.0,3.432914046121593,37.25,-121.84,2.346
6.0889,22.0,6.494103773584905,0.991745283018868,2785.0,3.2841981132075477,37.23,-121.83,2.452
5.4741,24.0,6.587798845836768,1.0601813685078318,4017.0,3.3116240725474038,37.24,-121.84,2.388
5.1228,17.0,5.189822294022617,1.024232633279483,3934.0,3.1777059773828755,37.24,-121.85,2.376
4.2885,16.0,5.71733771569433,1.0682004930156122,2965.0,2.436318816762531,37.25,-121.86,2.624
5.2166,17.0,5.078073089700997,1.0066445182724253,2030.0,3.372093023255814,37.28,-121.83,2.309
5.9214,20.0,6.91684434968017,1.1087420042643923,1769.0,3.771855010660981,37.27,-121.81,2.24
5.0772,17.0,5.243967828418231,0.9879356568364612,2693.0,3.609919571045576,37.27,-121.8,2.215
4.3438,22.0,4.9357495881383855,1.14497528830313,2169.0,3.57331136738056,37.27,-121.81,2.097
4.8862,26.0,4.425396825396826,0.7555555555555555,990.0,3.142857142857143,37.26,-121.8,1.95
2.875,18.0,4.796565389696169,1.2509907529722588,2357.0,3.1136063408190227,37.26,-121.8,1.844
4.2083,9.0,5.026352288488211,1.1262135922330097,1856.0,2.574202496532594,37.27,-121.84,1.984
5.0186,17.0,5.523715415019763,0.9525691699604744,1904.0,3.762845849802372,37.27,-121.84,2.508
5.5,16.0,6.691460055096419,1.0661157024793388,1293.0,3.56198347107438,37.27,-121.84,2.532
5.1356,10.0,5.144312393887946,0.9745331069609507,1623.0,2.7555178268251272,37.26,-121.82,2.187
5.5875,11.0,5.853300733496333,0.9853300733496332,1393.0,3.4058679706601467,37.26,-121.83,2.593
4.0547,14.0,5.45,1.1016129032258064,1465.0,2.3629032258064515,37.26,-121.81,2.362
5.9359,16.0,5.756024096385542,0.9849397590361446,1158.0,3.4879518072289155,37.26,-121.81,2.495
4.1926,12.0,3.890977443609023,1.1033834586466165,1216.0,2.2857142857142856,37.25,-121.81,2.445
4.5033,7.0,5.2917888563049855,1.1011730205278591,1739.0,2.5498533724340176,37.26,-121.83,2.131
3.9461,16.0,4.522184300341297,1.023890784982935,1969.0,3.360068259385665,37.25,-121.82,1.943
3.1932,17.0,3.7431781701444624,1.0224719101123596,1636.0,2.626003210272873,37.25,-121.83,1.234
5.6652,17.0,6.07514450867052,0.9942196531791908,446.0,2.578034682080925,37.26,-121.87,2.345
5.5121,16.0,6.051612903225807,1.043010752688172,1305.0,2.806451612903226,37.26,-121.86,2.241
5.0509,5.0,5.333333333333333,1.0029498525073746,825.0,2.433628318584071,37.26,-121.84,1.848
5.5849,15.0,5.885662431941924,1.0,1752.0,3.17967332123412,37.26,-121.83,2.574
4.8355,17.0,5.346153846153846,1.0701357466063348,1369.0,3.0972850678733037,37.25,-121.84,1.416
3.7844,4.0,3.958795562599049,1.2282091917591125,1213.0,1.9223454833597464,37.25,-121.87,1.839
5.4939,20.0,6.215815485996705,1.028006589785832,1965.0,3.2372322899505765,37.25,-121.85,2.412
5.9164,23.0,6.605194805194805,1.0077922077922077,1297.0,3.3688311688311687,37.24,-121.83,2.374
4.5,21.0,5.721830985915493,1.073943661971831,1978.0,3.482394366197183,37.24,-121.81,2.344
6.0538,20.0,6.232597623089983,0.9626485568760612,1944.0,3.300509337860781,37.24,-121.82,2.41
5.8305,24.0,6.181146025878004,0.9815157116451017,1768.0,3.268022181146026,37.25,-121.82,2.456
5.1663,25.0,6.186153846153847,0.9753846153846154,2178.0,3.350769230769231,37.25,-121.82,2.412
4.4565,5.0,4.488636363636363,1.181818181818182,861.0,1.9568181818181816,37.25,-121.81,1.59
6.2957,25.0,6.627831715210356,1.0080906148867317,2128.0,3.44336569579288,37.25,-121.81,2.518
4.9688,25.0,6.133159268929504,1.0287206266318538,1266.0,3.3054830287206265,37.23,-121.82,2.331
5.3157,16.0,6.590551181102362,1.1062992125984252,850.0,3.3464566929133857,37.23,-121.81,2.533
6.3178,19.0,6.426829268292683,1.0414634146341464,1497.0,3.651219512195122,37.23,-121.81,2.48
6.4328,24.0,6.333333333333333,0.968503937007874,1237.0,3.2467191601049867,37.23,-121.81,2.572
6.0062,17.0,6.262536873156342,1.0058997050147491,1067.0,3.147492625368732,37.24,-121.78,2.627
5.0958,18.0,5.291044776119403,0.9626865671641792,1547.0,3.8482587064676617,37.22,-121.78,2.171
5.898,18.0,6.129824561403509,1.112280701754386,1055.0,3.701754385964912,37.23,-121.78,2.291
5.4193,17.0,5.789340101522843,0.9111675126903552,1226.0,3.1116751269035534,37.23,-121.79,2.595
6.223,10.0,5.740869565217391,1.031304347826087,2190.0,3.808695652173913,37.27,-121.8,2.607
5.9053,16.0,6.577464788732394,1.0035211267605637,995.0,3.5035211267605635,37.26,-121.8,2.605
4.747,12.0,5.636563876651983,1.0341409691629957,5674.0,3.1244493392070485,37.24,-121.77,2.611
4.175,14.0,5.604698672114402,1.0459652706843718,2823.0,2.8835546475995915,37.14,-121.64,2.298
2.4821,17.0,4.716494845360825,1.0257731958762886,1110.0,2.8608247422680413,37.12,-121.63,2.482
3.8788,20.0,5.140068886337543,1.060849598163031,2656.0,3.049368541905855,37.13,-121.66,2.269
3.6895,14.0,5.316441441441442,1.125,2648.0,2.981981981981982,37.12,-121.65,2.393
3.9306,37.0,5.550522648083624,1.0557491289198606,1030.0,3.588850174216028,37.09,-121.62,2.607
4.3693,44.0,5.619718309859155,0.9947183098591548,1439.0,2.533450704225352,37.01,-121.58,2.34
4.5714,18.0,6.362917398945519,1.0764499121265378,4168.0,3.662565905096661,37.0,-121.57,2.603
5.1519,15.0,5.067019400352733,0.964726631393298,1582.0,2.7901234567901234,37.01,-121.58,2.647
4.3227,16.0,5.711703958691911,1.0077452667814113,3575.0,3.076592082616179,37.01,-121.59,2.515
3.5551,16.0,4.581497797356828,1.0058737151248165,2383.0,3.499265785609398,37.03,-121.58,1.986
3.2019,27.0,4.9314775160599575,1.0085653104925054,1447.0,3.0985010706638114,37.02,-121.58,2.036
4.4233,14.0,5.191993464052287,1.044934640522876,3704.0,3.026143790849673,37.02,-121.59,2.286
2.9417,17.0,4.751644736842105,1.0263157894736843,2681.0,4.409539473684211,37.02,-121.57,1.78
2.0625,44.0,4.056022408963585,1.100840336134454,1066.0,2.985994397759104,37.01,-121.57,1.703
2.5387,20.0,4.185263157894737,1.003157894736842,3866.0,4.069473684210526,37.0,-121.56,1.601
3.6964,39.0,7.160377358490566,1.330188679245283,252.0,2.3773584905660377,37.37,-121.55,2.625
15.0001,52.0,8.461538461538462,1.2307692307692308,55.0,2.1153846153846154,37.19,-121.59,1.313
2.625,16.0,6.4,0.8,36.0,7.2,37.0,-122.0,1.375
4.9808,28.0,5.527196652719665,1.00418410041841,652.0,2.728033472803347,36.99,-122.01,2.631
4.3409,40.0,5.134883720930232,1.041860465116279,669.0,3.1116279069767443,36.98,-121.99,2.563
3.5562,43.0,5.033846153846154,0.9969230769230768,792.0,2.436923076923077,36.98,-122.0,2.392
3.6902,41.0,5.221311475409836,1.040983606557377,1290.0,2.64344262295082,36.99,-122.01,2.33
2.7875,30.0,4.707423580786026,1.0633187772925763,1023.0,2.2336244541484715,36.99,-122.02,2.45
2.1734,21.0,3.905263157894737,1.0368421052631578,984.0,2.5894736842105264,36.98,-122.02,1.875
3.2368,44.0,5.264840182648402,1.08675799086758,657.0,3.0,36.98,-122.02,2.125
2.4732,14.0,4.445402298850575,1.0747126436781609,4731.0,13.594827586206897,37.0,-122.06,1.313
3.6797,20.0,5.348017621145375,1.0418502202643172,1145.0,2.5220264317180616,36.97,-122.05,2.638
2.9286,51.0,5.353233830845771,1.0248756218905473,495.0,2.462686567164179,36.98,-122.04,2.583
3.8259,52.0,6.3156146179402,1.1129568106312293,955.0,3.1727574750830563,36.97,-122.04,2.531
5.2128,49.0,5.781021897810219,0.9927007299270072,331.0,2.416058394160584,36.97,-122.04,2.386
3.2437,44.0,4.996138996138996,1.0386100386100383,645.0,2.4903474903474905,36.96,-122.04,2.239
2.1553,37.0,4.255287009063444,1.081570996978852,1341.0,2.025679758308157,36.98,-122.03,2.554
2.5954,47.0,5.281318681318681,1.1362637362637362,1144.0,2.5142857142857142,36.98,-122.01,2.294
2.7125,35.0,4.443037974683544,1.109704641350211,552.0,2.329113924050633,36.98,-122.02,2.175
1.9063,21.0,4.463235294117647,1.1397058823529411,226.0,1.661764705882353,36.98,-122.02,1.667
1.9286,29.0,3.896813353566009,1.1335356600910471,1743.0,2.644916540212443,36.97,-122.02,1.953
2.5417,43.0,4.6594827586206895,1.0969827586206895,1208.0,2.603448275862069,36.97,-122.01,2.609
2.9444,52.0,3.484848484848485,0.7651515151515151,525.0,1.9886363636363635,36.97,-122.01,2.328
2.5368,35.0,4.201570680628272,1.0261780104712042,743.0,1.9450261780104712,36.97,-122.01,2.4
2.589,27.0,3.785234899328859,0.9798657718120806,1511.0,2.0281879194630874,36.98,-122.01,2.424
3.1205,30.0,4.132530120481928,0.9718875502008032,753.0,3.0240963855421685,36.97,-122.0,2.405
2.1964,51.0,4.052631578947368,1.0175438596491229,488.0,2.1403508771929824,36.97,-122.03,2.344
3.2404,36.0,4.955882352941177,1.0147058823529411,223.0,3.2794117647058822,36.97,-122.03,2.25
1.6923,52.0,5.52054794520548,0.9863013698630136,200.0,2.73972602739726,36.97,-122.03,2.625
4.4659,40.0,5.848039215686274,1.1127450980392155,570.0,2.794117647058824,36.97,-122.04,2.375
2.5067,18.0,4.0807926829268295,1.1966463414634143,1391.0,2.120426829268293,36.96,-122.03,2.326
1.1552,44.0,4.273381294964029,1.2158273381294964,325.0,2.338129496402878,36.97,-122.02,2.5
3.5938,40.0,4.201438848920863,0.9064748201438848,316.0,2.273381294964029,36.96,-122.03,2.435
2.425,28.0,4.174025974025974,1.0935064935064935,926.0,2.4051948051948053,36.96,-122.03,2.161
4.1964,32.0,4.907849829351536,1.044368600682594,802.0,2.737201365187713,36.96,-122.04,2.02
2.1667,42.0,5.173076923076923,1.0288461538461535,200.0,1.9230769230769231,36.96,-122.04,1.964
2.5865,42.0,4.952586206896552,1.137931034482759,703.0,3.030172413793104,36.96,-122.04,2.064
4.4567,36.0,5.115384615384615,1.0,1080.0,2.967032967032967,36.95,-122.04,2.638
4.2045,30.0,5.61271676300578,1.069364161849711,644.0,3.722543352601156,36.96,-122.05,2.265
4.5,52.0,6.5,1.7,24.0,2.4,36.96,-122.06,2.583
2.8056,32.0,3.512019230769231,1.0144230769230769,1494.0,3.5913461538461537,36.91,-121.75,1.732
3.1062,29.0,4.618320610687023,1.0725190839694656,863.0,3.2938931297709924,36.92,-121.74,1.56
2.4461,17.0,4.903703703703704,1.0907407407407408,1193.0,2.2092592592592597,36.92,-121.74,1.517
2.6506,14.0,4.813486370157819,0.9971305595408896,1350.0,1.9368723098995693,36.92,-121.74,1.646
3.1327,24.0,4.665121668597914,1.0208574739281575,2264.0,2.623406720741599,36.93,-121.75,2.181
3.6,48.0,4.988919667590028,0.9778393351800554,1071.0,2.966759002770083,36.92,-121.75,1.945
2.4615,46.0,4.465573770491804,1.0524590163934426,1068.0,3.501639344262295,36.92,-121.75,1.778
3.2216,36.0,5.319796954314721,1.0380710659898478,1454.0,3.6903553299492384,36.92,-121.76,2.383
3.4125,46.0,3.587121212121212,0.9734848484848484,1120.0,4.242424242424242,36.92,-121.76,1.607
1.6875,52.0,3.0892857142857144,1.1403061224489797,1102.0,2.811224489795918,36.91,-121.75,1.614
1.9609,23.0,3.393617021276596,1.1622340425531914,1359.0,3.61436170212766,36.91,-121.76,1.55
2.5599,42.0,2.8264462809917354,0.9669421487603306,2312.0,4.776859504132231,36.91,-121.75,1.514
2.8348,8.0,3.7813370473537606,1.0445682451253482,2580.0,3.5933147632311977,36.91,-121.77,1.62
2.0775,44.0,3.053156146179402,1.026578073089701,1321.0,4.3887043189368775,36.9,-121.76,1.214
2.4375,20.0,4.79074074074074,1.012962962962963,1534.0,2.840740740740741,36.93,-121.77,1.904
3.0192,24.0,4.214750542299349,0.9696312364425164,1844.0,4.0,36.93,-121.77,1.843
3.2813,33.0,4.67109634551495,1.053156146179402,1075.0,3.571428571428572,36.93,-121.77,1.9
2.6434,20.0,4.4049180327868855,1.044262295081967,2154.0,3.5311475409836066,36.92,-121.76,1.697
3.5,9.0,5.050153531218014,1.138178096212897,3198.0,3.273285568065506,36.92,-121.77,1.948
3.1815,19.0,4.677839851024209,0.947858472998138,1856.0,3.456238361266294,36.93,-121.79,1.891
4.3906,19.0,5.695488721804511,0.9511278195488722,975.0,3.6654135338345855,36.92,-121.78,2.412
2.4053,21.0,4.945132743362832,1.1716814159292035,2236.0,3.957522123893805,36.93,-121.78,1.784
2.0192,18.0,3.3961661341853038,1.0894568690095847,1033.0,3.3003194888178915,36.94,-121.77,1.713
3.7863,34.0,5.575129533678757,1.1139896373056994,1516.0,3.927461139896373,36.95,-121.79,1.922
2.8214,29.0,4.763527054108216,0.9539078156312624,1669.0,3.344689378757515,36.94,-121.8,1.901
2.5556,20.0,5.132478632478633,1.205128205128205,601.0,2.568376068376069,37.08,-122.25,1.775
4.9792,26.0,5.663316582914573,1.0,543.0,2.728643216080402,37.13,-122.07,2.4
3.9408,46.0,4.695945945945946,0.918918918918919,408.0,2.756756756756757,37.09,-122.09,2.226
3.6474,32.0,6.431707317073171,1.1926829268292682,1031.0,2.5146341463414634,37.11,-122.09,2.316
4.125,36.0,5.748971193415638,1.1893004115226338,661.0,2.720164609053498,37.09,-122.12,2.396
4.3429,33.0,5.4012066365007545,1.107088989441931,1780.0,2.6847662141779787,37.07,-122.09,2.143
4.425,35.0,5.563176895306859,1.072202166064982,791.0,2.8555956678700363,37.08,-122.08,2.048
5.0165,35.0,6.035714285714286,1.2969924812030076,2755.0,2.5892857142857144,37.17,-122.16,2.023
2.7933,51.0,5.560919540229885,1.1149425287356325,1078.0,2.47816091954023,37.12,-122.12,2.069
5.1664,32.0,5.825454545454545,1.1527272727272728,752.0,2.7345454545454544,37.16,-122.12,1.851
5.208,46.0,6.09480122324159,1.235474006116208,850.0,2.599388379204893,37.11,-122.11,2.068
4.4597,29.0,5.61578947368421,1.1228070175438596,1722.0,3.0210526315789474,37.14,-122.11,2.041
3.9423,39.0,5.5096525096525095,1.1833976833976834,1338.0,2.583011583011583,37.15,-122.13,1.803
4.0781,30.0,5.685258964143427,1.2390438247011952,686.0,2.733067729083665,37.12,-122.04,1.545
5.2417,36.0,6.005813953488372,1.1656976744186047,942.0,2.738372093023256,37.11,-122.02,1.964
4.5972,39.0,5.120192307692308,1.1923076923076923,497.0,2.389423076923077,37.11,-122.05,1.463
4.1679,41.0,6.617486338797814,1.371584699453552,915.0,2.5,37.05,-122.05,2.013
3.8625,31.0,4.921686746987952,1.1144578313253013,939.0,2.8283132530120483,37.06,-122.07,2.323
4.1161,34.0,5.46875,1.126953125,1353.0,2.642578125,37.04,-122.08,2.209
4.5096,36.0,5.627403846153846,1.0805288461538465,2143.0,2.5757211538461537,37.03,-122.08,2.037
4.8,20.0,5.430232558139535,1.1046511627906976,229.0,2.6627906976744184,37.08,-122.04,2.615
4.8611,35.0,7.15748031496063,1.4488188976377954,682.0,2.6850393700787403,37.09,-122.02,2.4
3.9728,12.0,4.938574938574939,1.0368550368550369,784.0,1.9262899262899265,37.05,-122.03,1.909
3.5943,14.0,5.001473839351511,1.0714812085482683,3416.0,2.5173176123802508,36.99,-121.98,2.624
3.075,29.0,4.324193548387097,1.0193548387096774,1652.0,2.664516129032258,36.98,-121.98,2.158
3.6364,16.0,4.535612535612535,1.051282051282051,1039.0,2.96011396011396,36.99,-121.99,2.07
4.6484,25.0,4.813211845102506,0.9612756264236902,1365.0,3.1093394077448746,36.98,-121.99,2.346
3.1914,19.0,4.426656151419558,1.0417981072555205,3018.0,2.3801261829652995,36.98,-121.99,2.156
3.7273,21.0,4.664345403899722,1.0264623955431755,1952.0,2.71866295264624,36.97,-121.98,2.519
3.1167,20.0,4.52720207253886,1.0595854922279793,2186.0,2.83160621761658,36.96,-121.98,2.583
2.1771,15.0,4.392496392496392,1.1341991341991342,1306.0,1.8845598845598843,36.97,-121.99,2.132
2.8941,39.0,5.5030549898167,1.3156822810590632,1136.0,2.3136456211812626,36.97,-122.0,2.567
2.8036,24.0,4.399759903961584,1.0444177671068426,1954.0,2.345738295318127,36.97,-121.97,2.285
2.561,27.0,4.233862433862434,1.0571428571428572,1808.0,1.9132275132275127,36.96,-121.97,2.346
3.6619,31.0,4.63728323699422,1.0447976878612717,1489.0,2.151734104046243,36.96,-121.98,2.451
2.6757,16.0,4.682251908396947,1.0658396946564883,2265.0,2.161259541984733,36.98,-121.96,2.292
3.7083,17.0,5.89727463312369,1.0419287211740045,1337.0,2.80293501048218,36.98,-121.97,2.524
2.7587,15.0,4.8951890034364265,1.147766323024055,1546.0,2.656357388316151,36.97,-121.97,2.286
3.0777,23.0,4.941714285714285,1.1817142857142855,1844.0,2.107428571428571,36.97,-121.96,2.638
3.0905,21.0,4.674634794156707,1.1035856573705178,1486.0,1.9734395750332008,36.98,-121.94,2.643
3.1546,34.0,4.669576059850374,1.1945137157107233,1622.0,2.0224438902743143,36.98,-121.95,2.612
2.7375,23.0,4.818318318318318,1.1231231231231231,1423.0,2.1366366366366365,36.99,-121.96,2.38
4.2898,11.0,5.396694214876033,1.0909090909090908,2004.0,2.3659976387249118,36.99,-121.94,2.217
2.6875,16.0,5.303523035230352,1.1056910569105691,865.0,2.3441734417344176,36.98,-121.91,2.333
3.5112,19.0,5.336225596529284,1.1843817787418656,1807.0,1.9598698481561825,36.97,-121.91,2.319
3.6597,29.0,6.140319715808171,1.241563055062167,1327.0,2.3570159857904085,36.95,-121.92,2.523
3.934,18.0,5.268156424581005,1.1899441340782122,544.0,3.039106145251397,37.03,-121.79,2.286
4.7569,19.0,5.701812191103789,1.044481054365733,2790.0,4.596375617792422,36.96,-121.75,1.908
4.7071,27.0,5.163398692810458,0.9901960784313726,1066.0,3.4836601307189543,36.95,-121.75,2.027
3.525,20.0,5.009478672985782,0.966824644549763,2389.0,2.830568720379147,36.96,-121.77,2.291
3.2917,29.0,5.792490118577075,1.0573122529644268,1954.0,3.8616600790513833,36.93,-121.73,2.247
2.1875,22.0,4.552,1.056,542.0,4.336,36.93,-121.67,1.875
2.6792,24.0,5.153217568947906,0.992849846782431,2220.0,2.267620020429009,40.59,-122.42,1.389
3.9375,17.0,5.203647416413374,0.933130699088146,963.0,2.927051671732523,40.56,-122.45,1.487
4.1099,10.0,6.834909716251075,1.125537403267412,3176.0,2.7308684436801376,40.57,-122.42,1.201
3.4464,5.0,6.360097323600973,1.0535279805352795,1275.0,3.102189781021898,40.6,-122.42,1.229
3.6853,10.0,6.716923076923077,1.1353846153846154,1061.0,3.2646153846153845,40.63,-122.34,1.516
2.6705,26.0,6.185344827586207,1.0086206896551724,544.0,2.3448275862068964,40.55,-122.37,1.367
5.2149,13.0,6.261261261261262,0.9669669669669668,1077.0,3.234234234234234,40.52,-122.46,1.465
2.9338,11.0,5.977161500815661,1.0554649265905385,1686.0,2.7504078303425774,40.65,-122.31,1.416
3.8323,16.0,5.997821350762528,1.0762527233115469,1414.0,3.080610021786492,40.6,-122.25,1.283
2.3287,16.0,5.705,1.1,563.0,2.815,40.63,-122.23,1.307
2.875,17.0,5.48661800486618,1.0121654501216546,1171.0,2.849148418491484,40.53,-122.27,1.298
3.9762,14.0,5.796803652968037,1.0639269406392695,1271.0,2.901826484018265,40.58,-122.26,1.385
5.1585,18.0,6.48015873015873,0.9642857142857144,750.0,2.9761904761904763,40.57,-122.23,1.508
4.5357,13.0,5.850485436893204,0.9436893203883496,1361.0,2.6427184466019416,40.52,-122.66,1.712
2.125,22.0,6.856687898089172,1.4681528662420382,903.0,2.875796178343949,40.4,-122.76,1.232
4.0132,14.0,6.27327935222672,1.0506072874493928,1447.0,2.92914979757085,40.64,-122.08,1.412
3.4519,15.0,6.157303370786517,1.130337078651685,1188.0,2.6696629213483147,41.28,-122.45,1.288
5.1014,15.0,6.578947368421052,1.0917559385188635,6456.0,3.006986492780624,38.12,-122.22,1.795
4.9504,5.0,5.63010752688172,1.0365591397849463,4361.0,3.1261648745519715,38.13,-122.19,2.148
3.1768,31.0,5.010869565217392,1.0942028985507246,1441.0,2.6105072463768115,38.11,-122.21,1.31
3.0962,35.0,5.200980392156863,0.9803921568627452,1189.0,2.9142156862745097,38.11,-122.21,1.246
3.8029,36.0,5.428057553956834,1.0017985611510791,1445.0,2.598920863309353,38.1,-122.21,1.299
3.8667,37.0,5.894736842105263,1.051282051282051,2083.0,2.8110661268556005,38.09,-122.21,1.27
5.2957,18.0,6.483931947069944,1.0198487712665407,3205.0,3.02930056710775,38.09,-122.2,1.719
5.8171,4.0,7.220479704797048,1.1042435424354244,7025.0,3.2403136531365315,38.07,-122.22,2.252
2.6098,13.0,5.042553191489362,1.1045328399629972,2957.0,2.7354301572617947,38.07,-122.24,1.625
1.1835,30.0,3.3505050505050504,1.068686868686869,1794.0,1.812121212121212,38.1,-122.26,1.333
2.5042,52.0,4.763374485596708,1.1440329218106997,1113.0,2.2901234567901234,38.1,-122.25,1.479
4.2308,49.0,6.328671328671328,1.013986013986014,1006.0,2.344988344988345,38.12,-122.23,1.458
4.0,47.0,6.18724279835391,1.0781893004115226,1152.0,2.3703703703703702,38.11,-122.23,1.415
4.775,52.0,6.535603715170279,0.959752321981424,772.0,2.390092879256966,38.11,-122.24,1.482
3.2664,29.0,5.057899901864573,1.0637880274779197,2459.0,2.41315014720314,38.13,-122.23,1.429
4.0938,37.0,5.979591836734694,1.046382189239332,1325.0,2.458256029684601,38.13,-122.24,1.269
4.2902,39.0,5.673040152963671,0.9560229445506692,1243.0,2.376673040152964,38.12,-122.24,1.524
4.0114,42.0,6.68724279835391,1.0493827160493827,578.0,2.3786008230452675,38.12,-122.24,1.669
2.7375,42.0,5.137560975609756,1.1385365853658536,3124.0,3.0478048780487805,38.12,-122.27,1.2
4.0515,26.0,5.291845493562231,0.9599427753934192,2388.0,3.4163090128755367,38.15,-122.26,1.219
4.0156,34.0,5.471590909090909,0.9034090909090908,392.0,2.227272727272727,38.14,-122.26,1.347
4.5053,16.0,5.766176470588236,1.0691176470588235,2830.0,4.161764705882353,38.15,-122.26,1.237
5.3785,12.0,5.843648208469055,1.007600434310532,3928.0,4.264929424538545,38.12,-122.32,1.506
3.724,15.0,5.15127582017011,1.06865127582017,5008.0,3.0425273390036454,38.14,-122.24,1.316
4.4529,10.0,6.006167400881057,1.0466960352422907,4163.0,3.66784140969163,38.15,-122.24,1.441
3.7014,24.0,5.493408662900189,1.0225988700564972,1878.0,3.536723163841808,38.15,-122.25,1.236
5.5138,7.0,6.9498644986449865,1.1111111111111112,2824.0,3.826558265582656,38.15,-122.22,1.711
2.6466,14.0,4.893542757417103,1.024432809773124,1083.0,1.8900523560209423,38.04,-122.15,1.685
3.1373,52.0,4.627450980392157,1.1200980392156863,830.0,2.034313725490196,38.05,-122.16,1.851
4.6776,34.0,5.754137115839243,1.011820330969267,926.0,2.189125295508274,38.05,-122.16,2.083
4.6406,20.0,6.109979633401222,1.0692464358452138,1207.0,2.458248472505092,38.07,-122.19,2.175
5.3288,10.0,6.196762141967621,1.0572851805728518,2089.0,2.601494396014944,38.07,-122.18,2.018
6.4599,15.0,7.8125,1.0220588235294117,857.0,3.150735294117647,38.07,-122.17,2.197
4.5321,14.0,5.643300798580301,1.0967169476486247,2876.0,2.551907719609583,38.07,-122.16,1.903
4.4397,16.0,5.615015974440895,1.0,1764.0,2.817891373801917,38.06,-122.17,1.871
5.3661,10.0,5.762452107279693,1.0191570881226053,1381.0,2.6455938697318007,38.06,-122.15,1.958
6.4232,7.0,6.707512764405544,1.0145878920495988,8276.0,3.0182348650619986,38.08,-122.17,2.292
4.4821,5.0,6.05506329113924,1.0943037974683545,4620.0,2.9240506329113924,38.1,-122.2,2.1
6.3735,8.0,5.339130434782609,1.0260869565217392,278.0,2.417391304347826,38.09,-122.19,1.663
3.2891,27.0,5.240331491712707,1.0662983425414363,1756.0,2.425414364640884,38.05,-122.14,1.506
4.6761,31.0,5.649501661129568,1.0232558139534884,1750.0,2.9069767441860463,38.07,-122.14,1.431
2.3929,11.0,4.912408759124087,1.0583941605839415,318.0,2.321167883211679,38.09,-122.11,1.225
3.3281,40.0,5.847908745247148,0.9695817490494296,669.0,2.543726235741445,38.26,-122.13,1.702
5.3345,4.0,7.209251101321586,1.0903083700440528,1497.0,3.297356828193833,38.16,-122.14,1.761
5.2523,7.0,6.335913312693498,1.0077399380804954,2228.0,3.4489164086687305,38.17,-122.18,1.613
6.0487,15.0,7.616883116883117,0.948051948051948,450.0,2.9220779220779223,38.26,-122.07,1.977
5.3102,13.0,7.494404883011191,1.0600203458799593,3193.0,3.2482197355035605,38.24,-122.1,1.95
5.0672,14.0,7.075664621676892,1.01840490797546,3196.0,3.2678936605316973,38.27,-122.06,1.713
4.3586,8.0,5.744265080713679,1.048428207306712,3237.0,2.750212404418012,38.27,-122.07,1.734
3.676,12.0,4.790322580645161,0.9863523573200992,2129.0,2.641439205955335,38.28,-122.04,1.35
5.2527,25.0,6.770491803278689,1.0102459016393444,1464.0,3.0,38.28,-122.04,1.306
4.4882,15.0,6.573264781491003,1.070694087403599,2418.0,3.107969151670951,38.28,-122.03,1.44
6.6779,5.0,7.507177033492823,0.9521531100478468,713.0,3.411483253588517,38.3,-122.03,2.239
4.962,3.0,6.66350710900474,1.128909952606635,3238.0,3.0691943127962085,38.28,-122.0,1.617
5.4399,4.0,7.388888888888889,1.0867003367003367,4010.0,3.3754208754208754,38.29,-121.98,1.871
2.5313,36.0,6.261904761904762,1.738095238095238,88.0,2.095238095238096,38.15,-121.99,1.625
3.5464,15.0,5.06509253350351,1.0433950223356732,4390.0,2.801531589023612,38.24,-122.07,1.298
2.4,52.0,5.490566037735849,1.2358490566037736,241.0,2.2735849056603774,38.25,-122.04,1.25
3.0912,21.0,5.225127087872186,1.028322440087146,3927.0,2.851851851851852,38.26,-122.05,1.263
3.1853,16.0,4.636363636363637,1.0397387044093631,4508.0,2.454001088731628,38.27,-122.04,1.296
3.2061,20.0,5.005134788189987,0.9794608472400512,2198.0,2.821566110397946,38.26,-122.02,1.204
4.0619,17.0,5.979605263157895,1.0144736842105264,4758.0,3.1302631578947366,38.27,-122.01,1.266
3.6335,8.0,5.059440559440559,1.0524475524475525,1566.0,2.737762237762238,38.26,-122.02,1.316
5.2636,1.0,7.6940298507462686,1.2798507462686568,872.0,3.253731343283582,38.23,-122.0,1.913
5.4074,16.0,7.076923076923077,1.051282051282051,495.0,3.173076923076923,38.24,-122.03,1.577
4.0905,13.0,6.197026022304833,1.0055762081784387,1923.0,3.574349442379182,38.25,-122.03,1.348
3.8583,11.0,5.832591273374889,1.0231522707034728,3570.0,3.178984861976848,38.25,-122.01,1.379
4.6779,16.0,5.875,0.9836956521739132,792.0,4.304347826086956,38.25,-122.01,1.313
3.1176,10.0,5.214452214452215,1.0582750582750582,1255.0,2.9254079254079253,38.25,-122.02,1.265
4.9222,7.0,6.279615795090715,1.0101387406616862,6657.0,3.5522945570971185,38.25,-122.0,1.429
4.9103,4.0,5.502212389380531,0.9734513274336284,1545.0,3.418141592920354,38.25,-121.98,1.404
4.5987,12.0,6.527646129541864,1.1216429699842023,2087.0,3.296998420221169,38.26,-122.01,1.397
3.1979,16.0,5.723374827109267,1.0484094052558783,1762.0,2.437067773167358,38.27,-121.99,1.375
6.0842,18.0,7.675,1.05,368.0,3.066666666666667,38.26,-121.99,2.611
2.8357,17.0,5.308255659121172,1.059254327563249,2899.0,1.930093209054594,38.37,-121.94,1.201
3.2396,14.0,5.092511013215859,0.9515418502202644,574.0,2.5286343612334803,38.37,-121.94,1.438
5.0346,2.0,8.813167259786477,1.307829181494662,1791.0,3.1868327402135237,38.36,-121.94,2.051
4.6719,17.0,5.980327868852459,1.140983606557377,934.0,3.062295081967213,38.48,-121.99,2.5
3.4741,17.0,5.481149012567325,1.0682226211849193,1434.0,2.574506283662477,38.41,-122.07,2.458
5.1534,19.0,5.6280373831775705,1.029906542056075,1665.0,3.1121495327102804,38.43,-121.95,2.328
4.5,15.0,6.072115384615385,1.0144230769230769,665.0,3.1971153846153846,38.41,-121.94,2.609
2.7051,26.0,5.602179836512262,1.125340599455041,933.0,2.542234332425068,38.37,-121.92,1.938
6.0252,15.0,7.958217270194986,1.0389972144846795,1325.0,3.6908077994428967,38.34,-121.96,1.517
3.6036,14.0,4.577677224736048,1.0256410256410255,1597.0,2.4087481146304675,38.34,-121.96,1.435
5.8269,16.0,7.136986301369863,1.0,1099.0,3.7636986301369855,38.35,-121.95,1.502
4.412,8.0,5.548330404217926,0.9824253075571178,1758.0,3.0896309314587,38.35,-121.94,1.401
6.1112,2.0,7.153277931671283,1.046168051708218,3481.0,3.2142197599261317,38.34,-121.92,1.81
4.2324,9.0,6.118727050183598,1.069767441860465,2687.0,3.2888616891064872,38.34,-121.95,1.421
4.976,3.0,6.57201646090535,1.034567901234568,3664.0,3.0156378600823044,38.33,-121.96,1.583
4.0458,12.0,5.253073770491803,1.022540983606557,2749.0,2.8165983606557377,38.32,-121.96,1.306
4.875,25.0,5.78125,1.0,85.0,2.65625,38.31,-121.93,2.5
10.2264,45.0,3.1666666666666665,0.8333333333333334,7460.0,1243.3333333333333,38.32,-121.98,1.375
2.5707,38.0,5.511494252873563,1.0459770114942528,745.0,2.1408045977011496,38.35,-122.0,1.26
3.6176,24.0,6.478260869565218,1.008695652173913,300.0,2.608695652173913,38.35,-122.0,1.585
3.8651,18.0,6.436154949784792,1.0373027259684362,1600.0,2.295552367288378,38.35,-122.01,1.897
3.7388,17.0,5.002643171806168,0.9832599118942732,3182.0,2.80352422907489,38.35,-121.97,1.22
4.5568,11.0,4.934210526315789,1.049342105263158,899.0,2.9572368421052637,38.34,-121.97,1.272
3.89,7.0,4.689458689458689,0.9943019943019944,1911.0,2.7222222222222223,38.34,-121.96,1.403
2.7434,11.0,4.622478386167147,1.138328530259366,1772.0,2.553314121037464,38.36,-121.96,2.188
4.4375,16.0,6.126353790613718,0.9638989169675092,832.0,3.003610108303249,38.35,-121.98,1.326
4.0536,13.0,5.54601226993865,1.030674846625767,2022.0,3.1012269938650308,38.34,-121.98,1.348
4.0329,16.0,5.8275,1.125,1074.0,2.685,38.34,-121.97,1.268
2.5938,18.0,4.470588235294118,1.0565167243367934,2386.0,2.7520184544406,38.34,-121.98,1.295
4.0433,16.0,5.7421875,1.01953125,748.0,2.921875,38.34,-121.99,1.322
4.2137,13.0,5.1537242472266245,0.9667194928684628,1915.0,3.03486529318542,38.34,-121.99,1.517
5.5435,34.0,6.084507042253521,0.9154929577464788,208.0,2.9295774647887325,38.35,-122.0,1.36
6.0704,16.0,7.40117994100295,1.079646017699115,1043.0,3.0766961651917404,38.38,-122.0,1.734
5.778,16.0,7.413729128014842,1.020408163265306,1673.0,3.103896103896104,38.37,-122.01,1.757
4.9583,28.0,6.759450171821306,1.0824742268041236,734.0,2.52233676975945,38.36,-122.01,1.462
6.0767,16.0,5.572413793103448,0.9448275862068966,371.0,2.5586206896551724,38.38,-122.02,2.164
6.4894,16.0,7.381656804733728,0.9792899408284024,1118.0,3.3076923076923075,38.37,-122.02,1.98
5.9441,15.0,6.87719298245614,0.9707602339181286,485.0,2.8362573099415203,38.36,-122.01,2.282
5.1781,3.0,7.107116104868914,1.0614232209737828,4095.0,3.067415730337079,38.39,-121.98,1.919
3.625,18.0,6.469135802469136,1.1419753086419753,469.0,2.8950617283950617,38.37,-122.0,1.25
3.3438,34.0,5.057239057239057,0.9494949494949496,860.0,2.895622895622896,38.36,-122.0,1.356
3.3036,26.0,5.45303867403315,1.0055248618784531,1002.0,2.7679558011049723,38.36,-121.82,2.1
3.9309,18.0,6.318881118881119,1.1566433566433567,2230.0,3.1188811188811187,38.49,-121.81,1.785
3.7061,24.0,5.772189349112426,1.0088757396449703,1140.0,3.3727810650887573,38.45,-121.81,1.285
3.7083,10.0,5.703603603603604,1.063963963963964,3419.0,3.08018018018018,38.46,-121.82,1.548
5.0862,2.0,9.080459770114942,1.5517241379310345,235.0,2.7011494252873565,38.43,-121.85,1.665
4.8611,15.0,6.442065491183879,0.9773299748110832,2540.0,3.198992443324937,38.45,-121.83,1.464
2.3438,36.0,5.023952095808383,0.9461077844311376,446.0,2.6706586826347305,38.45,-121.83,1.227
3.9286,30.0,5.732876712328767,1.0171232876712328,756.0,2.589041095890411,38.43,-121.81,1.331
2.625,32.0,5.320284697508897,1.1850533807829182,905.0,3.2206405693950177,38.25,-121.76,2.125
3.0288,40.0,5.125506072874494,1.040485829959514,547.0,2.214574898785425,38.13,-121.73,1.644
3.5647,33.0,5.423357664233577,1.0583941605839415,781.0,2.8503649635036497,38.22,-122.49,2.518
2.7457,37.0,5.632727272727273,1.0945454545454545,863.0,3.138181818181818,38.16,-122.41,2.547
3.5507,24.0,5.121052631578947,1.0526315789473684,718.0,1.8894736842105264,38.3,-122.45,2.579
3.4031,15.0,5.286796536796537,1.0692640692640694,2175.0,2.353896103896104,38.3,-122.47,2.095
1.9487,25.0,4.670676691729323,1.075187969924812,1262.0,1.897744360902256,38.34,-122.44,2.335
2.364,21.0,4.817097415506958,1.1133200795228628,1098.0,2.182902584493042,38.29,-122.46,1.733
2.5658,14.0,4.815483870967742,1.0916129032258064,1277.0,1.647741935483871,38.29,-122.47,2.08
4.2237,25.0,5.995226730310263,1.0513126491646778,1994.0,2.379474940334129,38.27,-122.45,2.623
5.2155,18.0,6.553133514986376,1.0626702997275204,872.0,2.3760217983651226,38.27,-122.52,2.483
3.3098,30.0,5.742957746478873,1.0,788.0,2.7746478873239435,38.32,-122.49,1.955
3.25,27.0,5.252559726962457,1.0187713310580204,1411.0,2.407849829351536,38.31,-122.49,1.955
3.3571,14.0,5.227941176470588,1.1066176470588236,1613.0,2.9650735294117645,38.3,-122.49,1.936
2.652,17.0,5.248543689320388,1.0679611650485437,1241.0,2.4097087378640776,38.3,-122.48,1.713
3.8,26.0,6.876494023904383,1.151394422310757,672.0,2.6772908366533863,38.29,-122.49,2.421
3.5625,8.0,5.44017094017094,1.0555555555555556,1657.0,1.7702991452991452,38.27,-122.49,2.132
4.3472,15.0,5.923832923832924,1.095823095823096,1144.0,2.810810810810811,38.34,-122.47,2.61
3.2727,17.0,5.234177215189874,1.139240506329114,1587.0,2.5110759493670884,38.32,-122.49,1.76
3.1375,31.0,5.25,1.1203703703703705,680.0,2.098765432098765,38.32,-122.48,1.921
2.3276,29.0,4.731075697211155,1.1155378486055776,1124.0,2.239043824701195,38.31,-122.48,1.662
2.7727,19.0,5.091295116772824,1.1061571125265393,1266.0,2.6878980891719744,38.31,-122.48,1.868
3.1129,42.0,4.7325842696629215,1.197752808988764,1141.0,2.5640449438202246,38.32,-122.48,1.493
4.2891,24.0,6.082191780821918,1.126027397260274,894.0,2.4493150684931506,38.42,-122.55,2.117
3.075,25.0,4.3259668508287294,0.9723756906077348,784.0,2.165745856353591,38.35,-122.5,1.651
3.7969,40.0,5.949781659388647,1.1593886462882097,1167.0,2.5480349344978164,38.36,-122.54,2.028
4.7,25.0,6.889400921658986,1.036866359447005,1335.0,3.076036866359447,38.24,-122.61,1.901
3.4896,17.0,6.084507042253521,0.954225352112676,897.0,3.158450704225352,38.24,-122.61,1.859
2.9871,18.0,5.105,1.05,914.0,2.285,38.23,-122.61,1.938
6.204,19.0,6.56420233463035,0.9844357976653696,893.0,3.4747081712062258,38.24,-122.62,2.018
5.2452,18.0,6.923990498812351,0.992874109263658,1340.0,3.182897862232779,38.25,-122.61,2.049
4.725,16.0,6.157205240174672,0.9126637554585152,741.0,3.2358078602620086,38.24,-122.6,2.045
5.0849,18.0,6.62076749435666,1.0857787810383748,1279.0,2.887133182844244,38.24,-122.61,1.885
4.8603,16.0,6.790155440414508,1.077720207253886,1247.0,3.2305699481865284,38.24,-122.6,1.984
3.7115,20.0,6.091549295774648,1.0598591549295775,1707.0,3.005281690140845,38.25,-122.63,1.819
4.0341,33.0,5.565040650406504,1.1382113821138211,758.0,3.0813008130081303,38.24,-122.62,1.565
4.0962,33.0,6.1308016877637135,1.0548523206751057,677.0,2.8565400843881856,38.25,-122.62,1.702
4.6833,17.0,5.235831809872029,0.8903107861060329,1482.0,2.709323583180987,38.26,-122.61,2.152
2.875,20.0,4.767676767676767,1.0378787878787878,826.0,2.085858585858586,38.25,-122.62,1.891
4.6534,24.0,6.596685082872928,0.988950276243094,1187.0,3.2790055248618786,38.25,-122.62,1.965
5.3707,7.0,6.443564356435644,1.0178217821782178,2902.0,2.873267326732673,38.27,-122.57,2.505
3.6392,8.0,5.709426627793975,1.0835762876579202,2808.0,2.728862973760933,38.17,-122.51,2.463
5.1391,9.0,6.3099337748344375,1.080794701986755,2077.0,2.750993377483444,38.27,-122.65,2.345
4.6069,7.0,5.609195402298851,0.9985632183908046,3551.0,2.5510057471264367,38.26,-122.63,2.023
2.5179,45.0,4.938837920489297,1.033639143730887,823.0,2.516819571865444,38.24,-122.63,1.455
3.0139,45.0,4.796610169491525,1.0677966101694916,1076.0,2.2796610169491527,38.23,-122.63,1.941
3.0769,52.0,5.119047619047619,1.1857142857142855,519.0,2.4714285714285715,38.23,-122.64,2.309
4.075,49.0,5.361305361305361,1.0792540792540792,1061.0,2.473193473193473,38.23,-122.64,2.288
4.0417,34.0,5.25748502994012,0.9580838323353292,372.0,2.2275449101796405,38.22,-122.63,2.321
4.0703,37.0,5.16010498687664,0.9133858267716536,875.0,2.2965879265091864,38.23,-122.63,2.238
3.1711,52.0,5.058309037900875,1.0116618075801749,712.0,2.075801749271137,38.23,-122.65,2.008
3.3011,52.0,4.616702355460386,1.0042826552462527,1070.0,2.291220556745182,38.23,-122.64,2.523
3.45,52.0,5.573913043478261,1.1391304347826088,910.0,2.63768115942029,38.23,-122.65,2.006
4.3056,39.0,5.9079754601227,1.0572597137014317,1351.0,2.7627811860940694,38.2,-122.66,2.513
2.5202,52.0,4.644699140401146,1.1260744985673352,635.0,1.819484240687679,38.24,-122.64,2.44
3.7917,40.0,4.959798994974874,1.030150753768844,1039.0,2.6105527638190957,38.24,-122.64,1.516
3.402,23.0,5.179948586118252,1.044987146529563,1852.0,2.380462724935733,38.25,-122.65,1.933
4.95,24.0,6.223642172523961,0.9904153354632588,922.0,2.9456869009584663,38.24,-122.65,2.436
4.275,49.0,6.072356215213358,1.074211502782931,1431.0,2.654916512059369,38.24,-122.65,2.276
3.8,31.0,4.791744840525328,0.9662288930581614,1507.0,2.827392120075047,38.25,-122.64,1.626
5.0544,29.0,5.875555555555556,1.031111111111111,1372.0,3.048888888888889,38.24,-122.67,2.618
2.4117,16.0,4.933656957928803,0.9854368932038836,1675.0,2.710355987055016,38.35,-122.72,1.625
4.3906,26.0,5.649484536082475,1.0103092783505154,801.0,2.752577319587629,38.31,-122.72,2.48
2.5819,44.0,4.58641975308642,0.9567901234567902,434.0,2.6790123456790123,38.34,-122.73,2.096
4.6324,16.0,5.685410334346504,1.060790273556231,1938.0,2.945288753799392,38.32,-122.69,1.836
3.6953,13.0,4.388402625820569,1.0240700218818382,2064.0,2.2582056892778994,38.33,-122.71,1.576
4.1964,14.0,6.297405189620759,1.157684630738523,1208.0,2.411177644710579,38.31,-122.7,2.581
3.6369,16.0,5.271186440677966,1.0254237288135593,696.0,2.949152542372881,38.33,-122.7,1.587
5.6613,15.0,5.953051643192488,0.971830985915493,1400.0,3.286384976525821,38.32,-122.69,1.724
3.733,23.0,5.784552845528455,1.048780487804878,1526.0,3.1016260162601625,38.34,-122.69,1.635
3.0078,26.0,5.184065934065934,1.0467032967032968,1060.0,2.912087912087912,38.33,-122.7,1.604
2.6033,22.0,4.055194805194805,1.0876623376623376,699.0,2.26948051948052,38.34,-122.71,1.216
3.375,26.0,5.3694915254237285,1.0,846.0,2.867796610169492,38.33,-122.7,1.563
7.226,12.0,8.24468085106383,0.9946808510638298,685.0,3.643617021276596,38.35,-122.69,2.553
4.0071,15.0,4.532258064516129,1.021994134897361,1602.0,2.3489736070381237,38.34,-122.69,1.355
3.7813,14.0,5.826196473551637,1.035264483627204,954.0,2.403022670025189,38.35,-122.7,1.465
2.8261,19.0,4.34156976744186,0.9825581395348836,1782.0,2.5901162790697674,38.34,-122.7,1.545
3.1781,23.0,4.926391382405745,1.0556552962298025,1493.0,2.680430879712747,38.34,-122.71,1.62
4.8233,8.0,6.061361457334612,0.959731543624161,2969.0,2.8465963566634707,38.37,-122.69,2.14
5.6018,16.0,6.767241379310345,0.9913793103448276,1014.0,2.913793103448276,38.37,-122.71,2.53
4.4444,16.0,6.255555555555556,0.9407407407407408,921.0,3.411111111111111,38.35,-122.69,1.918
2.4827,6.0,4.622371740958789,1.1555929352396972,2502.0,2.1042893187552565,38.36,-122.69,1.775
5.0366,16.0,6.741116751269035,0.949238578680203,607.0,3.081218274111675,38.35,-122.7,2.578
4.221,11.0,6.640410958904109,1.0022831050228311,2538.0,2.8972602739726026,38.36,-122.7,2.271
4.3278,8.0,5.843045843045843,1.038073038073038,3833.0,2.9782439782439782,38.36,-122.68,1.841
4.0844,12.0,5.073298429319372,1.023560209424084,2146.0,2.8089005235602094,38.34,-122.69,1.654
3.9518,4.0,5.472542372881356,1.0888135593220338,4323.0,2.930847457627119,38.33,-122.67,2.203
3.2857,16.0,5.146788990825688,1.0428134556574924,880.0,2.691131498470948,38.34,-122.69,1.602
3.1047,32.0,4.5,0.998407643312102,1767.0,2.813694267515924,38.4,-122.68,1.414
1.6267,23.0,4.263586956521739,1.125,1031.0,2.801630434782609,38.42,-122.71,1.292
1.439,17.0,3.797752808988764,1.0426966292134832,833.0,1.8719101123595503,38.4,-122.71,1.406
2.0915,16.0,4.523897058823529,1.1130514705882353,2557.0,2.350183823529412,38.39,-122.7,1.681
4.3657,17.0,6.555806087936866,1.012401352874859,2614.0,2.947012401352875,38.44,-122.66,2.159
4.3587,29.0,5.594298245614035,0.9824561403508772,1165.0,2.554824561403509,38.44,-122.67,1.964
3.5885,18.0,5.236538461538461,1.0173076923076922,1150.0,2.2115384615384617,38.43,-122.68,1.919
4.5588,17.0,6.053691275167785,1.0201342281879195,750.0,2.5167785234899327,38.43,-122.67,1.964
3.2813,17.0,4.98014888337469,0.9925558312655088,895.0,2.220843672456576,38.43,-122.67,2.027
4.023,14.0,5.594736842105263,1.091578947368421,2228.0,2.345263157894737,38.42,-122.66,2.084
3.3981,15.0,5.860279441117765,1.031936127744511,1182.0,2.3592814371257487,38.46,-122.58,2.469
4.6957,13.0,6.189751801441153,1.088871096877502,2543.0,2.0360288230584467,38.42,-122.61,2.598
3.183,14.0,4.7844827586206895,1.1206896551724137,505.0,1.4511494252873562,38.44,-122.59,2.012
3.4561,20.0,5.451171875,1.06640625,785.0,1.533203125,38.43,-122.59,2.167
2.6023,14.0,3.7824,1.0096,1300.0,2.08,38.46,-122.66,2.211
2.9222,24.0,5.141176470588236,1.0294117647058822,1027.0,2.0137254901960784,38.45,-122.67,2.426
3.2415,32.0,5.230235783633842,1.027739251040222,1786.0,2.4771151178918167,38.44,-122.67,1.722
2.9107,29.0,4.97508896797153,1.0462633451957295,1346.0,2.395017793594306,38.44,-122.68,1.697
3.9766,47.0,6.277777777777778,1.0694444444444444,310.0,2.1527777777777777,38.45,-122.7,1.906
4.0139,36.0,5.546052631578948,0.9967105263157896,744.0,2.4473684210526314,38.45,-122.68,1.631
2.7222,40.0,4.911864406779661,0.952542372881356,636.0,2.1559322033898307,38.44,-122.69,1.612
3.5521,35.0,6.277777777777778,1.1157407407407407,620.0,2.8703703703703702,38.44,-122.69,1.683
3.4545,36.0,4.891791044776119,0.9664179104477612,648.0,2.417910447761194,38.44,-122.68,1.612
3.2845,45.0,4.551546391752577,1.041237113402062,401.0,2.0670103092783507,38.44,-122.7,1.783
3.9191,36.0,6.110062893081761,1.059748427672956,711.0,2.2358490566037736,38.45,-122.69,1.83
3.8583,31.0,6.457142857142857,1.125,691.0,2.467857142857143,38.44,-122.69,1.932
2.1912,42.0,4.122093023255814,1.058139534883721,547.0,3.1802325581395348,38.44,-122.7,1.65
3.2935,35.0,4.289473684210527,1.1282894736842106,822.0,2.7039473684210527,38.44,-122.7,1.578
2.2262,52.0,4.55379746835443,1.0284810126582278,738.0,2.335443037974684,38.43,-122.71,1.299
1.5026,38.0,3.1928166351606806,0.994328922495274,1071.0,2.0245746691871456,38.43,-122.71,1.24
1.5357,52.0,3.879120879120879,1.0293040293040292,627.0,2.2967032967032965,38.44,-122.72,1.375
1.3684,52.0,4.082644628099174,1.1694214876033058,475.0,1.962809917355372,38.44,-122.71,2.583
1.9932,29.0,4.32994923857868,1.0532994923857868,990.0,2.512690355329949,38.47,-122.72,1.648
2.9073,35.0,4.691558441558442,1.0032467532467533,795.0,2.581168831168831,38.46,-122.72,1.57
3.1467,41.0,4.882352941176471,1.0448179271708684,780.0,2.184873949579832,38.45,-122.72,1.755
2.314,42.0,4.265582655826559,1.018970189701897,844.0,2.2872628726287263,38.46,-122.71,1.694
2.905,41.0,4.310043668122271,1.0524017467248907,965.0,2.106986899563319,38.46,-122.71,1.593
3.0444,36.0,4.559748427672956,1.0817610062893082,1087.0,2.278825995807128,38.46,-122.71,1.672
2.9663,39.0,4.813708260105448,1.0070298769771528,1223.0,2.149384885764499,38.45,-122.71,1.854
3.455,48.0,5.8830188679245285,1.058490566037736,1275.0,2.4056603773584904,38.45,-122.71,2.221
1.125,26.0,3.794339622641509,1.0509433962264152,855.0,1.6132075471698113,38.45,-122.7,2.333
2.1827,52.0,4.344230769230769,1.0326923076923078,957.0,1.8403846153846155,38.45,-122.71,1.888
5.3409,15.0,6.081081081081081,1.0115830115830116,716.0,2.7644787644787643,38.48,-122.68,2.446
2.4722,16.0,4.722298221614227,1.0820793433652531,1567.0,2.143638850889193,38.47,-122.67,1.943
4.7143,17.0,6.466666666666667,1.0646464646464646,1244.0,2.5131313131313133,38.46,-122.68,2.029
3.0568,19.0,4.267898383371825,0.9884526558891455,1130.0,2.6096997690531176,38.47,-122.67,1.903
2.3929,15.0,4.493796526054591,1.0074441687344913,718.0,1.781637717121588,38.46,-122.68,1.413
3.9261,23.0,5.44839255499154,1.0203045685279188,1299.0,2.197969543147208,38.46,-122.71,2.133
5.0415,29.0,6.555555555555555,1.0408163265306123,1012.0,2.2947845804988662,38.46,-122.7,2.402
4.1734,39.0,6.396825396825397,1.0634920634920637,640.0,2.031746031746032,38.45,-122.7,2.405
4.2051,16.0,5.236893203883495,0.9514563106796116,1462.0,2.8388349514563105,38.48,-122.66,1.903
2.825,16.0,4.648464163822526,1.0119453924914676,1124.0,1.918088737201365,38.48,-122.66,1.862
3.7617,23.0,5.818652849740933,1.1321243523316062,1035.0,2.681347150259068,38.47,-122.66,1.726
4.0647,14.0,5.279596977329975,1.057934508816121,926.0,2.332493702770781,38.46,-122.65,1.878
3.267,21.0,5.230379746835443,0.9949367088607596,919.0,2.3265822784810126,38.48,-122.66,1.762
4.75,20.0,6.1,1.0369565217391303,1369.0,2.976086956521739,38.47,-122.66,1.905
5.8369,19.0,7.145374449339207,0.9889867841409692,1174.0,2.5859030837004404,38.48,-122.64,2.557
3.858,24.0,7.662162162162162,1.114864864864865,847.0,2.8614864864864864,38.47,-122.65,2.144
5.5061,17.0,6.6871165644171775,1.0061349693251531,473.0,2.901840490797546,38.48,-122.65,2.318
5.4886,6.0,6.739217652958876,1.0190571715145436,2699.0,2.7071213640922767,38.54,-122.75,2.542
2.4922,23.0,4.764705882352941,1.0417457305502846,1052.0,1.9962049335863377,38.52,-122.78,1.92
3.75,18.0,5.7538644470868014,1.0915576694411415,2755.0,3.2758620689655173,38.5,-122.79,2.483
3.055,6.0,5.528,1.0346666666666666,826.0,2.2026666666666666,38.52,-122.76,2.241
5.449,16.0,6.822764227642277,1.0373983739837398,1713.0,2.7853658536585364,38.5,-122.75,2.521
2.0651,14.0,3.4905008635578585,1.1208981001727116,2323.0,2.006044905008636,38.46,-122.73,1.354
3.7266,16.0,4.702564102564103,1.0025641025641026,994.0,2.5487179487179485,38.47,-122.73,1.565
3.0714,16.0,5.484615384615385,1.103846153846154,525.0,2.019230769230769,38.47,-122.74,1.617
4.551,12.0,6.451313755795981,1.035548686244204,1882.0,2.908809891808346,38.48,-122.74,1.783
4.5417,4.0,5.735632183908046,0.9832007073386384,2958.0,2.6153846153846154,38.48,-122.75,1.974
3.1662,7.0,4.866192170818505,1.008540925266904,3468.0,2.4683274021352317,38.48,-122.79,1.91
4.745,28.0,6.313932980599647,1.0776014109347445,1634.0,2.8818342151675487,38.46,-122.81,2.486
3.0147,13.0,5.938186813186813,1.401098901098901,2566.0,3.524725274725274,38.46,-122.75,1.428
2.6384,16.0,4.527303754266212,1.0341296928327646,1693.0,2.889078498293516,38.46,-122.75,1.469
4.5152,14.0,6.478142076502732,1.0327868852459017,2149.0,2.935792349726776,38.46,-122.76,1.992
4.2061,14.0,6.2421875,0.9986979166666666,2252.0,2.9322916666666665,38.46,-122.76,2.131
1.722,14.0,3.432791728212703,1.1137370753323486,1026.0,1.515509601181684,38.46,-122.73,1.5
3.9329,17.0,5.193220338983051,0.9966101694915256,1704.0,2.888135593220339,38.45,-122.74,1.709
4.0798,25.0,5.245136186770428,0.9649805447470816,1296.0,2.5214007782101167,38.45,-122.74,1.792
2.6576,23.0,5.163003663003663,1.120879120879121,1644.0,3.010989010989011,38.44,-122.74,1.479
3.875,20.0,5.838,1.016,1711.0,3.422,38.44,-122.73,1.403
3.1797,48.0,4.1104651162790695,0.9651162790697676,458.0,2.6627906976744184,38.44,-122.72,1.404
2.3824,35.0,4.087591240875913,1.083941605839416,659.0,2.4051094890510947,38.44,-122.73,1.45
2.4,28.0,4.508403361344538,1.012605042016807,652.0,2.739495798319328,38.44,-122.73,1.462
0.9437,52.0,2.611111111111111,0.8611111111111112,301.0,4.180555555555555,38.44,-122.72,1.292
3.5845,17.0,4.63894523326572,1.0081135902636915,1240.0,2.5152129817444218,38.44,-122.74,1.643
3.0341,11.0,4.854469854469855,1.0467775467775469,2430.0,2.525987525987526,38.43,-122.74,1.423
3.7132,15.0,5.1907790143084265,1.09697933227345,1629.0,2.589825119236884,38.43,-122.73,1.676
3.6292,8.0,5.593659942363113,1.0605187319884726,2864.0,2.751200768491835,38.45,-122.76,1.836
4.7283,11.0,5.421348314606742,0.9812734082397004,1633.0,3.0580524344569286,38.44,-122.76,1.702
3.8244,14.0,5.865951742627346,1.0683646112600536,1809.0,2.4249329758713136,38.44,-122.76,1.8
5.038,9.0,5.428415300546448,0.9672131147540984,2581.0,2.8207650273224045,38.42,-122.79,1.856
2.375,42.0,4.927884615384615,1.0432692307692308,1073.0,2.579326923076923,38.42,-122.74,1.41
2.1864,29.0,4.031626506024097,1.0406626506024097,1880.0,2.8313253012048194,38.43,-122.73,1.432
2.5735,31.0,4.622425629290618,1.0892448512585813,1408.0,3.2219679633867275,38.43,-122.72,1.311
1.9458,26.0,4.709677419354839,1.0201612903225807,937.0,3.778225806451613,38.42,-122.72,1.46
3.0969,26.0,5.119318181818182,1.0426136363636365,2605.0,3.700284090909091,38.42,-122.72,1.438
4.3523,26.0,4.901694915254238,1.0033898305084743,884.0,2.9966101694915253,38.42,-122.73,1.5
2.8036,30.0,5.234413965087282,1.0124688279301746,1156.0,2.882793017456359,38.42,-122.72,1.523
2.975,30.0,5.2926829268292686,1.0703012912482066,2250.0,3.2281205164992826,38.4,-122.73,1.573
3.1094,40.0,4.822916666666667,1.0729166666666667,841.0,2.920138888888889,38.37,-122.73,1.833
2.6667,36.0,5.092356687898089,1.0987261146496816,1086.0,3.4585987261146496,38.43,-122.75,1.491
2.5917,43.0,4.548821548821548,0.9326599326599326,1011.0,3.404040404040404,38.41,-122.78,1.44
2.75,35.0,5.639308855291577,1.0259179265658749,1293.0,2.7926565874730023,38.39,-122.77,1.975
3.9688,17.0,5.163934426229508,0.9639344262295082,1857.0,3.044262295081967,38.41,-122.75,1.65
2.785,32.0,4.172619047619048,1.0833333333333333,489.0,2.9107142857142856,38.41,-122.82,1.693
2.9625,29.0,5.190207156308851,1.0376647834274952,1381.0,2.6007532956685497,38.42,-122.84,2.373
3.6667,38.0,5.182222222222222,0.9911111111111112,584.0,2.5955555555555554,38.42,-122.86,2.444
4.125,19.0,5.423267326732673,0.9678217821782178,1065.0,2.636138613861386,38.41,-122.84,2.046
3.1217,37.0,5.179906542056075,1.0537383177570094,1019.0,2.380841121495327,38.4,-122.83,1.785
3.6696,15.0,5.141903171953255,1.0300500834724542,1446.0,2.4140233722871454,38.4,-122.84,1.944
3.7991,21.0,4.907407407407407,1.0061728395061729,414.0,2.555555555555556,38.37,-122.78,1.75
3.8846,40.0,5.647887323943662,0.9929577464788732,1054.0,2.4741784037558685,38.4,-122.82,2.159
4.1731,26.0,5.1545741324921135,0.9936908517350158,909.0,2.867507886435331,38.37,-122.8,2.572
2.9453,26.0,5.411904761904762,1.1285714285714286,1124.0,2.676190476190476,38.39,-122.8,1.667
4.4357,16.0,6.0285714285714285,1.042857142857143,793.0,2.8321428571428573,38.39,-122.84,2.169
2.462,19.0,4.548969072164948,1.0154639175257731,868.0,2.237113402061856,38.39,-122.83,2.603
3.625,22.0,5.854545454545455,1.1045454545454545,593.0,2.6954545454545453,38.39,-122.82,2.337
4.7422,32.0,5.865306122448979,1.0489795918367346,752.0,3.0693877551020408,38.39,-122.82,2.409
4.5132,27.0,5.492505353319058,1.025695931477516,1227.0,2.627408993576017,38.38,-122.82,2.599
5.0323,30.0,6.295264623955432,1.041782729805014,958.0,2.668523676880223,38.35,-122.76,2.224
3.9917,25.0,5.576363636363636,1.0345454545454544,1602.0,2.9127272727272726,38.33,-122.82,2.441
3.4471,31.0,5.326388888888889,1.0138888888888888,716.0,2.486111111111111,38.44,-122.86,2.095
4.0446,36.0,5.726224783861672,1.1152737752161384,1065.0,3.069164265129683,38.43,-122.87,1.722
2.6161,30.0,6.833333333333333,1.597938144329897,1387.0,2.3831615120274914,38.49,-123.04,1.325
2.0556,52.0,8.316602316602317,1.9266409266409263,524.0,2.023166023166023,38.46,-123.02,1.2
3.1,29.0,7.5423728813559325,1.5915254237288134,1328.0,2.2508474576271187,38.44,-122.98,1.621
3.2315,35.0,6.698757763975156,1.5124223602484472,768.0,2.3850931677018634,38.54,-123.02,1.369
2.6726,33.0,5.032154340836013,1.2540192926045015,759.0,2.440514469453376,38.51,-123.0,1.531
1.9265,44.0,6.880851063829788,1.5872340425531914,1112.0,2.3659574468085105,38.5,-122.97,1.327
3.7143,49.0,6.201086956521739,1.298913043478261,505.0,2.744565217391304,38.53,-122.94,1.488
3.6343,37.0,5.208860759493671,1.0949367088607596,1137.0,2.3987341772151898,38.49,-122.91,1.465
3.5085,27.0,5.446153846153846,1.0853146853146851,1832.0,2.5622377622377623,38.48,-122.87,1.878
2.5687,25.0,5.1245901639344265,1.0295081967213116,737.0,2.416393442622951,38.46,-122.88,2.492
4.5,18.0,6.142857142857143,1.0729483282674772,912.0,2.7720364741641337,38.46,-122.91,2.519
5.0555,4.0,6.751677852348993,1.0546500479386385,2936.0,2.8149568552253115,38.58,-122.72,2.408
3.8616,8.0,6.19,1.088,2967.0,2.967,38.55,-122.82,1.951
3.6583,13.0,6.309711286089239,1.1128608923884515,2568.0,3.37007874015748,38.52,-122.85,1.832
4.2716,9.0,5.7895569620253164,1.0316455696202531,1889.0,2.988924050632912,38.53,-122.78,2.508
1.1553,12.0,4.238888888888889,1.1314814814814815,919.0,1.701851851851852,38.54,-122.81,1.393
3.276,27.0,5.750788643533123,1.135646687697161,907.0,2.861198738170347,38.53,-122.82,1.729
3.7768,5.0,5.802037845705968,1.0727802037845706,1887.0,2.7467248908296944,38.54,-122.79,2.138
3.7361,23.0,5.352,1.042,1456.0,2.912,38.61,-122.87,1.737
2.1903,52.0,4.27683615819209,0.9830508474576272,767.0,2.1666666666666665,38.62,-122.87,1.6
3.4013,52.0,4.613157894736842,1.0,982.0,2.5842105263157893,38.61,-122.86,1.833
2.7432,35.0,5.204408817635271,1.0460921843687374,1231.0,2.466933867735471,38.62,-122.86,1.74
3.1875,18.0,5.0482374768089056,1.033395176252319,1667.0,3.0927643784786643,38.62,-122.87,1.761
3.8681,29.0,5.818181818181818,1.0294117647058822,1117.0,2.986631016042781,38.64,-122.82,1.886
3.2452,17.0,5.841573033707865,1.149438202247191,2036.0,2.2876404494382023,38.58,-122.83,1.688
4.0294,41.0,7.472527472527473,1.3763736263736264,987.0,2.7115384615384617,38.61,-122.82,2.017
4.5913,16.0,6.338593974175036,1.0100430416068866,1908.0,2.7374461979913915,38.62,-122.85,2.446
4.6875,33.0,6.924242424242424,1.1136363636363635,394.0,2.984848484848485,38.67,-123.01,2.462
2.9792,37.0,5.393728222996516,1.1428571428571428,863.0,3.0069686411149825,38.73,-122.95,1.513
3.7352,32.0,6.475357710651828,1.1414944356120826,2053.0,3.263910969793322,38.68,-122.87,2.28
4.6953,18.0,7.051851851851852,1.2666666666666666,1027.0,2.5358024691358025,38.77,-122.85,2.417
3.9063,43.0,6.178571428571429,1.2678571428571428,582.0,2.5982142857142856,38.66,-122.7,2.1
3.375,16.0,6.013372956909361,1.1426448736998511,1998.0,2.9687964338781576,38.79,-123.03,1.719
3.025,35.0,4.446511627906977,0.9906976744186048,488.0,2.269767441860465,38.81,-123.02,1.406
3.2425,45.0,4.678474114441417,1.0599455040871937,916.0,2.495912806539509,38.81,-123.02,1.388
3.5156,21.0,4.864864864864865,1.2972972972972974,131.0,1.7702702702702702,38.8,-123.01,1.333
3.2546,32.0,5.041121495327102,0.988785046728972,1417.0,2.6485981308411213,38.79,-123.01,1.341
2.8344,20.0,4.8730407523510975,1.115987460815047,1643.0,2.5752351097178683,38.79,-123.1,1.644
2.7171,38.0,8.295454545454545,1.7670454545454546,569.0,3.2329545454545454,38.7,-123.24,1.313
3.3536,27.0,7.061776061776062,1.4749034749034748,1278.0,2.467181467181468,38.54,-123.25,1.575
3.9167,28.0,8.839142091152816,1.8123324396782845,923.0,2.474530831099196,38.38,-123.08,2.326
2.9375,50.0,7.008310249307479,1.451523545706371,940.0,2.6038781163434903,38.42,-122.96,1.229
3.9336,18.0,6.188405797101449,1.207729468599034,1128.0,2.7246376811594204,38.38,-122.93,2.625
3.3333,27.0,6.541666666666667,1.1666666666666667,195.0,2.708333333333333,37.92,-120.84,2.083
3.7031,27.0,5.64745308310992,1.0053619302949062,2142.0,2.871313672922252,37.81,-120.9,1.733
2.2024,20.0,5.277777777777778,1.037037037037037,304.0,2.814814814814815,37.76,-120.9,1.563
3.1136,27.0,6.271604938271605,1.148148148148148,263.0,3.246913580246914,37.73,-120.86,1.833
3.5833,16.0,6.887179487179488,1.235897435897436,732.0,3.753846153846154,37.73,-120.76,1.875
3.5959,9.0,5.24160346695558,0.9967497291440952,2460.0,2.6652221018418203,37.77,-120.87,1.427
3.3169,15.0,5.81505728314239,1.0785597381342062,1684.0,2.756137479541735,37.78,-120.85,1.312
3.6875,16.0,5.7612903225806456,1.0580645161290323,548.0,3.535483870967742,37.79,-120.83,1.219
3.0043,18.0,5.745424292845258,1.108153078202995,1958.0,3.257903494176373,37.74,-120.95,1.565
4.3864,18.0,5.507042253521127,1.0,247.0,3.4788732394366195,37.72,-120.93,1.795
3.5877,14.0,5.53314606741573,1.0601123595505615,4356.0,2.447191011235955,37.7,-120.99,1.609
3.8598,14.0,5.684536082474227,0.9371134020618556,2819.0,2.906185567010309,37.69,-120.97,1.744
3.25,19.0,5.70945945945946,1.1047297297297298,855.0,2.8885135135135136,37.74,-120.91,1.767
2.4063,31.0,5.6,1.0266666666666666,429.0,2.86,37.73,-120.91,1.702
1.6172,24.0,4.705357142857143,1.0,270.0,2.4107142857142856,37.7,-120.92,1.563
4.4,25.0,7.23021582733813,1.143884892086331,390.0,2.805755395683453,37.7,-120.94,1.741
5.7476,19.0,8.04535637149028,1.1727861771058314,1412.0,3.0496760259179267,37.73,-120.97,2.486
2.5486,23.0,5.604081632653061,1.0775510204081633,677.0,2.763265306122449,37.72,-121.01,1.611
4.9236,5.0,5.682619647355164,1.057934508816121,1246.0,3.138539042821159,37.73,-121.06,1.559
3.375,39.0,6.027027027027027,1.0,92.0,2.4864864864864864,37.71,-121.07,2.125
3.2246,19.0,5.764024933214603,1.0792520035618878,3559.0,3.1691896705253786,37.69,-121.08,1.293
3.2391,29.0,5.9688888888888885,0.9911111111111112,751.0,3.3377777777777777,37.7,-121.14,1.875
3.3482,30.0,5.680412371134021,0.979381443298969,800.0,2.7491408934707904,37.67,-121.09,2.2
3.8864,42.0,6.2264808362369335,1.0313588850174216,921.0,3.2090592334494774,37.61,-121.09,1.714
2.875,43.0,6.314720812182741,1.0609137055837563,611.0,3.1015228426395938,37.64,-121.18,1.875
3.462,7.0,5.4436701509872245,1.0725900116144018,4827.0,2.803135888501742,37.7,-121.06,1.519
3.3036,52.0,8.725,1.475,121.0,3.025,37.7,-121.04,1.975
4.5332,5.0,6.095873015873016,1.0406349206349206,4449.0,2.8247619047619046,37.69,-121.04,1.955
3.6023,25.0,4.813953488372093,0.9534883720930232,87.0,2.0232558139534884,37.71,-121.02,1.313
3.4632,6.0,5.488421052631579,1.1726315789473685,1266.0,2.665263157894737,37.69,-121.03,1.377
3.3438,16.0,5.227067669172932,0.9774436090225564,2126.0,3.1969924812030075,37.7,-121.02,1.254
2.25,52.0,3.090909090909091,0.696969696969697,35.0,1.0606060606060606,37.71,-121.0,1.75
3.2447,12.0,4.936859147328656,1.0286022665947112,4656.0,2.512682137075013,37.7,-121.01,1.422
3.4167,31.0,7.023255813953488,1.131782945736434,383.0,2.9689922480620154,37.67,-121.06,1.969
4.6053,6.0,6.132550335570469,1.0033557046979866,1993.0,3.343959731543624,37.66,-121.06,1.501
4.5701,5.0,5.965317919075145,1.0500963391136802,1760.0,3.3911368015414256,37.65,-121.05,1.464
4.1705,11.0,5.563758389261745,1.0100671140939597,913.0,3.063758389261745,37.66,-121.04,1.628
3.3567,8.0,5.367123287671233,1.0383561643835617,995.0,2.7260273972602738,37.65,-121.04,1.291
3.9844,37.0,10.135135135135137,1.5675675675675675,120.0,3.2432432432432434,37.65,-121.03,1.5
0.536,16.0,2.111111111111111,2.111111111111111,166.0,18.444444444444443,37.67,-121.04,1.625
3.4079,18.0,5.523885350318471,1.052547770700637,1452.0,2.3121019108280256,37.69,-121.0,1.475
2.48,20.0,4.6453900709219855,1.0780141843971631,1538.0,2.181560283687943,37.69,-121.01,1.356
5.5,33.0,6.225563909774436,0.924812030075188,373.0,2.8045112781954886,37.68,-121.01,1.462
6.9682,15.0,6.285714285714286,0.9183673469387756,408.0,2.0816326530612246,37.68,-121.0,1.824
4.9904,29.0,6.328260869565217,0.967391304347826,1170.0,2.5434782608695654,37.68,-121.0,1.581
3.5208,19.0,4.743781094527363,0.9825870646766168,2219.0,2.759950248756219,37.69,-121.02,1.45
3.8065,5.0,5.436657681940701,1.0390835579514826,1967.0,2.650943396226415,37.69,-121.03,1.46
3.0217,9.0,5.006324110671937,1.0711462450592886,3265.0,2.58102766798419,37.69,-121.04,1.609
4.2471,4.0,5.816950633464395,1.0589777195281782,6420.0,2.8047182175622543,37.68,-120.94,1.621
4.3864,15.0,5.691449814126394,1.0855018587360594,1624.0,3.0185873605947955,37.67,-120.95,1.376
4.2823,16.0,6.170398009950249,1.1218905472636815,2654.0,3.300995024875622,37.66,-120.96,1.383
5.1473,16.0,6.663690476190476,0.9627976190476192,1990.0,2.961309523809524,37.66,-120.95,1.884
2.2279,37.0,6.181818181818182,0.9090909090909092,72.0,3.272727272727273,37.65,-120.95,2.25
3.3844,6.0,5.420807453416149,1.0201863354037266,2075.0,3.222049689440994,37.67,-120.93,1.385
4.744,10.0,6.310258548790659,1.1242702251876564,3227.0,2.6914095079232694,37.66,-120.93,1.481
5.5684,18.0,6.743099787685775,0.9936305732484076,1296.0,2.751592356687898,37.69,-120.98,1.851
6.4788,25.0,7.278215223097113,1.0078740157480317,1060.0,2.7821522309711284,37.69,-120.99,1.994
3.1912,24.0,5.0,0.8085106382978723,347.0,2.4609929078014185,37.68,-120.98,1.496
3.4667,16.0,5.855345911949685,0.9979035639412998,1279.0,2.6813417190775684,37.69,-120.97,1.609
3.1625,16.0,5.99234693877551,1.1377551020408163,1302.0,3.321428571428572,37.68,-120.97,1.303
4.7159,9.0,6.402298850574713,0.9885057471264368,529.0,3.0402298850574714,37.68,-120.97,1.637
3.65,13.0,4.44,0.9454545454545454,682.0,2.48,37.67,-120.98,1.555
3.3368,16.0,4.946428571428571,1.0615079365079363,1370.0,2.7182539682539684,37.68,-120.97,1.212
4.2969,18.0,6.554545454545455,1.040909090909091,538.0,2.4454545454545453,37.67,-120.96,1.632
2.4,31.0,5.605442176870748,0.9965986394557824,792.0,2.693877551020408,37.67,-120.97,1.215
3.1286,19.0,5.23607427055703,1.0424403183023874,799.0,2.119363395225464,37.66,-120.97,1.375
3.8542,15.0,5.725806451612903,1.0,1296.0,2.986175115207373,37.66,-120.96,1.452
3.5395,24.0,5.140350877192983,1.0315789473684212,1448.0,2.5403508771929824,37.66,-120.97,1.279
2.0227,21.0,4.791666666666667,1.0972222222222223,1260.0,2.1875,37.66,-120.97,1.798
0.9336,10.0,3.662745098039216,1.0196078431372548,401.0,1.572549019607843,37.66,-120.98,1.271
2.5938,39.0,5.788079470198675,1.0894039735099337,831.0,2.751655629139073,37.66,-120.99,1.356
4.5,36.0,6.332185886402754,1.0550774526678142,1366.0,2.351118760757315,37.66,-121.01,1.514
3.2632,43.0,5.613744075829384,0.9786729857819904,944.0,2.2369668246445498,37.66,-121.0,1.381
3.9844,43.0,5.961988304093567,0.9678362573099416,875.0,2.5584795321637426,37.66,-121.0,1.52
2.1969,47.0,5.767676767676767,1.1245791245791246,570.0,1.9191919191919191,37.65,-121.01,1.494
1.6078,28.0,4.2514792899408285,1.183431952662722,806.0,2.3846153846153846,37.66,-121.02,1.25
3.0398,5.0,5.054385964912281,1.024561403508772,1490.0,2.6140350877192984,37.63,-121.03,1.2
3.3516,33.0,6.913461538461538,1.1394230769230769,569.0,2.735576923076923,37.64,-121.05,1.5
3.4125,37.0,5.294416243654823,0.9949238578680204,555.0,2.817258883248731,37.62,-121.05,1.25
0.6825,17.0,2.372549019607843,0.9901960784313726,198.0,0.9705882352941176,37.65,-121.0,1.875
0.9573,19.0,2.951219512195122,1.0,658.0,16.048780487804876,37.64,-121.0,1.625
3.9886,16.0,5.469613259668508,0.988950276243094,1776.0,2.453038674033149,37.65,-120.97,1.375
7.3841,40.0,6.698412698412699,1.0,158.0,2.507936507936508,37.65,-120.98,1.722
2.1458,40.0,5.562111801242236,1.1149068322981366,679.0,2.108695652173913,37.64,-120.98,1.303
4.25,1.0,20.125,2.9285714285714284,402.0,3.5892857142857144,37.65,-120.93,1.892
3.4703,5.0,5.649149922720247,1.0757341576506956,2316.0,3.579598145285935,37.61,-121.01,1.293
4.6484,2.0,6.406607369758577,1.059720457433291,2784.0,3.537484116899619,37.59,-120.98,1.459
2.3849,11.0,4.983529411764706,1.0341176470588236,2410.0,2.835294117647059,37.59,-120.96,1.22
3.8372,13.0,5.962162162162162,1.0864864864864865,1796.0,3.236036036036036,37.61,-120.94,1.293
4.6833,17.0,6.077961019490255,0.9805097451274364,2034.0,3.049475262368816,37.61,-120.95,1.422
3.7041,11.0,7.260932944606414,1.186588921282799,1934.0,2.8192419825072887,37.62,-120.95,1.748
2.9451,7.0,5.38984126984127,1.0622222222222222,5807.0,3.686984126984127,37.62,-120.97,1.278
1.8958,16.0,6.173913043478261,1.108695652173913,239.0,5.195652173913044,37.7,-120.64,1.375
3.0809,5.0,6.126954921803128,1.1195952161913525,3012.0,2.7709291628334864,37.69,-120.86,1.436
3.8984,40.0,6.43312101910828,0.9872611464968152,488.0,3.1082802547770703,37.64,-120.87,1.705
2.69,20.0,5.6438127090301,1.0535117056856187,1505.0,2.516722408026756,37.64,-120.82,2.013
5.6945,36.0,6.191489361702128,1.0212765957446808,124.0,2.6382978723404253,37.59,-120.59,1.542
3.9688,30.0,6.60431654676259,1.1079136690647482,469.0,3.3741007194244603,37.61,-120.8,1.75
3.6181,35.0,5.513833992094861,1.0434782608695652,756.0,2.988142292490118,37.58,-120.76,1.786
3.6629,30.0,6.3625,1.0666666666666669,757.0,3.154166666666667,37.58,-120.83,1.714
3.4934,27.0,5.46,1.0466666666666666,451.0,3.006666666666667,37.57,-120.85,1.938
3.9821,22.0,5.783132530120482,1.072289156626506,774.0,3.108433734939759,37.57,-120.88,2.043
4.8958,30.0,6.594202898550725,1.0144927536231885,220.0,3.188405797101449,37.62,-120.87,1.425
4.5625,25.0,5.5046728971962615,0.9626168224299064,709.0,3.3130841121495327,37.6,-120.86,1.336
2.151,33.0,4.861244019138756,0.985645933014354,617.0,2.952153110047847,37.59,-120.89,1.958
3.7611,12.0,5.390625,0.9675480769230768,2445.0,2.938701923076923,37.6,-120.92,1.231
2.6591,26.0,7.22457627118644,1.1822033898305084,642.0,2.7203389830508478,37.59,-120.92,1.805
1.55,17.0,5.425149700598802,1.0808383233532934,672.0,2.0119760479041915,37.56,-120.93,1.661
3.1125,29.0,4.851851851851852,1.0246913580246917,672.0,2.765432098765432,37.57,-120.95,1.548
2.6406,27.0,5.505952380952381,1.0476190476190477,449.0,2.6726190476190474,37.57,-120.98,1.297
1.7169,36.0,4.706959706959707,0.989010989010989,706.0,2.586080586080586,37.58,-121.02,1.214
3.1875,33.0,5.2844827586206895,1.0603448275862069,343.0,2.956896551724138,37.5,-121.04,1.292
4.1346,26.0,5.626506024096385,1.120481927710843,244.0,2.9397590361445785,37.48,-121.02,1.875
3.2396,5.0,5.762973352033661,1.150070126227209,3062.0,4.2945301542777,37.48,-121.12,1.252
3.7045,6.0,5.353474320241692,1.003021148036254,1011.0,3.054380664652568,37.48,-121.14,1.281
3.5795,12.0,6.857575757575757,1.2424242424242424,913.0,2.7666666666666666,37.47,-121.11,1.456
5.2452,4.0,5.945010183299389,1.0244399185336048,1592.0,3.2423625254582484,37.46,-121.14,1.619
3.0,34.0,6.25531914893617,1.0425531914893618,147.0,3.127659574468085,37.5,-121.21,1.625
3.1645,37.0,6.345794392523365,1.0794392523364489,586.0,2.7383177570093458,37.52,-121.14,1.708
3.4464,33.0,4.968085106382978,1.0602836879432624,915.0,3.24468085106383,37.45,-121.06,1.625
3.1523,14.0,5.226685796269727,1.0129124820659972,2070.0,2.96987087517934,37.53,-120.84,1.418
1.6445,18.0,3.973314606741573,1.0280898876404494,1751.0,2.4592696629213484,37.53,-120.86,1.569
5.3168,18.0,6.638888888888889,1.0833333333333333,92.0,2.555555555555556,37.53,-120.88,1.75
2.2679,30.0,4.426086956521739,1.0,275.0,2.391304347826087,37.54,-120.89,2.5
2.5402,42.0,6.25,1.1510416666666667,647.0,3.3697916666666665,37.52,-120.89,1.575
3.4643,29.0,6.354978354978355,1.0606060606060606,747.0,3.2337662337662336,37.54,-120.96,1.25
2.3864,30.0,5.527896995708154,1.0171673819742488,720.0,3.0901287553648067,37.51,-120.96,1.391
2.9844,32.0,5.322033898305085,0.8983050847457628,682.0,2.889830508474576,37.48,-120.96,1.359
2.1875,27.0,5.267175572519084,1.0305343511450382,810.0,3.0916030534351147,37.43,-120.97,1.375
1.875,15.0,5.327102803738318,1.1495327102803738,189.0,1.766355140186916,37.53,-120.81,1.813
6.1324,20.0,8.220930232558139,1.3255813953488371,282.0,3.2790697674418605,37.54,-120.82,1.648
3.9286,13.0,5.959183673469388,0.9816326530612244,1602.0,3.269387755102041,37.52,-120.8,1.458
4.2188,17.0,6.024793388429752,1.1074380165289257,431.0,3.56198347107438,37.54,-120.72,1.313
3.4167,44.0,5.068376068376068,0.9615384615384616,687.0,2.935897435897436,37.49,-120.79,1.607
2.9135,27.0,5.349282296650718,0.9330143540669856,647.0,3.0956937799043063,37.48,-120.89,1.594
3.6597,29.0,5.843373493975903,1.0150602409638554,1070.0,3.2228915662650603,37.45,-120.89,1.456
2.6103,2.0,7.30859375,1.59765625,707.0,2.76171875,37.52,-120.88,1.336
3.1042,7.0,5.493362831858407,1.0896017699115044,2431.0,2.689159292035398,37.5,-120.87,1.225
3.4821,9.0,5.363537710255019,1.0151926207270754,5372.0,2.914812805208898,37.52,-120.86,1.271
2.2292,5.0,4.579778830963665,1.1769352290679305,1593.0,2.5165876777251186,37.51,-120.85,1.275
3.5547,25.0,6.172413793103448,1.091954022988506,882.0,3.3793103448275863,37.49,-120.82,1.224
4.4083,17.0,6.551181102362205,0.9960629921259844,736.0,2.8976377952755907,37.51,-120.82,1.658
4.601,34.0,6.320328542094456,0.9794661190965092,1226.0,2.517453798767967,37.51,-120.83,1.5
4.4886,21.0,6.45119305856833,1.0737527114967462,1313.0,2.8481561822125814,37.5,-120.82,1.354
2.7243,8.0,4.580769230769231,0.9307692307692308,688.0,2.646153846153846,37.51,-120.84,1.384
4.1859,6.0,5.745173745173745,0.972972972972973,773.0,2.9845559845559846,37.52,-120.83,1.5
3.7065,16.0,5.487272727272727,1.0751515151515152,2531.0,3.067878787878788,37.52,-120.84,1.248
3.8958,20.0,5.940625,0.978125,1258.0,3.93125,37.51,-120.84,1.268
4.6635,13.0,6.231527093596059,0.9917898193760264,1639.0,2.691297208538588,37.51,-120.83,1.984
1.3348,21.0,4.176848874598071,1.0868167202572347,1494.0,4.803858520900322,39.12,-121.6,2.25
4.2792,11.0,6.409836065573771,1.0510018214936248,1459.0,2.6575591985428053,39.11,-121.62,1.238
3.4698,17.0,7.347014925373134,1.1082089552238803,717.0,2.675373134328358,39.13,-121.68,1.797
4.0625,19.0,6.729064039408867,1.083743842364532,596.0,2.935960591133005,39.11,-121.68,1.417
2.0978,13.0,5.196185286103543,0.9455040871934604,821.0,2.2370572207084467,39.18,-121.63,1.34
5.234,15.0,6.533169533169533,0.972972972972973,1159.0,2.847665847665848,39.15,-121.64,1.249
1.7857,25.0,5.019354838709678,0.8709677419354839,340.0,2.193548387096774,38.81,-121.58,2.583
2.9324,29.0,6.085106382978723,1.1453900709219855,850.0,3.0141843971631204,38.79,-121.51,1.375
3.1908,15.0,5.665768194070081,0.9649595687331536,957.0,2.579514824797844,40.26,-122.2,1.379
4.2917,17.0,5.482014388489208,0.9928057553956836,322.0,2.316546762589928,40.2,-122.23,1.288
1.4821,20.0,6.36,1.8488888888888888,570.0,2.533333333333333,36.57,-118.65,1.433
3.0391,20.0,5.59877800407332,1.1710794297352345,1195.0,2.433808553971487,36.41,-118.86,1.397
4.0703,10.0,6.343575418994414,1.111731843575419,986.0,2.7541899441340782,36.32,-118.94,1.471
2.6648,39.0,5.598705501618123,1.0032362459546926,899.0,2.9093851132686086,36.4,-119.18,1.292
4.3281,17.0,6.105882352941176,1.0294117647058822,998.0,2.9352941176470586,36.39,-119.27,1.457
2.7969,18.0,6.3352272727272725,1.0965909090909092,1742.0,9.897727272727272,36.42,-119.35,1.238
5.3767,20.0,6.359550561797753,0.99438202247191,518.0,2.9101123595505616,36.35,-119.37,2.313
9.0376,20.0,6.844765342960288,0.96028880866426,674.0,2.433212996389892,36.33,-119.32,2.391
4.5938,18.0,6.153664302600473,1.1300236406619386,1158.0,2.7375886524822697,36.33,-119.32,1.505
4.0144,5.0,5.812903225806451,1.0761290322580646,1917.0,2.4735483870967743,36.34,-119.34,1.266
2.9844,11.0,5.700884955752213,1.0920353982300883,1351.0,2.391150442477876,36.33,-119.36,1.32
5.8673,16.0,7.211111111111111,1.0422222222222222,1471.0,3.2688888888888887,36.36,-119.25,1.548
5.3495,20.0,6.057591623036649,0.93717277486911,572.0,2.994764397905759,36.3,-119.29,1.773
5.2561,19.0,6.159645232815964,0.9556541019955654,1092.0,2.4212860310421287,36.32,-119.33,1.213
5.4337,11.0,5.901162790697675,1.0116279069767442,1563.0,3.0290697674418605,36.3,-119.33,1.338
2.2333,23.0,6.054313099041534,1.0862619808306708,749.0,2.3929712460063897,36.28,-119.29,1.201
2.3,25.0,5.828178694158075,0.9587628865979382,909.0,3.1237113402061856,36.25,-119.4,1.328
3.4306,24.0,5.7407407407407405,1.0113960113960114,1031.0,2.937321937321937,36.23,-119.25,1.392
2.4722,24.0,6.24,1.13,641.0,3.205,36.12,-119.29,1.292
2.6447,22.0,7.595588235294118,1.7058823529411764,442.0,3.25,36.23,-118.74,1.375
2.8603,14.0,5.493265993265993,1.095959595959596,1910.0,3.2154882154882154,36.01,-118.73,1.289
2.6696,19.0,5.153846153846154,1.1102564102564103,910.0,2.333333333333333,37.98,-120.4,1.212
2.5417,30.0,5.086021505376344,1.1720430107526882,242.0,2.6021505376344085,38.01,-120.37,1.232
2.4191,3.0,6.274193548387097,1.6451612903225807,422.0,2.2688172043010755,37.99,-120.35,2.175
2.6544,12.0,5.958333333333333,1.2916666666666667,517.0,2.154166666666667,38.06,-120.4,1.281
2.6094,20.0,6.802631578947368,1.355263157894737,647.0,2.837719298245614,38.03,-120.39,1.391
3.6875,15.0,6.426294820717131,1.1912350597609562,655.0,2.609561752988048,38.02,-120.43,1.86
3.8203,11.0,6.113695090439276,1.028423772609819,1046.0,2.702842377260982,38.02,-120.31,1.397
3.6838,13.0,6.329305135951661,1.1812688821752266,860.0,2.598187311178248,38.03,-120.28,1.457
2.517,23.0,5.101604278074866,1.0240641711229947,984.0,2.6310160427807485,37.99,-120.3,1.535
3.5,14.0,6.191082802547771,1.0509554140127388,822.0,2.6178343949044587,38.0,-120.33,1.707
2.5562,22.0,9.39864864864865,1.7184684684684686,1086.0,2.445945945945946,38.04,-120.25,1.362
2.7188,14.0,7.972746331236897,1.4444444444444444,1129.0,2.3668763102725365,38.05,-120.22,1.37
0.4999,43.0,7.846153846153846,1.4615384615384617,44.0,3.3846153846153846,38.07,-120.19,1.625
2.125,26.0,37.06349206349206,7.185185185185185,416.0,2.201058201058201,38.19,-120.03,1.325
3.125,11.0,6.100502512562814,1.1457286432160805,633.0,3.180904522613065,38.01,-120.24,1.486
2.1538,17.0,5.341836734693878,1.0816326530612246,530.0,2.704081632653061,37.9,-120.28,1.533
3.375,13.0,7.25,1.1176470588235294,196.0,2.8823529411764706,37.93,-120.25,1.341
3.5714,4.0,5.9640287769784175,1.0827338129496402,676.0,2.431654676258993,37.98,-120.35,1.495
2.474,17.0,5.729681978798586,1.0936395759717314,1408.0,2.487632508833922,37.97,-120.3,1.201
3.05,17.0,5.3837638376383765,1.095940959409594,753.0,2.77859778597786,37.94,-120.29,1.448
2.3056,25.0,5.74,1.14,118.0,2.36,37.86,-120.35,1.625
2.4615,16.0,5.311475409836065,1.0,135.0,2.2131147540983607,37.86,-120.23,1.375
3.2589,9.0,11.458507963118189,2.0561609388097235,2811.0,2.3562447611064545,37.84,-120.2,1.379
4.0833,18.0,11.53658536585366,2.804878048780488,88.0,2.1463414634146343,37.85,-119.93,1.375
3.4861,17.0,17.3,6.5,51.0,2.55,37.94,-119.57,1.375
2.1094,10.0,5.817767653758542,1.14123006833713,922.0,2.1002277904328017,37.96,-120.39,1.64
2.4,13.0,5.246882793017456,1.0149625935162094,960.0,2.3940149625935163,37.95,-120.35,1.77
3.3438,19.0,6.963768115942029,1.579710144927536,479.0,3.471014492753623,34.7,-119.31,1.563
2.2222,10.0,5.942857142857143,1.5714285714285714,436.0,6.228571428571429,34.62,-119.06,2.625
2.4167,28.0,6.493506493506493,1.3376623376623376,545.0,3.538961038961039,34.42,-118.75,1.917
2.7,45.0,4.639769452449568,1.170028818443804,1148.0,3.30835734870317,34.41,-118.8,1.204
4.6607,33.0,5.996621621621622,1.0439189189189189,1071.0,3.618243243243243,34.36,-118.93,1.879
3.7092,17.0,5.141287284144427,0.9403453689167977,2422.0,3.802197802197802,34.4,-118.93,1.905
3.3152,23.0,4.623655913978495,1.014336917562724,1060.0,3.799283154121864,34.4,-118.92,1.98
3.0893,22.0,4.732049036777584,1.1471103327495622,2664.0,4.665499124343257,34.41,-118.92,1.734
4.2599,35.0,6.154166666666667,1.0263888888888888,2304.0,3.2,34.41,-118.9,2.091
3.2024,30.0,4.882252559726963,1.046075085324232,2065.0,3.5238907849829357,34.4,-118.91,1.761
1.5781,16.0,4.988549618320611,1.0973282442748091,1163.0,2.219465648854962,34.4,-118.9,1.344
3.9464,33.0,5.507518796992481,0.9849624060150376,731.0,2.7481203007518795,34.38,-119.06,2.303
3.6453,32.0,5.278532608695652,1.03125,2504.0,3.402173913043478,34.37,-119.06,2.017
2.8417,22.0,3.8372093023255816,1.069767441860465,2428.0,5.133192389006343,34.36,-119.05,1.625
2.6991,50.0,4.809338521400778,1.0972762645914398,1079.0,4.198443579766537,34.4,-119.05,1.813
2.6786,21.0,5.008264462809917,1.0888429752066116,1379.0,2.8491735537190084,34.31,-119.1,1.84
2.7951,52.0,4.634868421052632,1.180921052631579,981.0,3.226973684210526,34.36,-119.06,1.993
1.8618,52.0,4.157718120805369,1.0738255033557047,934.0,3.134228187919463,34.36,-119.06,1.833
2.0682,34.0,3.844690966719493,1.0237717908082409,2116.0,3.353407290015848,34.35,-119.06,1.583
2.2443,39.0,3.0448717948717947,0.9615384615384616,1366.0,4.378205128205129,34.35,-119.05,1.466
4.0122,20.0,5.437284234752589,1.0138089758342923,2823.0,3.248561565017261,34.35,-119.09,2.148
3.2757,24.0,4.708226221079691,1.06426735218509,2718.0,3.493573264781491,34.35,-119.08,1.86
2.7593,23.0,4.391117478510028,1.0358166189111748,2042.0,2.9255014326647566,34.34,-119.08,1.948
3.5541,14.0,6.0,1.1460506706408349,1825.0,2.7198211624441133,34.33,-119.11,1.918
4.075,28.0,5.815831987075929,1.0347334410339255,3793.0,3.0638126009693054,34.38,-119.12,2.379
2.4185,48.0,4.168571428571428,0.9257142857142856,902.0,2.577142857142857,34.36,-119.06,1.899
2.4777,34.0,5.092503987240829,1.059011164274322,1434.0,2.287081339712919,34.44,-119.23,2.603
3.2026,34.0,5.481393975191967,1.0425280567040756,4514.0,2.666272888363851,34.46,-119.23,2.276
4.1319,22.0,5.949886104783599,1.1252847380410025,1361.0,3.1002277904328017,34.41,-119.31,2.45
2.4375,23.0,4.947368421052632,1.2105263157894737,130.0,2.280701754385965,34.38,-119.31,2.25
2.5441,41.0,5.333333333333333,1.178030303030303,793.0,3.003787878787879,34.37,-119.29,1.612
2.4659,27.0,6.311320754716981,1.2358490566037736,314.0,2.962264150943396,34.39,-119.34,2.313
2.4595,36.0,4.343692870201097,0.9890310786106032,1505.0,2.7513711151736744,34.45,-119.28,1.976
2.6893,26.0,5.355263157894737,1.005639097744361,1383.0,2.599624060150376,34.45,-119.29,2.308
3.2279,34.0,5.191335740072202,1.0565583634175693,2361.0,2.84115523465704,34.44,-119.29,2.431
2.7019,22.0,5.5109375,1.1109375,1483.0,2.3171875,34.44,-119.27,2.347
3.5822,18.0,5.449317738791423,1.0155945419103314,2860.0,2.787524366471735,34.42,-119.3,2.199
4.2656,22.0,6.697074010327023,1.1308089500860583,1727.0,2.972461273666093,34.4,-119.29,2.414
4.69,35.0,5.227504244482173,0.9830220713073003,1807.0,3.067911714770798,34.39,-119.3,1.993
3.2917,28.0,4.512345679012346,0.9567901234567902,285.0,1.7592592592592593,34.29,-119.17,2.25
2.98,21.0,4.900990099009901,0.994059405940594,1269.0,2.512871287128713,34.3,-119.15,2.592
4.8583,28.0,5.983333333333333,0.9703703703703704,1665.0,3.083333333333333,34.28,-119.19,2.242
2.9821,29.0,4.827160493827161,1.037037037037037,1815.0,2.800925925925926,34.34,-119.22,1.757
2.475,16.0,3.466666666666667,1.0666666666666669,51.0,3.4,34.35,-119.32,2.25
3.1618,17.0,5.166979362101313,1.0825515947467168,1349.0,2.530956848030019,34.29,-119.14,1.542
4.0,30.0,3.6875,0.875,400.0,3.571428571428572,34.28,-119.16,2.192
4.763,11.0,5.184824902723736,1.027237354085603,2801.0,2.7247081712062258,34.28,-119.16,2.327
5.9181,24.0,5.7,1.034375,1049.0,3.278125,34.27,-119.16,2.211
6.0661,24.0,6.329787234042553,0.9817629179331308,2194.0,3.3343465045592704,34.27,-119.17,2.348
4.0905,18.0,5.401213755900202,1.0377612946729602,3982.0,2.685097774780849,34.27,-119.17,2.365
3.2158,11.0,4.781059063136456,0.9725050916496945,2065.0,2.1028513238289204,34.27,-119.22,2.236
4.2448,10.0,4.823889739663094,1.196018376722818,1582.0,2.422664624808576,34.26,-119.21,1.573
3.4018,16.0,4.619217081850533,1.112099644128114,1403.0,2.49644128113879,34.26,-119.22,1.452
3.445,8.0,4.784123910939012,1.1355275895450143,3012.0,2.915779283639884,34.27,-119.2,2.034
3.3452,23.0,5.573359073359073,1.0424710424710424,1508.0,2.911196911196911,34.26,-119.21,2.176
4.1845,13.0,4.957166392092257,0.9686985172981878,1439.0,2.370675453047776,34.26,-119.2,1.995
5.1752,16.0,6.04578313253012,1.027710843373494,2524.0,3.040963855421687,34.26,-119.19,2.18
5.5275,22.0,6.429752066115703,0.9889807162534436,1298.0,3.575757575757576,34.26,-119.18,2.289
4.1667,12.0,6.628571428571429,1.0571428571428572,79.0,2.257142857142857,34.25,-119.19,2.146
4.9079,26.0,6.153452685421995,1.051150895140665,1313.0,3.3580562659846547,34.26,-119.21,2.341
5.4087,25.0,5.843501326259947,0.973474801061008,1194.0,3.1671087533156497,34.26,-119.2,2.232
3.8162,18.0,5.2247557003257326,1.0472312703583062,1973.0,3.2133550488599347,34.25,-119.2,2.35
3.8889,25.0,4.534883720930233,1.372093023255814,140.0,3.255813953488372,34.25,-119.2,1.875
3.4006,22.0,4.733466933867735,1.2044088176352703,1127.0,2.258517034068136,34.28,-119.2,2.194
5.0679,30.0,6.18849840255591,0.9424920127795527,695.0,2.220447284345048,34.27,-119.22,2.343
4.2381,22.0,5.777777777777778,1.0049019607843137,1650.0,2.696078431372549,34.27,-119.23,2.293
4.7333,33.0,6.796143250688705,1.0385674931129476,1052.0,2.8980716253443526,34.28,-119.22,2.575
3.5819,36.0,4.826498422712934,1.0757097791798107,703.0,2.217665615141956,34.28,-119.25,2.319
3.0799,41.0,5.21626617375231,1.0425138632162665,1288.0,2.3807763401109057,34.28,-119.26,2.541
4.4038,41.0,5.079365079365079,0.9523809523809524,608.0,2.412698412698413,34.28,-119.24,2.291
3.5385,24.0,4.705483672211953,1.050523721503389,4647.0,2.8632162661737524,34.3,-119.29,1.868
2.6333,41.0,3.724226804123712,1.056701030927835,1052.0,2.711340206185567,34.29,-119.3,1.708
2.3669,50.0,3.994891443167305,1.053639846743295,2535.0,3.2375478927203063,34.29,-119.3,1.653
1.9286,26.0,4.212643678160919,1.071264367816092,2775.0,3.189655172413793,34.29,-119.3,1.605
3.9063,25.0,5.079069767441861,0.8837209302325582,702.0,3.265116279069768,34.31,-119.29,1.927
2.3147,38.0,3.2213225371120107,1.00944669365722,1537.0,2.0742240215924426,34.28,-119.29,1.925
1.6007,17.0,3.6099290780141846,1.1891252955082745,688.0,1.6264775413711583,34.27,-119.3,1.875
4.09,44.0,4.719424460431655,1.0035971223021585,668.0,2.402877697841727,34.27,-119.27,2.038
3.1757,50.0,4.5,1.0842105263157895,915.0,2.4078947368421053,34.28,-119.27,2.063
2.375,52.0,4.289719626168225,1.0467289719626167,276.0,2.5794392523364484,34.27,-119.27,1.984
3.5893,52.0,4.7074626865671645,1.0238805970149254,836.0,2.495522388059701,34.27,-119.27,2.066
3.0089,44.0,4.738255033557047,1.1812080536912752,399.0,2.6778523489932886,34.27,-119.28,1.667
3.5,46.0,4.748251748251748,1.111888111888112,382.0,2.6713286713286712,34.27,-119.25,2.212
3.2792,32.0,4.657894736842105,1.0160183066361557,1900.0,2.1739130434782608,34.27,-119.24,2.205
3.8125,29.0,4.638537271448664,1.130801687763713,1509.0,2.1223628691983123,34.27,-119.23,2.445
2.67,30.0,3.9306666666666663,1.102666666666667,1635.0,2.18,34.26,-119.25,2.149
4.7727,35.0,6.0,0.9644549763033176,1338.0,3.170616113744076,34.27,-119.25,2.19
3.7337,36.0,4.798053527980535,0.929440389294404,1029.0,2.5036496350364965,34.27,-119.26,2.09
3.6413,40.0,4.604735883424408,1.041894353369763,1318.0,2.400728597449909,34.27,-119.26,2.127
4.0069,42.0,4.5,1.0,394.0,1.931372549019608,34.27,-119.26,2.143
3.375,16.0,4.576961271102284,1.211519364448858,2147.0,2.1320754716981134,34.23,-119.18,2.188
3.125,26.0,4.096774193548387,0.9496774193548388,2460.0,3.174193548387097,34.22,-119.19,2.199
4.5,17.0,5.2625169147496615,1.0121786197564275,2415.0,3.2679296346414075,34.23,-119.19,2.343
3.9063,15.0,4.74306269270298,1.0359712230215827,2549.0,2.6197327852004118,34.22,-119.18,1.987
4.1949,29.0,5.30126582278481,1.0329113924050632,2783.0,3.5227848101265824,34.22,-119.17,1.971
3.1103,33.0,3.819852941176471,0.9411764705882352,1432.0,5.264705882352941,34.21,-119.17,1.435
1.9704,35.0,3.504012841091493,1.0208667736757624,3504.0,5.624398073836276,34.2,-119.16,1.603
3.015,36.0,4.088709677419355,1.0544354838709675,2751.0,5.546370967741935,34.2,-119.17,1.493
3.8625,30.0,4.786026200873362,1.0087336244541485,741.0,3.2358078602620086,34.21,-119.18,2.347
4.3897,29.0,6.271739130434782,1.0559006211180124,1677.0,2.604037267080745,34.21,-119.18,2.576
4.2227,28.0,4.899532710280374,0.947429906542056,2556.0,2.985981308411215,34.21,-119.19,2.354
2.9185,27.0,4.408878504672897,1.1378504672897196,1339.0,3.128504672897196,34.21,-119.19,2.245
2.1542,36.0,3.8597014925373134,0.9313432835820896,1128.0,3.3671641791044777,34.2,-119.19,2.539
3.8239,34.0,5.242703533026114,1.064516129032258,2223.0,3.414746543778802,34.21,-119.19,2.082
3.087,46.0,4.3965884861407245,1.0319829424307037,1522.0,3.2452025586353943,34.21,-119.18,2.139
3.3409,18.0,4.646983311938382,1.0937098844672657,3171.0,4.070603337612323,34.2,-119.19,2.205
1.6953,19.0,3.1404199475065617,0.9566929133858268,1938.0,2.543307086614173,34.19,-119.18,1.674
2.6964,21.0,4.660377358490566,1.19811320754717,489.0,4.613207547169812,34.2,-119.18,1.708
4.7443,15.0,5.6251851851851855,1.0251851851851852,2216.0,3.282962962962963,34.19,-119.21,2.295
5.035,15.0,5.647887323943662,0.9949698189134808,2754.0,2.7706237424547284,34.19,-119.21,2.429
4.4292,17.0,4.950965824665676,1.1322436849925706,1797.0,2.670133729569093,34.18,-119.22,2.312
5.0016,19.0,5.531431897555297,1.029685681024447,6370.0,3.70779976717113,34.19,-119.2,2.185
4.2212,27.0,4.662162162162162,1.0315315315315314,782.0,3.5225225225225225,34.18,-119.2,1.854
3.2212,35.0,4.786372007366483,1.0165745856353592,2726.0,5.020257826887661,34.19,-119.19,1.805
4.6186,32.0,5.031390134529148,1.0119581464872944,2857.0,4.270553064275037,34.18,-119.19,1.811
2.8561,36.0,4.259189443920829,1.0188501413760602,4818.0,4.540999057492932,34.19,-119.18,1.791
3.2196,31.0,4.293159609120521,1.0390879478827362,2695.0,4.389250814332248,34.18,-119.18,1.758
2.9118,38.0,4.376358695652174,1.0638586956521738,2792.0,3.793478260869565,34.18,-119.17,1.724
4.2137,34.0,4.917710196779964,0.964221824686941,2330.0,4.168157423971378,34.17,-119.17,1.856
3.5867,32.0,5.087662337662338,0.987012987012987,1482.0,4.811688311688312,34.17,-119.17,1.821
2.6667,42.0,4.162241887905605,0.8849557522123894,1295.0,3.8200589970501473,34.17,-119.17,1.649
4.0074,25.0,5.181818181818182,1.042207792207792,1378.0,4.474025974025974,34.17,-119.17,1.88
3.6597,21.0,5.962121212121212,1.1717171717171715,1146.0,2.893939393939394,34.17,-119.17,1.951
3.2314,31.0,4.622222222222222,1.0716049382716049,1511.0,3.730864197530864,34.17,-119.19,1.868
4.2583,35.0,6.03954802259887,1.0833333333333333,3295.0,4.653954802259887,34.17,-119.19,1.873
3.9331,32.0,4.944099378881988,0.9668737060041408,1746.0,3.6149068322981366,34.17,-119.18,1.876
3.6546,30.0,5.250639386189258,0.9411764705882352,1496.0,3.8260869565217392,34.16,-119.18,1.862
4.4567,27.0,5.626288659793815,0.9381443298969072,1458.0,3.757731958762887,34.17,-119.19,1.911
3.9722,34.0,6.027713625866051,1.0762124711316396,1543.0,3.5635103926097,34.16,-119.19,1.89
4.4187,35.0,5.348336594911937,0.9980430528375732,1814.0,3.5499021526418786,34.16,-119.19,1.834
2.9832,22.0,4.718978102189781,1.0197080291970804,2694.0,1.9664233576642336,34.18,-119.2,1.656
3.9718,13.0,5.035478547854786,1.0882838283828382,2986.0,2.463696369636964,34.18,-119.21,2.152
3.1989,31.0,4.376310272536688,1.0524109014675052,3310.0,3.469601677148847,34.15,-119.19,1.854
1.4773,27.0,3.2086553323029365,1.052550231839258,1904.0,2.9428129829984546,34.15,-119.2,1.608
5.2783,12.0,4.466019417475728,0.9805825242718448,405.0,3.932038834951456,34.16,-119.18,1.674
3.9643,27.0,4.42512077294686,1.002415458937198,1480.0,3.57487922705314,34.16,-119.18,1.86
2.4167,22.0,3.618361153262519,1.0364188163884671,5534.0,4.198786039453718,34.15,-119.18,1.92
4.5828,17.0,5.361788617886178,1.0365853658536586,4066.0,4.132113821138211,34.16,-119.17,2.054
2.6098,18.0,3.706056129985229,1.016248153618907,3129.0,4.621861152141802,34.15,-119.17,1.461
4.0222,16.0,4.767910447761194,0.9925373134328358,6242.0,4.658208955223881,34.19,-119.13,2.068
4.8125,22.0,4.811940298507463,0.9970149253731344,1431.0,4.271641791044776,34.17,-119.15,1.944
2.0368,37.0,5.662650602409639,1.2650602409638554,522.0,6.289156626506024,34.17,-119.11,2.438
1.6964,28.0,3.3043478260869565,1.162471395881007,2145.0,4.908466819221968,34.19,-119.17,1.75
4.43,25.0,5.344660194174757,0.9466019417475728,1415.0,3.434466019417476,34.15,-119.14,2.077
3.9485,23.0,5.2182410423452765,1.0488599348534202,2295.0,3.737785016286645,34.15,-119.16,1.966
4.1279,17.0,5.001253132832081,1.0043859649122806,6437.0,4.033208020050125,34.17,-119.16,2.239
1.6038,23.0,4.505030181086519,1.080482897384306,784.0,1.5774647887323945,34.17,-119.15,1.943
3.0972,25.0,3.853467561521253,1.0044742729306488,5558.0,6.217002237136465,34.2,-119.15,1.693
3.65,15.0,4.679577464788732,0.9929577464788732,1001.0,3.5246478873239435,34.25,-119.17,1.893
4.0878,36.0,5.051798561151079,0.9553956834532374,2965.0,4.266187050359712,34.25,-119.15,1.868
2.7556,26.0,4.701208981001727,1.116580310880829,3700.0,3.1951640759930915,34.23,-119.16,2.132
2.4643,35.0,3.892514395393474,1.0633397312859885,2252.0,4.322456813819578,34.23,-119.12,1.82
3.5625,31.0,4.386904761904762,0.8690476190476191,1436.0,8.547619047619047,34.25,-119.12,1.941
3.7974,40.0,6.016064257028113,1.1726907630522088,707.0,2.8393574297188757,34.26,-119.02,2.287
4.693,11.0,5.873096446700508,1.0507614213197969,2760.0,2.802030456852792,34.23,-119.01,2.322
3.9699,14.0,5.375397667020149,1.0335807705903146,6301.0,2.2272887946270767,34.23,-118.96,2.17
5.687,25.0,6.71875,1.0018382352941178,1776.0,3.264705882352941,34.24,-119.03,2.381
5.8838,24.0,6.623931623931624,1.0655270655270654,2374.0,3.381766381766382,34.24,-119.02,2.326
5.2773,21.0,6.303262955854127,0.9347408829174664,1832.0,3.5163147792706333,34.23,-119.03,2.508
4.7831,24.0,5.303875968992248,1.0170542635658917,2220.0,3.441860465116279,34.22,-119.03,2.142
5.0145,21.0,6.3108108108108105,1.0386100386100383,4199.0,2.702059202059202,34.23,-119.04,2.466
5.2742,23.0,6.254054054054054,0.918918918918919,2002.0,3.6072072072072072,34.23,-119.06,2.575
3.0219,29.0,5.890939597315437,1.0604026845637584,2591.0,4.347315436241611,34.23,-119.06,2.217
4.6458,18.0,5.719266055045871,1.0697247706422015,2079.0,3.8146788990825686,34.22,-119.04,2.228
3.1446,13.0,3.284815106215578,1.03933910306845,2257.0,1.7757671125098349,34.22,-119.06,1.771
4.2917,5.0,4.890982503364738,0.9663526244952894,1317.0,1.7725437415881562,34.19,-119.0,2.279
7.3004,32.0,5.724137931034483,0.7586206896551724,63.0,2.1724137931034484,34.17,-119.08,1.25
3.0119,27.0,4.973744292237443,1.0570776255707763,2110.0,2.4086757990867578,34.21,-119.05,2.182
1.9811,16.0,6.10472972972973,1.1689189189189189,587.0,1.983108108108108,34.19,-118.96,1.625
6.1306,16.0,7.194954128440367,1.0596330275229358,1384.0,3.1743119266055047,34.18,-118.96,2.582
5.7676,16.0,6.397932816537468,1.0387596899224807,1251.0,3.232558139534884,34.16,-118.98,2.413
6.0994,25.0,6.128767123287672,0.9068493150684932,1121.0,3.0712328767123287,34.18,-118.95,2.549
5.5681,15.0,6.359848484848484,1.0265151515151516,928.0,3.515151515151515,34.17,-118.94,2.356
5.2955,23.0,6.831168831168832,1.0493506493506493,1184.0,3.0753246753246755,34.17,-118.95,2.476
6.3522,17.0,7.430340557275541,1.089783281733746,1067.0,3.303405572755418,34.18,-118.92,2.593
2.8958,17.0,4.392905866302865,0.9768076398362892,1381.0,1.884038199181446,34.18,-118.91,1.76
4.2857,16.0,5.273010920436818,1.140405616224649,1227.0,1.9141965678627144,34.15,-118.83,2.332
4.675,24.0,6.412735849056604,1.0235849056603774,1318.0,3.108490566037736,34.19,-118.95,2.288
5.9224,24.0,6.349397590361446,1.0068846815834769,1898.0,3.2667814113597244,34.18,-118.94,2.394
5.5181,25.0,6.893700787401575,1.0,1713.0,3.372047244094488,34.18,-118.94,2.421
3.0691,16.0,3.933911159263272,1.0552546045503792,2585.0,2.800650054171181,34.19,-118.92,1.304
5.5402,20.0,6.56175972927242,1.125211505922166,1651.0,2.793570219966159,34.22,-118.89,2.646
5.0855,26.0,6.685121107266436,0.9688581314878892,886.0,3.065743944636678,34.22,-118.86,2.322
5.5845,26.0,5.495356037151703,0.913312693498452,1004.0,3.108359133126935,34.22,-118.86,2.517
6.2708,22.0,6.307692307692308,1.0256410256410255,673.0,3.4512820512820515,34.22,-118.86,2.514
4.9234,25.0,5.824561403508772,0.9166666666666666,691.0,3.030701754385965,34.21,-118.85,2.414
3.4773,29.0,5.473815461346633,1.032418952618454,1360.0,3.391521197007481,34.21,-118.85,2.067
4.1576,26.0,5.175925925925926,1.0169753086419753,2020.0,3.117283950617284,34.21,-118.86,2.118
6.2935,26.0,7.49831081081081,1.0405405405405406,1881.0,3.177364864864865,34.21,-118.87,2.58
4.125,32.0,6.151282051282052,0.9846153846153848,1199.0,3.0743589743589745,34.2,-118.86,2.646
6.1949,26.0,6.844978165938865,1.0480349344978166,1474.0,3.218340611353712,34.19,-118.86,2.435
5.5224,23.0,5.3669950738916254,1.041871921182266,1338.0,3.2955665024630543,34.19,-118.87,2.407
3.3703,16.0,4.396854204476709,1.0459770114942528,3232.0,1.955232909860859,34.19,-118.88,2.287
3.4676,21.0,4.327981651376147,1.0466360856269112,3188.0,2.437308868501529,34.18,-118.87,2.128
3.5504,11.0,4.302564102564102,1.065934065934066,3089.0,2.263003663003663,34.18,-118.85,1.738
3.2176,16.0,4.22671568627451,1.0049019607843137,1877.0,2.300245098039216,34.17,-118.84,1.875
5.2361,16.0,5.123583934088568,0.9773429454170958,2537.0,2.612770339855819,34.21,-118.84,2.247
5.4243,25.0,6.390845070422535,0.98943661971831,960.0,3.380281690140845,34.25,-118.74,2.147
5.4091,22.0,6.819182389937107,1.0581761006289307,2347.0,3.690251572327044,34.26,-118.74,2.224
4.504,28.0,6.362433862433862,1.2222222222222223,1011.0,2.6746031746031744,34.24,-118.7,2.043
5.4024,47.0,4.906716417910448,1.082089552238806,581.0,2.167910447761194,34.25,-118.64,2.53
4.6985,12.0,5.702054794520548,1.0273972602739727,1577.0,2.7003424657534247,34.27,-118.8,2.641
6.0487,24.0,7.207079646017699,1.0300884955752212,1834.0,3.246017699115044,34.26,-118.78,2.545
5.5925,13.0,5.757981462409886,1.043254376930999,3188.0,3.283213182286303,34.3,-118.9,2.086
5.4493,6.0,5.772687986171133,1.0060501296456352,3196.0,2.762316335350043,34.33,-118.83,2.426
3.4375,28.0,4.858490566037736,1.1666666666666667,1334.0,4.19496855345912,34.29,-118.89,1.941
5.8133,30.0,5.362573099415204,0.9181286549707602,678.0,3.9649122807017534,34.28,-118.89,1.957
4.0474,22.0,4.745070422535211,1.0859154929577466,2751.0,3.874647887323944,34.28,-118.88,1.821
4.1607,20.0,5.29971181556196,0.9855907780979828,1882.0,2.711815561959654,34.28,-118.81,1.968
3.6761,20.0,4.474714518760195,1.1174551386623164,1798.0,2.933115823817292,34.27,-118.78,1.709
4.5833,27.0,5.817258883248731,0.9593908629441624,595.0,3.020304568527919,34.27,-118.79,1.985
2.7137,7.0,4.700305810397554,1.2140672782874615,1816.0,2.776758409785933,34.27,-118.77,1.964
4.7574,10.0,4.978978978978979,0.9309309309309308,1053.0,3.1621621621621623,34.27,-118.77,2.099
4.5458,6.0,5.154015401540154,1.0616061606160616,2180.0,2.398239823982398,34.28,-118.77,2.082
5.1074,27.0,5.283582089552239,0.9365671641791044,1024.0,3.82089552238806,34.28,-118.77,1.852
5.3681,26.0,6.048421052631579,1.0105263157894735,1915.0,4.031578947368421,34.28,-118.77,1.877
6.6073,17.0,6.771498771498772,0.9398034398034398,2734.0,3.3587223587223587,34.29,-118.75,2.581
6.2059,22.0,7.813008130081301,1.0914634146341464,1665.0,3.3841463414634148,34.28,-118.75,2.399
5.8096,20.0,8.16588785046729,1.0490654205607477,1629.0,3.80607476635514,34.27,-118.75,2.644
4.6908,27.0,5.606177606177607,0.9691119691119692,928.0,3.583011583011583,34.28,-118.75,1.866
5.1698,26.0,5.057591623036649,1.0,690.0,3.612565445026178,34.27,-118.75,1.88
5.5983,24.0,7.266816143497758,1.0336322869955157,1567.0,3.513452914798206,34.27,-118.75,2.333
6.1253,25.0,6.66205533596838,0.9920948616600792,1717.0,3.393280632411068,34.27,-118.75,2.25
3.163,26.0,4.267241379310345,0.961206896551724,719.0,3.0991379310344827,34.27,-118.71,1.794
4.556,23.0,6.115591397849462,1.0241935483870968,2301.0,3.092741935483871,34.27,-118.73,2.053
4.18,23.0,4.936633663366337,1.0336633663366337,1488.0,2.9465346534653465,34.27,-118.74,2.15
5.6385,26.0,6.491452991452992,1.0,1825.0,3.8995726495726495,34.26,-118.77,1.969
4.5673,26.0,6.294964028776978,1.0215827338129495,962.0,3.460431654676259,34.26,-118.76,1.904
5.4038,26.0,6.028125,0.915625,1067.0,3.334375,34.26,-118.76,2.221
5.4787,26.0,7.068,1.06,1040.0,4.16,34.26,-118.75,1.981
5.4604,24.0,5.83289817232376,0.9738903394255874,1325.0,3.4595300261096606,34.26,-118.75,1.934
4.8717,27.0,7.032454361054767,1.105476673427992,1798.0,3.647058823529412,34.26,-118.74,2.041
5.9024,21.0,6.397476340694007,1.004731861198738,1974.0,3.1135646687697163,34.28,-118.74,2.21
5.653,25.0,7.043388429752066,1.0185950413223142,1699.0,3.510330578512397,34.27,-118.73,2.258
4.6528,27.0,5.018965517241379,0.9689655172413794,1773.0,3.056896551724138,34.28,-118.71,1.866
4.7083,25.0,5.414578587699316,1.1184510250569475,1200.0,2.733485193621868,34.28,-118.7,1.961
3.7188,27.0,5.048611111111111,0.9444444444444444,467.0,3.243055555555556,34.28,-118.7,2.5
5.4459,17.0,5.88470066518847,1.0598669623059866,1392.0,3.0864745011086474,34.28,-118.72,2.239
5.5955,18.0,5.881266490765172,0.978891820580475,1283.0,3.3852242744063323,34.28,-118.72,2.177
5.7376,17.0,6.163636363636364,1.02020202020202,1705.0,3.4444444444444446,34.28,-118.72,2.186
5.6949,21.0,6.402208201892744,0.943217665615142,2133.0,3.364353312302839,34.28,-118.67,2.353
5.0962,17.0,6.063551401869159,1.029906542056075,3199.0,2.9897196261682244,34.28,-118.68,2.38
4.7034,5.0,4.85781990521327,0.999210110584518,3188.0,2.5181674565560823,34.28,-118.68,2.23
4.0568,16.0,5.281321184510251,1.071753986332574,2476.0,2.8200455580865604,34.27,-118.68,2.252
5.477,26.0,6.450413223140496,0.8760330578512396,817.0,3.37603305785124,34.27,-118.68,2.091
3.5313,15.0,5.306425041186161,1.085667215815486,1390.0,2.28995057660626,34.27,-118.67,1.918
4.9946,10.0,5.6863636363636365,1.0272727272727271,1859.0,2.816666666666667,34.27,-118.67,2.046
6.0783,23.0,5.633986928104576,0.8660130718954249,934.0,3.052287581699346,34.27,-118.65,2.292
5.2067,21.0,5.695652173913044,1.020703933747412,1432.0,2.9648033126294,34.29,-118.71,2.212
4.4964,27.0,6.096551724137931,1.1137931034482758,1837.0,3.1672413793103447,34.28,-118.7,2.383
6.1383,23.0,7.203562340966921,1.0330788804071247,1284.0,3.267175572519084,34.3,-118.7,2.441
6.1834,25.0,6.2611940298507465,0.9402985074626866,862.0,3.216417910447761,34.29,-118.7,2.298
6.3199,23.0,6.909407665505227,0.975609756097561,978.0,3.407665505226481,34.3,-118.71,2.367
6.1825,27.0,6.756637168141593,0.9734513274336284,756.0,3.345132743362832,34.3,-118.7,2.27
6.0368,22.0,6.611336032388664,1.0708502024291495,1595.0,3.2287449392712557,34.29,-118.72,2.48
2.625,34.0,5.597402597402597,1.103896103896104,391.0,5.077922077922078,38.67,-121.63,2.25
3.9,22.0,5.707838479809976,1.0237529691211402,1088.0,2.584323040380048,38.51,-121.55,1.469
3.0,43.0,5.916334661354582,1.0756972111553784,653.0,2.601593625498008,38.44,-121.56,1.417
4.037,37.0,5.093283582089552,1.0298507462686568,952.0,3.5522388059701493,38.38,-121.61,1.569
4.7168,11.0,5.683684794672586,0.9977802441731408,2258.0,2.5061043285238624,38.55,-121.8,2.232
2.9605,12.0,4.915341440598691,1.0224508886810102,5633.0,2.6347053320860616,38.55,-121.78,2.043
3.1371,11.0,5.070222822417286,1.0155300472653612,7984.0,2.695476029709656,38.57,-121.76,2.018
2.8922,16.0,4.068610634648371,1.0085763293310464,1400.0,2.4013722126929675,38.6,-121.7,1.536
1.7257,18.0,3.4615384615384617,1.006118881118881,2248.0,1.965034965034965,38.56,-121.74,1.791
1.6435,34.0,4.289179104477612,1.080223880597015,1300.0,2.425373134328358,38.55,-121.74,1.485
2.7917,34.0,4.4366925064599485,1.0155038759689925,1224.0,3.1627906976744184,38.55,-121.73,1.308
1.0633,18.0,3.0725552050473186,1.0,521.0,1.6435331230283912,38.54,-121.73,1.375
2.8614,30.0,5.101851851851852,0.970679012345679,1623.0,2.5046296296296298,38.56,-121.73,1.452
4.2198,20.0,5.884720327421555,1.034106412005457,4071.0,2.776944065484311,38.56,-121.71,1.641
3.1908,16.0,4.386792452830188,0.981132075471698,1386.0,2.179245283018868,38.54,-121.72,1.943
4.6225,13.0,6.115695067264574,1.0385650224215246,2828.0,2.536322869955157,38.54,-121.7,2.265
4.7308,33.0,6.575596816976128,1.013262599469496,979.0,2.5968169761273208,38.55,-121.75,2.362
1.7311,33.0,3.882852292020373,1.0299943406904355,3717.0,2.103565365025467,38.55,-121.74,1.826
2.065,23.0,4.80349344978166,1.013646288209607,6330.0,3.455240174672489,38.55,-121.76,2.194
3.7452,26.0,5.11395101171459,1.0117145899893505,2199.0,2.34185303514377,38.55,-121.75,2.277
3.4559,47.0,6.148550724637682,1.1521739130434785,775.0,2.807971014492753,38.69,-121.77,1.231
3.7477,8.0,5.227138643067847,1.019174041297935,2118.0,3.1238938053097347,38.69,-121.8,1.222
3.4331,11.0,5.1552878179384205,1.1941097724230254,1847.0,2.4725568942436413,38.68,-121.8,1.206
3.1875,11.0,5.286178861788618,1.0130081300813008,1700.0,2.7642276422764227,38.67,-121.8,1.72
1.951,17.0,3.83845126835781,1.081441922563418,1876.0,2.504672897196261,38.67,-121.79,1.525
4.5526,10.0,5.518518518518518,1.0052910052910051,1073.0,2.8386243386243386,38.67,-121.8,1.544
4.7222,30.0,6.424691358024691,0.9901234567901236,981.0,2.422222222222222,38.67,-121.79,1.672
4.0556,38.0,6.408695652173913,1.0391304347826087,1123.0,2.4413043478260867,38.67,-121.78,1.469
3.125,9.0,5.148006785411366,1.1195928753180662,6837.0,2.899491094147583,38.67,-121.75,1.325
2.8882,32.0,4.6103896103896105,1.0064935064935066,550.0,3.571428571428572,38.72,-121.71,1.514
2.4167,22.0,5.93886462882096,1.2314410480349345,808.0,3.5283842794759823,38.65,-121.7,2.25
4.3487,29.0,5.930711610486892,1.0262172284644195,1554.0,2.9101123595505616,38.65,-121.84,2.007
5.3064,15.0,6.423584905660378,0.9924528301886792,3060.0,2.8867924528301887,38.66,-121.79,1.65
4.8226,18.0,6.589703588143526,0.9859594383775352,1907.0,2.9750390015600625,38.66,-121.78,1.399
4.1997,17.0,5.732758620689655,1.0603448275862069,2866.0,3.0883620689655173,38.66,-121.76,1.334
3.2222,6.0,4.821428571428571,1.0324675324675323,894.0,2.9025974025974026,38.54,-121.96,1.396
3.4186,6.0,5.66256157635468,1.0270935960591132,2561.0,3.153940886699508,38.53,-121.99,1.273
2.7989,27.0,5.9221789883268485,1.0992217898832686,1583.0,3.0797665369649807,38.52,-121.98,1.267
5.679,20.0,6.401273885350318,1.070063694267516,457.0,2.910828025477707,38.56,-122.05,2.25
1.9327,10.0,5.789473684210527,1.0789473684210529,898.0,3.93859649122807,38.57,-121.92,1.938
3.75,38.0,5.275229357798165,0.981651376146789,259.0,2.376146788990826,38.72,-121.9,1.875
3.1534,20.0,5.444976076555024,1.0574162679425838,459.0,2.196172248803828,38.83,-122.21,1.234
3.875,31.0,4.416666666666667,0.8809523809523809,208.0,2.4761904761904763,38.73,-122.0,1.375
3.0,5.0,6.067796610169491,1.1016949152542372,169.0,2.864406779661017,39.13,-121.32,1.625
